


,3P%_Def
Rank,Name,Val,Normalized,Weight,Enabled
1,Virginia,1.0,0.272,0.5,true
2,Houston,0.9726027397260274,0.276,0.5,true
3,Virginia Commonwealth,0.9726027397260274,0.276,0.5,true
4,Murray State,0.9315068493150688,0.282,0.5,true
5,Central Michigan,0.8835616438356166,0.289,0.5,true
6,Michigan,0.8835616438356166,0.289,0.5,true
7,American,0.8630136986301372,0.292,0.5,true
8,Akron,0.856164383561644,0.293,0.5,true
9,Duke,0.856164383561644,0.293,0.5,true
10,Northwestern,0.856164383561644,0.293,0.5,true
11,Oregon,0.8493150684931509,0.294,0.5,true
12,Grambling,0.8424657534246578,0.295,0.5,true
13,Brown,0.8287671232876714,0.297,0.5,true
14,Georgia Tech,0.8287671232876714,0.297,0.5,true
15,Texas-Arlington,0.8219178082191783,0.298,0.5,true
16,Stony Brook,0.8013698630136987,0.301,0.5,true
17,Bethune-Cookman,0.7945205479452057,0.302,0.5,true
18,Buffalo,0.7945205479452057,0.302,0.5,true
19,Florida A&M,0.7945205479452057,0.302,0.5,true
20,Texas Tech,0.7945205479452057,0.302,0.5,true
21,Drake,0.7808219178082193,0.304,0.5,true
22,North Carolina State,0.7808219178082193,0.304,0.5,true
23,Texas Christian,0.7739726027397261,0.305,0.5,true
24,Fresno State,0.7671232876712331,0.306,0.5,true
25,UC-Santa Barbara,0.7602739726027399,0.307,0.5,true
26,Texas State,0.7534246575342467,0.308,0.5,true
27,Gonzaga,0.7465753424657535,0.309,0.5,true
28,Massachusetts-Lowell,0.7328767123287672,0.311,0.5,true
29,Nicholls State,0.7328767123287672,0.311,0.5,true
30,Alcorn State,0.726027397260274,0.312,0.5,true
31,Kansas State,0.726027397260274,0.312,0.5,true
32,Wisconsin,0.726027397260274,0.312,0.5,true
33,Yale,0.726027397260274,0.312,0.5,true
34,Central Florida,0.7191780821917808,0.313,0.5,true
35,North Carolina Central,0.7191780821917808,0.313,0.5,true
36,North Texas,0.7191780821917808,0.313,0.5,true
37,Northern Kentucky,0.7191780821917808,0.313,0.5,true
38,Prairie View,0.7191780821917808,0.313,0.5,true
39,Saint Louis,0.7191780821917808,0.313,0.5,true
40,Weber State,0.7123287671232877,0.314,0.5,true
41,Santa Clara,0.6986301369863014,0.316,0.5,true
42,Cal State Fullerton,0.6917808219178083,0.317,0.5,true
43,Furman,0.6917808219178083,0.317,0.5,true
44,Lipscomb,0.6917808219178083,0.317,0.5,true
45,Louisville,0.6917808219178083,0.317,0.5,true
46,Loyola Marymount,0.6917808219178083,0.317,0.5,true
47,Michigan State,0.6917808219178083,0.317,0.5,true
48,St. Francis (NY),0.6917808219178083,0.317,0.5,true
49,Toledo,0.6917808219178083,0.317,0.5,true
50,Ball State,0.6849315068493151,0.318,0.5,true
51,Colorado,0.6849315068493151,0.318,0.5,true
52,Saint Mary's (CA),0.6849315068493151,0.318,0.5,true
53,Dayton,0.678082191780822,0.319,0.5,true
54,Florida Atlantic,0.678082191780822,0.319,0.5,true
55,Marquette,0.678082191780822,0.319,0.5,true
56,Maryland,0.678082191780822,0.319,0.5,true
57,Missouri,0.678082191780822,0.319,0.5,true
58,Boston College,0.6712328767123288,0.32,0.5,true
59,Cornell,0.6712328767123288,0.32,0.5,true
60,Florida,0.6712328767123288,0.32,0.5,true
61,George Mason,0.6712328767123288,0.32,0.5,true
62,Liberty,0.6712328767123288,0.32,0.5,true
63,Memphis,0.6712328767123288,0.32,0.5,true
64,New Orleans,0.6712328767123288,0.32,0.5,true
65,North Carolina A&T,0.6712328767123288,0.32,0.5,true
66,San Francisco,0.6712328767123288,0.32,0.5,true
67,Southeast Missouri State,0.6712328767123288,0.32,0.5,true
68,South Florida,0.6643835616438356,0.321,0.5,true
69,Wofford,0.6575342465753424,0.322,0.5,true
70,Coastal Carolina,0.6506849315068493,0.323,0.5,true
71,Rhode Island,0.6506849315068493,0.323,0.5,true
72,St. Bonaventure,0.6506849315068493,0.323,0.5,true
73,Syracuse,0.6506849315068493,0.323,0.5,true
74,Davidson,0.6438356164383561,0.324,0.5,true
75,Princeton,0.6438356164383561,0.324,0.5,true
76,San Diego State,0.6438356164383561,0.324,0.5,true
77,Texas-San Antonio,0.6438356164383561,0.324,0.5,true
78,Cleveland State,0.636986301369863,0.325,0.5,true
79,Old Dominion,0.636986301369863,0.325,0.5,true
80,Florida State,0.6301369863013698,0.326,0.5,true
81,Iowa,0.6301369863013698,0.326,0.5,true
82,Fordham,0.6232876712328766,0.327,0.5,true
83,Gardner-Webb,0.6232876712328766,0.327,0.5,true
84,Nebraska,0.6232876712328766,0.327,0.5,true
85,Temple,0.6232876712328766,0.327,0.5,true
86,Bradley,0.6164383561643836,0.328,0.5,true
87,Long Beach State,0.6164383561643836,0.328,0.5,true
88,Norfolk State,0.6164383561643836,0.328,0.5,true
89,Tulsa,0.6164383561643836,0.328,0.5,true
90,Arizona,0.6095890410958904,0.329,0.5,true
91,Dartmouth,0.6095890410958904,0.329,0.5,true
92,East Carolina,0.6095890410958904,0.329,0.5,true
93,High Point,0.6095890410958904,0.329,0.5,true
94,Indiana,0.6095890410958904,0.329,0.5,true
95,North Carolina,0.6095890410958904,0.329,0.5,true
96,Southern Mississippi,0.6095890410958904,0.329,0.5,true
97,Texas-Rio Grande Valley,0.6095890410958904,0.329,0.5,true
98,Georgia Southern,0.6027397260273972,0.33,0.5,true
99,Georgia State,0.6027397260273972,0.33,0.5,true
100,Illinois,0.6027397260273972,0.33,0.5,true
101,Long Island University,0.6027397260273972,0.33,0.5,true
102,NJIT,0.6027397260273972,0.33,0.5,true
103,Ohio State,0.6027397260273972,0.33,0.5,true
104,Southeastern Louisiana,0.6027397260273972,0.33,0.5,true
105,Alabama,0.595890410958904,0.331,0.5,true
106,Maryland-Baltimore County,0.595890410958904,0.331,0.5,true
107,New Mexico State,0.595890410958904,0.331,0.5,true
108,Notre Dame,0.595890410958904,0.331,0.5,true
109,Texas A&M,0.595890410958904,0.331,0.5,true
110,Washington,0.595890410958904,0.331,0.5,true
111,Abilene Christian,0.5890410958904109,0.332,0.5,true
112,Austin Peay,0.5890410958904109,0.332,0.5,true
113,UC-Irvine,0.5890410958904109,0.332,0.5,true
114,College of Charleston,0.5890410958904109,0.332,0.5,true
115,Georgia,0.5890410958904109,0.332,0.5,true
116,Louisiana Tech,0.5890410958904109,0.332,0.5,true
117,San Diego,0.5890410958904109,0.332,0.5,true
118,Valparaiso,0.5890410958904109,0.332,0.5,true
119,Virginia Tech,0.5890410958904109,0.332,0.5,true
120,Bucknell,0.5821917808219177,0.333,0.5,true
121,Idaho,0.5821917808219177,0.333,0.5,true
122,Miami (OH),0.5821917808219177,0.333,0.5,true
123,New Hampshire,0.5821917808219177,0.333,0.5,true
124,Oklahoma,0.5821917808219177,0.333,0.5,true
125,Robert Morris,0.5821917808219177,0.333,0.5,true
126,Hampton,0.5753424657534245,0.334,0.5,true
127,Nevada,0.5753424657534245,0.334,0.5,true
128,Seattle,0.5753424657534245,0.334,0.5,true
129,Southern California,0.5753424657534245,0.334,0.5,true
130,Connecticut,0.5684931506849313,0.335,0.5,true
131,Pennsylvania,0.5684931506849313,0.335,0.5,true
132,Villanova,0.5684931506849313,0.335,0.5,true
133,Western Carolina,0.5684931506849313,0.335,0.5,true
134,Arizona State,0.5616438356164382,0.336,0.5,true
135,Colgate,0.5616438356164382,0.336,0.5,true
136,Kansas,0.5616438356164382,0.336,0.5,true
137,Kent State,0.5616438356164382,0.336,0.5,true
138,Longwood,0.5616438356164382,0.336,0.5,true
139,Northeastern,0.5616438356164382,0.336,0.5,true
140,Seton Hall,0.5616438356164382,0.336,0.5,true
141,Tulane,0.5616438356164382,0.336,0.5,true
142,Winthrop,0.5616438356164382,0.336,0.5,true
143,Alabama-Birmingham,0.5547945205479451,0.337,0.5,true
144,Northern Iowa,0.5547945205479451,0.337,0.5,true
145,Pittsburgh,0.5547945205479451,0.337,0.5,true
146,Providence,0.5547945205479451,0.337,0.5,true
147,Tennessee Tech,0.5547945205479451,0.337,0.5,true
148,Tennessee,0.5547945205479451,0.337,0.5,true
149,Duquesne,0.5479452054794519,0.338,0.5,true
150,Florida International,0.5479452054794519,0.338,0.5,true
151,Hartford,0.5479452054794519,0.338,0.5,true
152,Iowa State,0.5479452054794519,0.338,0.5,true
153,Jacksonville State,0.5479452054794519,0.338,0.5,true
154,Lehigh,0.5479452054794519,0.338,0.5,true
155,Milwaukee,0.5479452054794519,0.338,0.5,true
156,Navy,0.5479452054794519,0.338,0.5,true
157,Wichita State,0.5479452054794519,0.338,0.5,true
158,Illinois State,0.5410958904109587,0.339,0.5,true
159,Minnesota,0.5410958904109587,0.339,0.5,true
160,Radford,0.5410958904109587,0.339,0.5,true
161,Sam Houston State,0.5410958904109587,0.339,0.5,true
162,Boise State,0.5342465753424657,0.34,0.5,true
163,Hawaii,0.5342465753424657,0.34,0.5,true
164,North Florida,0.5342465753424657,0.34,0.5,true
165,South Carolina,0.5342465753424657,0.34,0.5,true
166,Alabama State,0.5273972602739725,0.341,0.5,true
167,Arkansas,0.5273972602739725,0.341,0.5,true
168,Baylor,0.5273972602739725,0.341,0.5,true
169,UC-Davis,0.5273972602739725,0.341,0.5,true
170,Eastern Michigan,0.5273972602739725,0.341,0.5,true
171,Illinois-Chicago,0.5273972602739725,0.341,0.5,true
172,Indiana State,0.5273972602739725,0.341,0.5,true
173,Lamar,0.5273972602739725,0.341,0.5,true
174,Louisiana State,0.5273972602739725,0.341,0.5,true
175,Montana,0.5273972602739725,0.341,0.5,true
176,North Dakota,0.5273972602739725,0.341,0.5,true
177,Quinnipiac,0.5273972602739725,0.341,0.5,true
178,St. John's (NY),0.5273972602739725,0.341,0.5,true
179,Wake Forest,0.5273972602739725,0.341,0.5,true
180,Bowling Green State,0.5205479452054793,0.342,0.5,true
181,Delaware State,0.5205479452054793,0.342,0.5,true
182,Fairleigh Dickinson,0.5205479452054793,0.342,0.5,true
183,La Salle,0.5205479452054793,0.342,0.5,true
184,South Carolina Upstate,0.5205479452054793,0.342,0.5,true
185,South Dakota State,0.5205479452054793,0.342,0.5,true
186,Youngstown State,0.5205479452054793,0.342,0.5,true
187,Belmont,0.5136986301369861,0.343,0.5,true
188,Boston University,0.5136986301369861,0.343,0.5,true
189,California Baptist,0.5136986301369861,0.343,0.5,true
190,Georgetown,0.5136986301369861,0.343,0.5,true
191,Middle Tennessee,0.5136986301369861,0.343,0.5,true
192,Eastern Kentucky,0.5068493150684934,0.344,0.5,true
193,Pepperdine,0.5068493150684934,0.344,0.5,true
194,Purdue,0.5068493150684934,0.344,0.5,true
195,Richmond,0.5068493150684934,0.344,0.5,true
196,Detroit Mercy,0.5000000000000002,0.345,0.5,true
197,Rice,0.5000000000000002,0.345,0.5,true
198,Stanford,0.5000000000000002,0.345,0.5,true
199,Western Kentucky,0.5000000000000002,0.345,0.5,true
200,Wyoming,0.5000000000000002,0.345,0.5,true
201,Texas A&M-Corpus Christi,0.49315068493150704,0.346,0.5,true
202,Central Arkansas,0.48630136986301387,0.347,0.5,true
203,Evansville,0.48630136986301387,0.347,0.5,true
204,Harvard,0.48630136986301387,0.347,0.5,true
205,Howard,0.48630136986301387,0.347,0.5,true
206,Mercer,0.48630136986301387,0.347,0.5,true
207,North Alabama,0.48630136986301387,0.347,0.5,true
208,North Carolina-Greensboro,0.48630136986301387,0.347,0.5,true
209,Portland State,0.48630136986301387,0.347,0.5,true
210,UCLA,0.48630136986301387,0.347,0.5,true
211,Utah State,0.48630136986301387,0.347,0.5,true
212,Clemson,0.4794520547945207,0.348,0.5,true
213,Green Bay,0.4794520547945207,0.348,0.5,true
214,Vermont,0.4794520547945207,0.348,0.5,true
215,Wagner,0.4794520547945207,0.348,0.5,true
216,Hofstra,0.4726027397260275,0.349,0.5,true
217,Miami (FL),0.4726027397260275,0.349,0.5,true
218,Oakland,0.4726027397260275,0.349,0.5,true
219,Vanderbilt,0.4726027397260275,0.349,0.5,true
220,Arkansas State,0.46575342465753444,0.35,0.5,true
221,Campbell,0.46575342465753444,0.35,0.5,true
222,Grand Canyon,0.46575342465753444,0.35,0.5,true
223,James Madison,0.46575342465753444,0.35,0.5,true
224,Kentucky,0.46575342465753444,0.35,0.5,true
225,Cincinnati,0.45890410958904126,0.351,0.5,true
226,Jackson State,0.45890410958904126,0.351,0.5,true
227,Massachusetts,0.45890410958904126,0.351,0.5,true
228,Saint Francis (PA),0.45890410958904126,0.351,0.5,true
229,Southern Illinois,0.45890410958904126,0.351,0.5,true
230,Southern Methodist,0.45890410958904126,0.351,0.5,true
231,Army,0.4520547945205481,0.352,0.5,true
232,Mount St. Mary's,0.4520547945205481,0.352,0.5,true
233,Alabama A&M,0.4452054794520549,0.353,0.5,true
234,Little Rock,0.4452054794520549,0.353,0.5,true
235,Auburn,0.4452054794520549,0.353,0.5,true
236,Charleston Southern,0.4452054794520549,0.353,0.5,true
237,Mississippi State,0.4452054794520549,0.353,0.5,true
238,Rutgers,0.4452054794520549,0.353,0.5,true
239,Samford,0.4452054794520549,0.353,0.5,true
240,South Alabama,0.4452054794520549,0.353,0.5,true
241,Texas-El Paso,0.4452054794520549,0.353,0.5,true
242,Utah Valley,0.4452054794520549,0.353,0.5,true
243,Kennesaw State,0.43835616438356173,0.354,0.5,true
244,Oklahoma State,0.43835616438356173,0.354,0.5,true
245,Penn State,0.43835616438356173,0.354,0.5,true
246,Towson,0.43835616438356173,0.354,0.5,true
247,Xavier,0.43835616438356173,0.354,0.5,true
248,Arkansas-Pine Bluff,0.43150684931506855,0.355,0.5,true
249,Charlotte,0.43150684931506855,0.355,0.5,true
250,Colorado State,0.43150684931506855,0.355,0.5,true
251,Louisiana-Monroe,0.43150684931506855,0.355,0.5,true
252,Marist,0.43150684931506855,0.355,0.5,true
253,New Mexico,0.43150684931506855,0.355,0.5,true
254,Air Force,0.4246575342465755,0.356,0.5,true
255,Columbia,0.4246575342465755,0.356,0.5,true
256,George Washington,0.4246575342465755,0.356,0.5,true
257,Presbyterian,0.4246575342465755,0.356,0.5,true
258,South Dakota,0.4246575342465755,0.356,0.5,true
259,Utah,0.4246575342465755,0.356,0.5,true
260,UC-Riverside,0.4178082191780823,0.357,0.5,true
261,Chattanooga,0.4178082191780823,0.357,0.5,true
262,Creighton,0.4178082191780823,0.357,0.5,true
263,Nevada-Las Vegas,0.4178082191780823,0.357,0.5,true
264,Northern Illinois,0.4178082191780823,0.357,0.5,true
265,Savannah State,0.4178082191780823,0.357,0.5,true
266,Butler,0.41095890410958913,0.358,0.5,true
267,Monmouth,0.41095890410958913,0.358,0.5,true
268,North Dakota State,0.41095890410958913,0.358,0.5,true
269,Northern Arizona,0.41095890410958913,0.358,0.5,true
270,Ohio,0.41095890410958913,0.358,0.5,true
271,Rider,0.41095890410958913,0.358,0.5,true
272,McNeese State,0.40410958904109595,0.359,0.5,true
273,Pacific,0.40410958904109595,0.359,0.5,true
274,Sacramento State,0.40410958904109595,0.359,0.5,true
275,Texas Southern,0.40410958904109595,0.359,0.5,true
276,Albany (NY),0.3972602739726028,0.36,0.5,true
277,Canisius,0.3972602739726028,0.36,0.5,true
278,Jacksonville,0.3972602739726028,0.36,0.5,true
279,Morehead State,0.3972602739726028,0.36,0.5,true
280,Saint Joseph's,0.3972602739726028,0.36,0.5,true
281,Siena,0.3972602739726028,0.36,0.5,true
282,West Virginia,0.3972602739726028,0.36,0.5,true
283,Wright State,0.3972602739726028,0.36,0.5,true
284,Incarnate Word,0.3904109589041097,0.361,0.5,true
285,Manhattan,0.3904109589041097,0.361,0.5,true
286,Southern Utah,0.3904109589041097,0.361,0.5,true
287,Omaha,0.38356164383561653,0.362,0.5,true
288,Washington State,0.38356164383561653,0.362,0.5,true
289,Loyola (IL),0.37671232876712335,0.363,0.5,true
290,Marshall,0.37671232876712335,0.363,0.5,true
291,Missouri-Kansas City,0.37671232876712335,0.363,0.5,true
292,Morgan State,0.37671232876712335,0.363,0.5,true
293,Northwestern State,0.37671232876712335,0.363,0.5,true
294,Stetson,0.36986301369863017,0.364,0.5,true
295,Central Connecticut State,0.363013698630137,0.365,0.5,true
296,DePaul,0.363013698630137,0.365,0.5,true
297,North Carolina-Asheville,0.363013698630137,0.365,0.5,true
298,South Carolina State,0.363013698630137,0.365,0.5,true
299,Brigham Young,0.3561643835616438,0.366,0.5,true
300,Coppin State,0.3561643835616438,0.366,0.5,true
301,Fairfield,0.3561643835616438,0.366,0.5,true
302,Stephen F. Austin,0.3561643835616438,0.366,0.5,true
303,Texas,0.3561643835616438,0.366,0.5,true
304,Western Michigan,0.3561643835616438,0.366,0.5,true
305,Appalachian State,0.34931506849315075,0.367,0.5,true
306,Florida Gulf Coast,0.34931506849315075,0.367,0.5,true
307,IUPUI,0.34931506849315075,0.367,0.5,true
308,Louisiana,0.34931506849315075,0.367,0.5,true
309,Cal Poly,0.34246575342465757,0.368,0.5,true
310,Iona,0.34246575342465757,0.368,0.5,true
311,Delaware,0.3356164383561644,0.369,0.5,true
312,Portland,0.3356164383561644,0.369,0.5,true
313,SIU Edwardsville,0.3356164383561644,0.369,0.5,true
314,Purdue-Fort Wayne,0.3287671232876712,0.37,0.5,true
315,Northern Colorado,0.3287671232876712,0.37,0.5,true
316,Cal State Bakersfield,0.32191780821917804,0.371,0.5,true
317,Citadel,0.32191780821917804,0.371,0.5,true
318,Elon,0.32191780821917804,0.371,0.5,true
319,Maryland-Eastern Shore,0.32191780821917804,0.371,0.5,true
320,Sacred Heart,0.32191780821917804,0.371,0.5,true
321,Southern,0.32191780821917804,0.371,0.5,true
322,VMI,0.32191780821917804,0.371,0.5,true
323,Mississippi,0.31506849315068486,0.372,0.5,true
324,Holy Cross,0.3082191780821918,0.373,0.5,true
325,Oregon State,0.3082191780821918,0.373,0.5,true
326,Drexel,0.3013