


,3P%_Off
Rank,Name,Val,Normalized,Weight,Enabled
1,Lehigh,1.0,0.424,0.5,true
2,Wofford,0.9448275862068964,0.416,0.5,true
3,South Dakota State,0.9034482758620689,0.41,0.5,true
4,Virginia,0.8965517241379309,0.409,0.5,true
5,Fairleigh Dickinson,0.8551724137931037,0.403,0.5,true
6,Grambling,0.8275862068965519,0.399,0.5,true
7,Louisiana-Monroe,0.8000000000000002,0.395,0.5,true
8,Creighton,0.7931034482758622,0.394,0.5,true
9,Virginia Tech,0.7931034482758622,0.394,0.5,true
10,Marquette,0.7862068965517243,0.393,0.5,true
11,Omaha,0.7793103448275863,0.392,0.5,true
12,Gardner-Webb,0.7724137931034484,0.391,0.5,true
13,Hofstra,0.7586206896551725,0.389,0.5,true
14,Colgate,0.7517241379310345,0.388,0.5,true
15,Georgia State,0.7517241379310345,0.388,0.5,true
16,Northeastern,0.7517241379310345,0.388,0.5,true
17,Southern Mississippi,0.7517241379310345,0.388,0.5,true
18,Abilene Christian,0.7379310344827587,0.386,0.5,true
19,Utah Valley,0.7379310344827587,0.386,0.5,true
20,Oakland,0.7310344827586208,0.385,0.5,true
21,Western Illinois,0.7310344827586208,0.385,0.5,true
22,Michigan State,0.7241379310344829,0.384,0.5,true
23,Austin Peay,0.710344827586207,0.382,0.5,true
24,Montana,0.710344827586207,0.382,0.5,true
25,Pepperdine,0.710344827586207,0.382,0.5,true
26,Presbyterian,0.710344827586207,0.382,0.5,true
27,Southern California,0.710344827586207,0.382,0.5,true
28,Fresno State,0.703448275862069,0.381,0.5,true
29,Hartford,0.703448275862069,0.381,0.5,true
30,Lafayette,0.6965517241379311,0.38,0.5,true
31,Radford,0.6965517241379311,0.38,0.5,true
32,Toledo,0.6965517241379311,0.38,0.5,true
33,Purdue-Fort Wayne,0.6896551724137931,0.379,0.5,true
34,Delaware,0.6827586206896552,0.378,0.5,true
35,Mississippi State,0.6827586206896552,0.378,0.5,true
36,Saint Mary's (CA),0.6827586206896552,0.378,0.5,true
37,UC-Riverside,0.6758620689655173,0.377,0.5,true
38,Auburn,0.6689655172413793,0.376,0.5,true
39,Quinnipiac,0.6689655172413793,0.376,0.5,true
40,South Alabama,0.6620689655172414,0.375,0.5,true
41,Belmont,0.6551724137931034,0.374,0.5,true
42,Montana State,0.6551724137931034,0.374,0.5,true
43,Southern Illinois,0.6551724137931034,0.374,0.5,true
44,Winthrop,0.6482758620689655,0.373,0.5,true
45,Florida Gulf Coast,0.6413793103448275,0.372,0.5,true
46,North Dakota,0.6413793103448275,0.372,0.5,true
47,Oklahoma State,0.6413793103448275,0.372,0.5,true
48,Seattle,0.6413793103448275,0.372,0.5,true
49,Yale,0.6413793103448275,0.372,0.5,true
50,Central Michigan,0.6344827586206896,0.371,0.5,true
51,Lipscomb,0.6344827586206896,0.371,0.5,true
52,Cleveland State,0.6275862068965516,0.37,0.5,true
53,Eastern Illinois,0.6275862068965516,0.37,0.5,true
54,Idaho,0.6275862068965516,0.37,0.5,true
55,Samford,0.6275862068965516,0.37,0.5,true
56,Southeast Missouri State,0.6275862068965516,0.37,0.5,true
57,Utah,0.6275862068965516,0.37,0.5,true
58,Western Carolina,0.6275862068965516,0.37,0.5,true
59,Norfolk State,0.6206896551724137,0.369,0.5,true
60,Sam Houston State,0.6206896551724137,0.369,0.5,true
61,Florida A&M,0.6137931034482758,0.368,0.5,true
62,Harvard,0.6137931034482758,0.368,0.5,true
63,Liberty,0.6137931034482758,0.368,0.5,true
64,Texas Tech,0.6137931034482758,0.368,0.5,true
65,Dartmouth,0.6068965517241378,0.367,0.5,true
66,Nicholls State,0.6068965517241378,0.367,0.5,true
67,Bradley,0.6,0.366,0.5,true
68,Cal State Northridge,0.6,0.366,0.5,true
69,Coastal Carolina,0.6,0.366,0.5,true
70,North Dakota State,0.6,0.366,0.5,true
71,Northern Kentucky,0.6,0.366,0.5,true
72,South Carolina,0.6,0.366,0.5,true
73,Wisconsin,0.6,0.366,0.5,true
74,Chattanooga,0.593103448275862,0.365,0.5,true
75,Denver,0.593103448275862,0.365,0.5,true
76,Gonzaga,0.593103448275862,0.365,0.5,true
77,Iowa State,0.593103448275862,0.365,0.5,true
78,Loyola (IL),0.593103448275862,0.365,0.5,true
79,North Carolina,0.593103448275862,0.365,0.5,true
80,Drake,0.5862068965517241,0.364,0.5,true
81,Howard,0.5862068965517241,0.364,0.5,true
82,Idaho State,0.5862068965517241,0.364,0.5,true
83,Kentucky,0.5862068965517241,0.364,0.5,true
84,Purdue,0.5862068965517241,0.364,0.5,true
85,Washington State,0.5862068965517241,0.364,0.5,true
86,Weber State,0.5862068965517241,0.364,0.5,true
87,Furman,0.5793103448275861,0.363,0.5,true
88,Indiana State,0.5793103448275861,0.363,0.5,true
89,Marist,0.5793103448275861,0.363,0.5,true
90,Missouri,0.5793103448275861,0.363,0.5,true
91,Columbia,0.5724137931034482,0.362,0.5,true
92,James Madison,0.5724137931034482,0.362,0.5,true
93,Northern Colorado,0.5724137931034482,0.362,0.5,true
94,Oral Roberts,0.5724137931034482,0.362,0.5,true
95,San Diego State,0.5724137931034482,0.362,0.5,true
96,Tennessee,0.5724137931034482,0.362,0.5,true
97,UC-Irvine,0.5655172413793103,0.361,0.5,true
98,Iowa,0.5655172413793103,0.361,0.5,true
99,St. John's (NY),0.5655172413793103,0.361,0.5,true
100,East Tennessee State,0.5586206896551723,0.36,0.5,true
101,Santa Clara,0.5586206896551723,0.36,0.5,true
102,VMI,0.5586206896551723,0.36,0.5,true
103,Appalachian State,0.5517241379310344,0.359,0.5,true
104,California Baptist,0.5517241379310344,0.359,0.5,true
105,Colorado State,0.5517241379310344,0.359,0.5,true
106,Georgetown,0.5517241379310344,0.359,0.5,true
107,Houston,0.5517241379310344,0.359,0.5,true
108,Niagara,0.5517241379310344,0.359,0.5,true
109,Mississippi,0.5448275862068964,0.358,0.5,true
110,Bowling Green State,0.5379310344827585,0.357,0.5,true
111,Northern Illinois,0.5379310344827585,0.357,0.5,true
112,Sacred Heart,0.5379310344827585,0.357,0.5,true
113,Detroit Mercy,0.5310344827586205,0.356,0.5,true
114,Elon,0.5310344827586205,0.356,0.5,true
115,Missouri-Kansas City,0.5310344827586205,0.356,0.5,true
116,Little Rock,0.5241379310344826,0.355,0.5,true
117,UCLA,0.5241379310344826,0.355,0.5,true
118,Utah State,0.5241379310344826,0.355,0.5,true
119,Central Florida,0.5172413793103446,0.354,0.5,true
120,Drexel,0.5172413793103446,0.354,0.5,true
121,Hawaii,0.5172413793103446,0.354,0.5,true
122,Holy Cross,0.5172413793103446,0.354,0.5,true
123,Illinois-Chicago,0.5172413793103446,0.354,0.5,true
124,Robert Morris,0.5172413793103446,0.354,0.5,true
125,San Francisco,0.5172413793103446,0.354,0.5,true
126,Maryland,0.5103448275862067,0.353,0.5,true
127,North Carolina State,0.5103448275862067,0.353,0.5,true
128,Old Dominion,0.5103448275862067,0.353,0.5,true
129,Vermont,0.5103448275862067,0.353,0.5,true
130,Villanova,0.5103448275862067,0.353,0.5,true
131,Boise State,0.5034482758620688,0.352,0.5,true
132,Central Arkansas,0.5034482758620688,0.352,0.5,true
133,Charleston Southern,0.5034482758620688,0.352,0.5,true
134,Texas Christian,0.5034482758620688,0.352,0.5,true
135,Bucknell,0.49655172413793086,0.351,0.5,true
136,Iona,0.49655172413793086,0.351,0.5,true
137,Nevada,0.49655172413793086,0.351,0.5,true
138,Pacific,0.49655172413793086,0.351,0.5,true
139,Pennsylvania,0.49655172413793086,0.351,0.5,true
140,Butler,0.4896551724137929,0.35,0.5,true
141,University of California,0.4896551724137929,0.35,0.5,true
142,Cincinnati,0.4896551724137929,0.35,0.5,true
143,Davidson,0.4896551724137929,0.35,0.5,true
144,Eastern Washington,0.4896551724137929,0.35,0.5,true
145,Fairfield,0.4896551724137929,0.35,0.5,true
146,Kansas,0.4896551724137929,0.35,0.5,true
147,Massachusetts,0.4896551724137929,0.35,0.5,true
148,Michigan,0.4896551724137929,0.35,0.5,true
149,North Carolina A&T,0.4896551724137929,0.35,0.5,true
150,Saint Francis (PA),0.4896551724137929,0.35,0.5,true
151,Binghamton,0.48275862068965497,0.349,0.5,true
152,North Carolina-Wilmington,0.48275862068965497,0.349,0.5,true
153,Rice,0.48275862068965497,0.349,0.5,true
154,San Diego,0.48275862068965497,0.349,0.5,true
155,Louisiana,0.475862068965517,0.348,0.5,true
156,Marshall,0.475862068965517,0.348,0.5,true
157,Murray State,0.475862068965517,0.348,0.5,true
158,Northern Iowa,0.475862068965517,0.348,0.5,true
159,Albany (NY),0.4689655172413791,0.347,0.5,true
160,Richmond,0.4689655172413791,0.347,0.5,true
161,Boston University,0.46206896551724114,0.346,0.5,true
162,New Mexico,0.46206896551724114,0.346,0.5,true
163,Northern Arizona,0.46206896551724114,0.346,0.5,true
164,Southern Utah,0.46206896551724114,0.346,0.5,true
165,Washington,0.46206896551724114,0.346,0.5,true
166,William & Mary,0.46206896551724114,0.346,0.5,true
167,DePaul,0.4551724137931032,0.345,0.5,true
168,Illinois,0.4551724137931032,0.345,0.5,true
169,Missouri State,0.4551724137931032,0.345,0.5,true
170,NJIT,0.4551724137931032,0.345,0.5,true
171,North Carolina-Greensboro,0.4551724137931032,0.345,0.5,true
172,Campbell,0.44827586206896525,0.344,0.5,true
173,Citadel,0.44827586206896525,0.344,0.5,true
174,Connecticut,0.44827586206896525,0.344,0.5,true
175,Hampton,0.44827586206896525,0.344,0.5,true
176,Long Beach State,0.44827586206896525,0.344,0.5,true
177,Longwood,0.44827586206896525,0.344,0.5,true
178,Mercer,0.44827586206896525,0.344,0.5,true
179,Tennessee-Martin,0.44827586206896525,0.344,0.5,true
180,Tennessee Tech,0.44827586206896525,0.344,0.5,true
181,Texas-San Antonio,0.44827586206896525,0.344,0.5,true
182,Wyoming,0.44827586206896525,0.344,0.5,true
183,Arkansas,0.4413793103448277,0.343,0.5,true
184,UC-Santa Barbara,0.4413793103448277,0.343,0.5,true
185,Incarnate Word,0.4413793103448277,0.343,0.5,true
186,Lamar,0.4413793103448277,0.343,0.5,true
187,North Florida,0.4413793103448277,0.343,0.5,true
188,Ohio State,0.4413793103448277,0.343,0.5,true
189,Oregon,0.4413793103448277,0.343,0.5,true
190,Louisville,0.43448275862068975,0.342,0.5,true
191,Milwaukee,0.43448275862068975,0.342,0.5,true
192,Oklahoma,0.43448275862068975,0.342,0.5,true
193,Stephen F. Austin,0.43448275862068975,0.342,0.5,true
194,Wright State,0.43448275862068975,0.342,0.5,true
195,Arizona State,0.42758620689655186,0.341,0.5,true
196,Long Island University,0.42758620689655186,0.341,0.5,true
197,Loyola (MD),0.42758620689655186,0.341,0.5,true
198,Massachusetts-Lowell,0.42758620689655186,0.341,0.5,true
199,Morehead State,0.42758620689655186,0.341,0.5,true
200,New Orleans,0.42758620689655186,0.341,0.5,true
201,Rider,0.42758620689655186,0.341,0.5,true
202,South Dakota,0.42758620689655186,0.341,0.5,true
203,Southern Methodist,0.42758620689655186,0.341,0.5,true
204,Baylor,0.4206896551724139,0.34,0.5,true
205,College of Charleston,0.4206896551724139,0.34,0.5,true
206,Evansville,0.4206896551724139,0.34,0.5,true
207,Houston Baptist,0.4206896551724139,0.34,0.5,true
208,Texas,0.4206896551724139,0.34,0.5,true
209,Tulsa,0.4206896551724139,0.34,0.5,true
210,Alabama,0.41379310344827597,0.339,0.5,true
211,Green Bay,0.41379310344827597,0.339,0.5,true
212,Nebraska,0.41379310344827597,0.339,0.5,true
213,North Texas,0.41379310344827597,0.339,0.5,true
214,Siena,0.41379310344827597,0.339,0.5,true
215,Youngstown State,0.41379310344827597,0.339,0.5,true
216,Arkansas-Pine Bluff,0.406896551724138,0.338,0.5,true
217,IUPUI,0.406896551724138,0.338,0.5,true
218,Southeastern Louisiana,0.406896551724138,0.338,0.5,true
219,Brown,0.4000000000000001,0.337,0.5,true
220,Nevada-Las Vegas,0.4000000000000001,0.337,0.5,true
221,Alabama-Birmingham,0.39310344827586213,0.336,0.5,true
222,Arizona,0.39310344827586213,0.336,0.5,true
223,Buffalo,0.39310344827586213,0.336,0.5,true
224,Florida State,0.39310344827586213,0.336,0.5,true
225,Kansas State,0.39310344827586213,0.336,0.5,true
226,Florida,0.3862068965517242,0.335,0.5,true
227,Kent State,0.3862068965517242,0.335,0.5,true
228,Louisiana Tech,0.3862068965517242,0.335,0.5,true
229,New Mexico State,0.3862068965517242,0.335,0.5,true
230,Tennessee State,0.3862068965517242,0.335,0.5,true
231,Troy,0.3862068965517242,0.335,0.5,true
232,Arkansas State,0.37931034482758624,0.334,0.5,true
233,Dayton,0.37931034482758624,0.334,0.5,true
234,Miami (FL),0.3724137931034483,0.333,0.5,true
235,Providence,0.3724137931034483,0.333,0.5,true
236,South Carolina State,0.3724137931034483,0.333,0.5,true
237,St. Francis (NY),0.3724137931034483,0.333,0.5,true
238,Xavier,0.3724137931034483,0.333,0.5,true
239,Cal State Bakersfield,0.3655172413793104,0.332,0.5,true
240,Fordham,0.3655172413793104,0.332,0.5,true
241,Grand Canyon,0.3655172413793104,0.332,0.5,true
242,Illinois State,0.3655172413793104,0.332,0.5,true
243,Manhattan,0.3655172413793104,0.332,0.5,true
244,New Hampshire,0.3655172413793104,0.332,0.5,true
245,Sacramento State,0.3655172413793104,0.332,0.5,true
246,La Salle,0.35862068965517246,0.331,0.5,true
247,Pittsburgh,0.35862068965517246,0.331,0.5,true
248,Southern,0.35862068965517246,0.331,0.5,true
249,Temple,0.35862068965517246,0.331,0.5,true
250,Brigham Young,0.3517241379310345,0.33,0.5,true
251,Cornell,0.3517241379310345,0.33,0.5,true
252,George Mason,0.3517241379310345,0.33,0.5,true
253,Jacksonville,0.3517241379310345,0.33,0.5,true
254,Syracuse,0.3517241379310345,0.33,0.5,true
255,Air Force,0.3448275862068966,0.329,0.5,true
256,Clemson,0.3448275862068966,0.329,0.5,true
257,Texas State,0.3448275862068966,0.329,0.5,true
258,Cal Poly,0.33793103448275863,0.328,0.5,true
259,UC-Davis,0.33793103448275863,0.328,0.5,true
260,Central Connecticut State,0.33793103448275863,0.328,0.5,true
261,San Jose State,0.33793103448275863,0.328,0.5,true
262,South Carolina Upstate,0.33793103448275863,0.328,0.5,true
263,St. Bonaventure,0.33793103448275863,0.328,0.5,true
264,Alcorn State,0.3310344827586207,0.327,0.5,true
265,Eastern Kentucky,0.3310344827586207,0.327,0.5,true
266,Towson,0.3310344827586207,0.327,0.5,true
267,Western Kentucky,0.3310344827586207,0.327,0.5,true
268,American,0.32413793103448274,0.326,0.5,true
269,Middle Tennessee,0.32413793103448274,0.326,0.5,true
270,South Florida,0.32413793103448274,0.326,0.5,true
271,Stony Brook,0.32413793103448274,0.326,0.5,true
272,Ball State,0.3172413793103448,0.325,0.5,true
273,Bryant,0.3172413793103448,0.325,0.5,true
274,Memphis,0.3172413793103448,0.325,0.5,true
275,North Carolina-Asheville,0.3172413793103448,0.325,0.5,true
276,Portland,0.3172413793103448,0.325,0.5,true
277,Saint Peter's,0.3172413793103448,0.325,0.5,true
278,Texas A&M-Corpus Christi,0.3172413793103448,0.325,0.5,true
279,Canisius,0.31034482758620685,0.324,0.5,true
280,Colorado,0.31034482758620685,0.324,0.5,true
281,Miami (OH),0.31034482758620685,0.324,0.5,true
282,Seton Hall,0.31034482758620685,0.324,0.5,true
283,Florida Atlantic,0.3034482758620689,0.323,0.5,true
284,Louisiana State,0.3034482758620689,0.323,0.5,true
285,Maryland-Baltimore County,0.3034482758620689,0.323,0.5,true
286,Duquesne,0.296551724137931,0.322,0.5,true
287,Georgia Southern,0.296551724137931,0.322,0.5,true
288,Georgia,0.296551724137931,0.322,0.5,true
289,Morgan State,0.296551724137931,0.322,0.5,true
290,Saint Joseph's,0.296551724137931,0.322,0.5,true
291,Texas Southern,0.296551724137931,0.322,0.5,true
292,Bethune-Cookman,0.28965517241379307,0.321,0.5,true
293,Minnesota,0.28965517241379307,0.321,0.5,true
294,Oregon State,0.28965517241379307,0.321,0.5,true
295,Akron,0.2827586206896551,0.32,0.5,true
296,Alabama State,0.2827586206896551,0.32,0.5,true
297,Penn State,0.2827586206896551,0.32,0.5,true
298,Texas-El Paso,0.2827586206896551,0.32,0.5,true
299,Cal State Fullerton,0.2758620689655172,0.319,0.5,true
300,Tulane,0.26896551724137924,0.318,0.5,true
301,Boston College,0.2620689655172413,0.317,0.5,true
302,Loyola Marymount,0.2620689655172413,0.317,0.5,true
303,Navy,0.2620689655172413,0.317,0.5,true
304,Stanford,0.2620689655172413,0.317,0.5,true
305,Texas-Rio Grande Valley,0.2620689655172413,0.317,0.5,true
306,West Virginia,0.2620689655172413,0.317,0.5,true
307,Alabama A&M,0.25517241379310335,0.316,0.5,true
308,Valparaiso,0.25517241379310335,0.316,0.5,true
309,Army,0.24827586206896543,0.315,0.5,true
310,Jacksonville State,0.24827586206896543,0.315,0.5,true
311,North Carolina Central,0.24827586206896543,0.315,0.5,true
312,Notre Dame,0.24827586206896543,0.315,0.5,true
313,Western Michigan,0.24827586206896543,0.315,0.5,true
314,Indiana,0.24137931034482749,0.314,0.5,true
315,Stetson,0.24137931034482749,0.314,0.5,true
316,Northwestern,0.23448275862068954,0.313,0.5,true
317,Prairie View,0.2275862068965516,0.312,0.5,true
318,Rutgers,0.2275862068965516,0.312,0.5,true
319,Charlotte,0.22068965517241365,0.311,0.5,true
320,George Washington,0.22068965517241365,0.311,0.5,true
321,Kennesaw State,0.22068965517241365,0.311,0.5,true
322,Maine,0.22068965517241365,0.311,0.5,true
323,Vanderbilt,0.22068965517241365,0.311,0.5,true
324,Mississippi Valley State,0.21379310344827573,0.31,0.5,true
325,Wichita State,0.21379310344827573,0.31,0.5,true
326,High Point,0.2068965517241378,0.309,0.5,true
327,Portland State,0.2068965517241378