


,AST%_Def
Rank,Name,Val,Normalized,Weight,Enabled
1,New Mexico State,1.0,38.1,0.5,true
2,Toledo,0.9261744966442954,40.3,0.5,true
3,Buffalo,0.9228187919463089,40.4,0.5,true
4,Pennsylvania,0.9194630872483223,40.5,0.5,true
5,Seattle,0.9161073825503356,40.6,0.5,true
6,Stanford,0.906040268456376,40.9,0.5,true
7,Gonzaga,0.8993288590604027,41.1,0.5,true
8,Central Michigan,0.8825503355704698,41.6,0.5,true
9,Drake,0.8791946308724832,41.7,0.5,true
10,New Hampshire,0.8724832214765101,41.9,0.5,true
11,Saint Mary's (CA),0.8389261744966444,42.9,0.5,true
12,Colorado,0.8288590604026845,43.2,0.5,true
13,Cornell,0.8288590604026845,43.2,0.5,true
14,North Dakota,0.8288590604026845,43.2,0.5,true
15,Grand Canyon,0.8255033557046981,43.3,0.5,true
16,Princeton,0.8221476510067115,43.4,0.5,true
17,Alabama,0.8187919463087249,43.5,0.5,true
18,Louisiana State,0.8187919463087249,43.5,0.5,true
19,San Francisco,0.8187919463087249,43.5,0.5,true
20,Siena,0.8187919463087249,43.5,0.5,true
21,UC-Irvine,0.8154362416107382,43.6,0.5,true
22,Northern Colorado,0.8120805369127516,43.7,0.5,true
23,Virginia,0.8053691275167787,43.9,0.5,true
24,St. Francis (NY),0.7986577181208054,44.1,0.5,true
25,Florida State,0.7953020134228188,44.2,0.5,true
26,San Diego,0.7953020134228188,44.2,0.5,true
27,California Baptist,0.7919463087248324,44.3,0.5,true
28,Lafayette,0.7852348993288591,44.5,0.5,true
29,North Dakota State,0.7818791946308725,44.6,0.5,true
30,Wright State,0.7785234899328859,44.7,0.5,true
31,South Dakota,0.7718120805369129,44.9,0.5,true
32,Weber State,0.7718120805369129,44.9,0.5,true
33,Belmont,0.7684563758389262,45.0,0.5,true
34,Clemson,0.7684563758389262,45.0,0.5,true
35,Marshall,0.7684563758389262,45.0,0.5,true
36,Akron,0.7651006711409396,45.1,0.5,true
37,Montana,0.7651006711409396,45.1,0.5,true
38,Murray State,0.761744966442953,45.2,0.5,true
39,Georgia,0.7583892617449666,45.3,0.5,true
40,Louisiana,0.7583892617449666,45.3,0.5,true
41,Michigan,0.7583892617449666,45.3,0.5,true
42,Ball State,0.7550335570469799,45.4,0.5,true
43,Dartmouth,0.7550335570469799,45.4,0.5,true
44,Evansville,0.7550335570469799,45.4,0.5,true
45,Quinnipiac,0.7550335570469799,45.4,0.5,true
46,Hawaii,0.7516778523489933,45.5,0.5,true
47,Appalachian State,0.7483221476510067,45.6,0.5,true
48,Wisconsin,0.7483221476510067,45.6,0.5,true
49,Northeastern,0.7449664429530201,45.7,0.5,true
50,Tennessee State,0.7449664429530201,45.7,0.5,true
51,Jacksonville,0.7416107382550338,45.8,0.5,true
52,Liberty,0.7348993288590605,46.0,0.5,true
53,Chattanooga,0.7281879194630873,46.2,0.5,true
54,Purdue-Fort Wayne,0.7214765100671142,46.4,0.5,true
55,North Carolina-Greensboro,0.7181208053691276,46.5,0.5,true
56,Southeastern Louisiana,0.7181208053691276,46.5,0.5,true
57,Vermont,0.7181208053691276,46.5,0.5,true
58,Western Carolina,0.7181208053691276,46.5,0.5,true
59,Western Illinois,0.7181208053691276,46.5,0.5,true
60,UC-Santa Barbara,0.708053691275168,46.8,0.5,true
61,Massachusetts-Lowell,0.708053691275168,46.8,0.5,true
62,Furman,0.7046979865771814,46.9,0.5,true
63,Bowling Green State,0.7013422818791948,47.0,0.5,true
64,Drexel,0.6946308724832215,47.2,0.5,true
65,Vanderbilt,0.6946308724832215,47.2,0.5,true
66,Abilene Christian,0.6879194630872485,47.4,0.5,true
67,Nebraska,0.6879194630872485,47.4,0.5,true
68,Texas,0.6812080536912752,47.6,0.5,true
69,Winthrop,0.6778523489932886,47.7,0.5,true
70,Arizona,0.6744966442953022,47.8,0.5,true
71,Utah,0.6744966442953022,47.8,0.5,true
72,Pacific,0.667785234899329,48.0,0.5,true
73,South Dakota State,0.667785234899329,48.0,0.5,true
74,Texas-El Paso,0.667785234899329,48.0,0.5,true
75,Columbia,0.6644295302013423,48.1,0.5,true
76,Richmond,0.6644295302013423,48.1,0.5,true
77,Robert Morris,0.6644295302013423,48.1,0.5,true
78,Georgia Southern,0.6610738255033557,48.2,0.5,true
79,Kentucky,0.6610738255033557,48.2,0.5,true
80,Long Beach State,0.6610738255033557,48.2,0.5,true
81,Louisville,0.651006711409396,48.5,0.5,true
82,Omaha,0.651006711409396,48.5,0.5,true
83,North Carolina-Wilmington,0.651006711409396,48.5,0.5,true
84,William & Mary,0.651006711409396,48.5,0.5,true
85,Canisius,0.6476510067114094,48.6,0.5,true
86,Texas-San Antonio,0.6476510067114094,48.6,0.5,true
87,Duke,0.6442953020134228,48.7,0.5,true
88,Lipscomb,0.6442953020134228,48.7,0.5,true
89,Texas Tech,0.6442953020134228,48.7,0.5,true
90,Wofford,0.6442953020134228,48.7,0.5,true
91,Cal State Fullerton,0.6409395973154364,48.8,0.5,true
92,Florida,0.6409395973154364,48.8,0.5,true
93,Long Island University,0.6409395973154364,48.8,0.5,true
94,Jacksonville State,0.6375838926174497,48.9,0.5,true
95,Northern Iowa,0.6375838926174497,48.9,0.5,true
96,Troy,0.6375838926174497,48.9,0.5,true
97,Butler,0.6342281879194631,49.0,0.5,true
98,North Texas,0.6342281879194631,49.0,0.5,true
99,Notre Dame,0.6308724832214765,49.1,0.5,true
100,Yale,0.6308724832214765,49.1,0.5,true
101,Miami (OH),0.6275167785234899,49.2,0.5,true
102,Missouri,0.6275167785234899,49.2,0.5,true
103,Wichita State,0.6275167785234899,49.2,0.5,true
104,Louisiana-Monroe,0.6241610738255036,49.3,0.5,true
105,Texas State,0.6241610738255036,49.3,0.5,true
106,Harvard,0.6208053691275169,49.4,0.5,true
107,Nevada-Las Vegas,0.6208053691275169,49.4,0.5,true
108,Florida Atlantic,0.610738255033557,49.7,0.5,true
109,Presbyterian,0.610738255033557,49.7,0.5,true
110,Bucknell,0.6073825503355706,49.8,0.5,true
111,George Mason,0.6073825503355706,49.8,0.5,true
112,Green Bay,0.6073825503355706,49.8,0.5,true
113,Iowa State,0.604026845637584,49.9,0.5,true
114,Penn State,0.604026845637584,49.9,0.5,true
115,Temple,0.604026845637584,49.9,0.5,true
116,Oklahoma,0.6006711409395975,50.0,0.5,true
117,Brown,0.5973154362416109,50.1,0.5,true
118,Florida A&M,0.5973154362416109,50.1,0.5,true
119,Houston,0.5973154362416109,50.1,0.5,true
120,Marquette,0.5973154362416109,50.1,0.5,true
121,Mississippi State,0.5973154362416109,50.1,0.5,true
122,Morehead State,0.5973154362416109,50.1,0.5,true
123,Radford,0.5973154362416109,50.1,0.5,true
124,American,0.5939597315436242,50.2,0.5,true
125,Minnesota,0.5939597315436242,50.2,0.5,true
126,Providence,0.5906040268456378,50.3,0.5,true
127,Hartford,0.5872483221476512,50.4,0.5,true
128,South Carolina State,0.5872483221476512,50.4,0.5,true
129,Saint Francis (PA),0.5838926174496646,50.5,0.5,true
130,South Carolina,0.5838926174496646,50.5,0.5,true
131,Cincinnati,0.580536912751678,50.6,0.5,true
132,Southern Utah,0.580536912751678,50.6,0.5,true
133,Valparaiso,0.580536912751678,50.6,0.5,true
134,Western Michigan,0.580536912751678,50.6,0.5,true
135,Florida International,0.5771812080536913,50.7,0.5,true
136,Utah State,0.5771812080536913,50.7,0.5,true
137,Utah Valley,0.5771812080536913,50.7,0.5,true
138,West Virginia,0.5771812080536913,50.7,0.5,true
139,Niagara,0.5738255033557049,50.8,0.5,true
140,Ohio State,0.5738255033557049,50.8,0.5,true
141,Arkansas State,0.5704697986577183,50.9,0.5,true
142,Delaware,0.5704697986577183,50.9,0.5,true
143,Northern Kentucky,0.5704697986577183,50.9,0.5,true
144,Creighton,0.5671140939597317,51.0,0.5,true
145,Southern Illinois,0.5671140939597317,51.0,0.5,true
146,Virginia Commonwealth,0.5671140939597317,51.0,0.5,true
147,Brigham Young,0.563758389261745,51.1,0.5,true
148,Kent State,0.563758389261745,51.1,0.5,true
149,Rutgers,0.563758389261745,51.1,0.5,true
150,Sacred Heart,0.563758389261745,51.1,0.5,true
151,Fairleigh Dickinson,0.557046979865772,51.3,0.5,true
152,Missouri-Kansas City,0.557046979865772,51.3,0.5,true
153,Youngstown State,0.557046979865772,51.3,0.5,true
154,Grambling,0.5536912751677854,51.4,0.5,true
155,Ohio,0.5536912751677854,51.4,0.5,true
156,Eastern Washington,0.5503355704697988,51.5,0.5,true
157,Fairfield,0.5503355704697988,51.5,0.5,true
158,St. Bonaventure,0.5503355704697988,51.5,0.5,true
159,Colgate,0.5469798657718121,51.6,0.5,true
160,College of Charleston,0.5469798657718121,51.6,0.5,true
161,Loyola (IL),0.5469798657718121,51.6,0.5,true
162,NJIT,0.5469798657718121,51.6,0.5,true
163,North Alabama,0.5469798657718121,51.6,0.5,true
164,South Carolina Upstate,0.5469798657718121,51.6,0.5,true
165,Campbell,0.5436241610738255,51.7,0.5,true
166,North Carolina State,0.5436241610738255,51.7,0.5,true
167,Rice,0.5436241610738255,51.7,0.5,true
168,Elon,0.5402684563758391,51.8,0.5,true
169,Southern,0.5402684563758391,51.8,0.5,true
170,Stony Brook,0.5402684563758391,51.8,0.5,true
171,Tulane,0.5402684563758391,51.8,0.5,true
172,Auburn,0.5369127516778525,51.9,0.5,true
173,Austin Peay,0.5369127516778525,51.9,0.5,true
174,Boise State,0.5369127516778525,51.9,0.5,true
175,Dayton,0.5369127516778525,51.9,0.5,true
176,Eastern Kentucky,0.5369127516778525,51.9,0.5,true
177,Fresno State,0.5369127516778525,51.9,0.5,true
178,Missouri State,0.5369127516778525,51.9,0.5,true
179,Maryland,0.5335570469798658,52.0,0.5,true
180,Prairie View,0.5335570469798658,52.0,0.5,true
181,VMI,0.5335570469798658,52.0,0.5,true
182,Western Kentucky,0.5335570469798658,52.0,0.5,true
183,Cal State Northridge,0.5302013422818792,52.1,0.5,true
184,UC-Davis,0.5302013422818792,52.1,0.5,true
185,Denver,0.5302013422818792,52.1,0.5,true
186,Nevada,0.5302013422818792,52.1,0.5,true
187,Texas-Arlington,0.5302013422818792,52.1,0.5,true
188,East Tennessee State,0.5268456375838926,52.2,0.5,true
189,Oregon State,0.5268456375838926,52.2,0.5,true
190,Tennessee,0.5268456375838926,52.2,0.5,true
191,High Point,0.5234899328859062,52.3,0.5,true
192,Boston University,0.5201342281879195,52.4,0.5,true
193,Middle Tennessee,0.516778523489933,52.5,0.5,true
194,SIU Edwardsville,0.516778523489933,52.5,0.5,true
195,Charlotte,0.5134228187919464,52.6,0.5,true
196,Indiana State,0.5134228187919464,52.6,0.5,true
197,Rhode Island,0.5134228187919464,52.6,0.5,true
198,Army,0.5100671140939598,52.7,0.5,true
199,IUPUI,0.5100671140939598,52.7,0.5,true
200,Kansas,0.5067114093959734,52.8,0.5,true
201,Old Dominion,0.5067114093959734,52.8,0.5,true
202,Connecticut,0.5033557046979867,52.9,0.5,true
203,DePaul,0.5033557046979867,52.9,0.5,true
204,Hampton,0.5033557046979867,52.9,0.5,true
205,Incarnate Word,0.5033557046979867,52.9,0.5,true
206,La Salle,0.5000000000000001,53.0,0.5,true
207,Colorado State,0.4966442953020135,53.1,0.5,true
208,Illinois,0.4966442953020135,53.1,0.5,true
209,Michigan State,0.4966442953020135,53.1,0.5,true
210,Idaho State,0.49328859060402686,53.2,0.5,true
211,Washington State,0.49328859060402686,53.2,0.5,true
212,Houston Baptist,0.48993288590604045,53.3,0.5,true
213,James Madison,0.48993288590604045,53.3,0.5,true
214,North Carolina Central,0.48993288590604045,53.3,0.5,true
215,Alabama A&M,0.4865771812080538,53.4,0.5,true
216,Arkansas,0.4865771812080538,53.4,0.5,true
217,Howard,0.4865771812080538,53.4,0.5,true
218,Miami (FL),0.4865771812080538,53.4,0.5,true
219,Montana State,0.4865771812080538,53.4,0.5,true
220,Morgan State,0.4865771812080538,53.4,0.5,true
221,Saint Peter's,0.4865771812080538,53.4,0.5,true
222,Milwaukee,0.4832214765100672,53.5,0.5,true
223,Mississippi Valley State,0.4832214765100672,53.5,0.5,true
224,Seton Hall,0.4832214765100672,53.5,0.5,true
225,Texas Southern,0.4832214765100672,53.5,0.5,true
226,Coastal Carolina,0.47986577181208057,53.6,0.5,true
227,Southern Mississippi,0.47986577181208057,53.6,0.5,true
228,Bradley,0.47651006711409394,53.7,0.5,true
229,South Alabama,0.47651006711409394,53.7,0.5,true
230,Illinois-Chicago,0.469798657718121,53.9,0.5,true
231,Maryland-Baltimore County,0.469798657718121,53.9,0.5,true
232,Santa Clara,0.469798657718121,53.9,0.5,true
233,Air Force,0.4664429530201344,54.0,0.5,true
234,UC-Riverside,0.4664429530201344,54.0,0.5,true
235,Northern Arizona,0.4664429530201344,54.0,0.5,true
236,Samford,0.4664429530201344,54.0,0.5,true
237,Alabama-Birmingham,0.46308724832214776,54.1,0.5,true
238,Alabama State,0.46308724832214776,54.1,0.5,true
239,Hofstra,0.46308724832214776,54.1,0.5,true
240,New Orleans,0.46308724832214776,54.1,0.5,true
241,Boston College,0.45973154362416113,54.2,0.5,true
242,Cal Poly,0.45973154362416113,54.2,0.5,true
243,San Diego State,0.45973154362416113,54.2,0.5,true
244,St. John's (NY),0.45973154362416113,54.2,0.5,true
245,Central Florida,0.4563758389261747,54.3,0.5,true
246,East Carolina,0.4563758389261747,54.3,0.5,true
247,Gardner-Webb,0.4563758389261747,54.3,0.5,true
248,Jackson State,0.4563758389261747,54.3,0.5,true
249,Wagner,0.4563758389261747,54.3,0.5,true
250,Georgetown,0.4530201342281881,54.4,0.5,true
251,Southeast Missouri State,0.4530201342281881,54.4,0.5,true
252,Portland State,0.44966442953020147,54.5,0.5,true
253,Indiana,0.44630872483221484,54.6,0.5,true
254,Mercer,0.44630872483221484,54.6,0.5,true
255,Mount St. Mary's,0.44630872483221484,54.6,0.5,true
256,North Carolina,0.44630872483221484,54.6,0.5,true
257,Little Rock,0.4429530201342282,54.7,0.5,true
258,Davidson,0.4429530201342282,54.7,0.5,true
259,George Washington,0.4429530201342282,54.7,0.5,true
260,North Carolina A&T,0.4429530201342282,54.7,0.5,true
261,Arizona State,0.4395973154362418,54.8,0.5,true
262,Bryant,0.4395973154362418,54.8,0.5,true
263,Cleveland State,0.4362416107382552,54.9,0.5,true
264,Saint Louis,0.4362416107382552,54.9,0.5,true
265,Charleston Southern,0.43288590604026855,55.0,0.5,true
266,Kansas State,0.43288590604026855,55.0,0.5,true
267,Nicholls State,0.43288590604026855,55.0,0.5,true
268,Sacramento State,0.43288590604026855,55.0,0.5,true
269,Southern California,0.43288590604026855,55.0,0.5,true
270,Arkansas-Pine Bluff,0.4295302013422819,55.1,0.5,true
271,Oklahoma State,0.4295302013422819,55.1,0.5,true
272,Purdue,0.4261744966442953,55.2,0.5,true
273,Baylor,0.422818791946309,55.3,0.5,true
274,University of California,0.422818791946309,55.3,0.5,true
275,Coppin State,0.422818791946309,55.3,0.5,true
276,Sam Houston State,0.422818791946309,55.3,0.5,true
277,Duquesne,0.4194630872483224,55.4,0.5,true
278,Pepperdine,0.4194630872483224,55.4,0.5,true
279,Mississippi,0.4127516778523491,55.6,0.5,true
280,Oakland,0.4093959731543625,55.7,0.5,true
281,Oregon,0.4093959731543625,55.7,0.5,true
282,Tulsa,0.4093959731543625,55.7,0.5,true
283,Xavier,0.4093959731543625,55.7,0.5,true
284,Chicago State,0.4060402684563761,55.8,0.5,true
285,Iona,0.4060402684563761,55.8,0.5,true
286,Bethune-Cookman,0.40268456375838946,55.9,0.5,true
287,North Florida,0.40268456375838946,55.9,0.5,true
288,Loyola (MD),0.39932885906040283,56.0,0.5,true
289,McNeese State,0.39932885906040283,56.0,0.5,true
290,New Mexico,0.39932885906040283,56.0,0.5,true
291,Northern Illinois,0.39932885906040283,56.0,0.5,true
292,Texas-Rio Grande Valley,0.39932885906040283,56.0,0.5,true
293,Holy Cross,0.3959731543624162,56.1,0.5,true
294,Illinois State,0.3959731543624162,56.1,0.5,true
295,Northwestern State,0.3959731543624162,56.1,0.5,true
296,Kennesaw State,0.3926174496644296,56.2,0.5,true
297,Marist,0.3926174496644296,56.2,0.5,true
298,Villanova,0.3926174496644296,56.2,0.5,true
299,Virginia Tech,0.38590604026845654,56.4,0.5,true
300,Cal State Bakersfield,0.3825503355704699,56.5,0.5,true
301,Louisiana Tech,0.3825503355704699,56.5,0.5,true
302,Northwestern,0.3825503355704699,56.5,0.5,true
303,Wyoming,0.3825503355704699,56.5,0.5,true
304,Central Arkansas,0.3791946308724833,56.6,0.5,true
305,Eastern Illinois,0.3791946308724833,56.6,0.5,true
306,Norfolk State,0.3791946308724833,56.6,0.5,true
307,Oral Roberts,0.3791946308724833,56.6,0.5,true
308,Wake Forest,0.3791946308724833,56.6,0.5,true
309,Florida Gulf Coast,0.3691275167785236,56.9,0.5,true
310,Lehigh,0.3657718120805371,57.0,0.5,true
311,Longwood,0.3657718120805371,57.0,0.5,true
312,Albany (NY),0.3624161073825505,57.1,0.5,true
313,Stetson,0.3624161073825505,57.1,0.5,true
314,Texas A&M-Corpus Christi,0.3489932885906042,57.5,0.5,true
315,Rider,0.34228187919463093,57.7,0.5,true
316,Idaho,0.3355704697986579,57.9,0.5,true
317,Delaware State,0.325503355704698,58.2,0.5,true
318,Memphis,0.325503355704698,58.2,0.5,true
319,Texas A&M,0.3221476510067116,58.3,0.5,true
320,Georgia State,0.318791946308725,58.4,0.5,true
321,Central Connecticut State,0.31543624161073835,58.5,0.5,true
322,Texas Christian,0.31543624161073835,58.5,0.5,true
323,Washington,0.31543624161073835,58.5,0.5,true
324,Monmouth,0.3053691275167788,58.8,0.5,true
325,Pittsburgh,0.3053691275167788,58.8,0.5,true
326,South Florida,0.3053691275167788,58.8,0.5,true
327,San Jose State,0.3020134228187922,58.9,0.5,true
328,Iowa,0.2953020134228189,59.1,0.5,true
329,Saint Joseph's,0.2919463087248323,59.2,0.5,true
330,Tennessee-Martin,0.2919463087248323,59.2,0.5,true
331,Manhattan,0.28523489932885926,59.4,0.5,