


,AST%_Off
Rank,Name,Val,Normalized,Weight,Enabled
1,Michigan State,1.0,68.3,0.5,true
2,Oakland,0.9638157894736844,67.2,0.5,true
3,Maine,0.8289473684210528,63.1,0.5,true
4,William & Mary,0.8223684210526316,62.9,0.5,true
5,Belmont,0.805921052631579,62.4,0.5,true
6,Utah State,0.792763157894737,62.0,0.5,true
7,Sam Houston State,0.7894736842105263,61.9,0.5,true
8,Southern Mississippi,0.7796052631578949,61.6,0.5,true
9,Northwestern,0.7730263157894737,61.4,0.5,true
10,North Carolina,0.7697368421052632,61.3,0.5,true
11,Georgetown,0.7631578947368423,61.1,0.5,true
12,Richmond,0.7631578947368423,61.1,0.5,true
13,Tennessee,0.7598684210526316,61.0,0.5,true
14,Northern Kentucky,0.7532894736842105,60.8,0.5,true
15,Dayton,0.7500000000000002,60.7,0.5,true
16,Hawaii,0.7500000000000002,60.7,0.5,true
17,Tulane,0.7467105263157896,60.6,0.5,true
18,Texas Christian,0.7401315789473685,60.4,0.5,true
19,Iowa,0.7335526315789476,60.2,0.5,true
20,Holy Cross,0.730263157894737,60.1,0.5,true
21,Minnesota,0.7269736842105264,60.0,0.5,true
22,Bucknell,0.7236842105263158,59.9,0.5,true
23,Cornell,0.7236842105263158,59.9,0.5,true
24,North Carolina Central,0.7236842105263158,59.9,0.5,true
25,Toledo,0.7236842105263158,59.9,0.5,true
26,Murray State,0.7203947368421052,59.8,0.5,true
27,Lipscomb,0.7171052631578949,59.7,0.5,true
28,Army,0.7138157894736843,59.6,0.5,true
29,Virginia Tech,0.7138157894736843,59.6,0.5,true
30,Arkansas,0.7072368421052632,59.4,0.5,true
31,San Jose State,0.7039473684210527,59.3,0.5,true
32,Southeastern Louisiana,0.6973684210526317,59.1,0.5,true
33,Ohio State,0.6940789473684211,59.0,0.5,true
34,Providence,0.6809210526315791,58.6,0.5,true
35,Abilene Christian,0.674342105263158,58.4,0.5,true
36,Canisius,0.674342105263158,58.4,0.5,true
37,Presbyterian,0.6710526315789473,58.3,0.5,true
38,Oregon State,0.6644736842105264,58.1,0.5,true
39,Massachusetts,0.6611842105263158,58.0,0.5,true
40,South Florida,0.6611842105263158,58.0,0.5,true
41,Davidson,0.6578947368421053,57.9,0.5,true
42,Kansas State,0.6578947368421053,57.9,0.5,true
43,Drake,0.6513157894736844,57.7,0.5,true
44,Villanova,0.6513157894736844,57.7,0.5,true
45,Cleveland State,0.6480263157894738,57.6,0.5,true
46,Elon,0.6480263157894738,57.6,0.5,true
47,North Florida,0.6480263157894738,57.6,0.5,true
48,San Diego State,0.6480263157894738,57.6,0.5,true
49,Georgia Tech,0.6414473684210527,57.4,0.5,true
50,New Orleans,0.638157894736842,57.3,0.5,true
51,Central Arkansas,0.6348684210526317,57.2,0.5,true
52,Montana State,0.6348684210526317,57.2,0.5,true
53,Southern California,0.6348684210526317,57.2,0.5,true
54,Yale,0.6348684210526317,57.2,0.5,true
55,Colgate,0.6315789473684211,57.1,0.5,true
56,Massachusetts-Lowell,0.6315789473684211,57.1,0.5,true
57,Washington State,0.6315789473684211,57.1,0.5,true
58,Columbia,0.625,56.9,0.5,true
59,Texas State,0.625,56.9,0.5,true
60,Robert Morris,0.6217105263157895,56.8,0.5,true
61,Creighton,0.6184210526315791,56.7,0.5,true
62,Santa Clara,0.6151315789473686,56.6,0.5,true
63,Virginia,0.6151315789473686,56.6,0.5,true
64,Xavier,0.6151315789473686,56.6,0.5,true
65,Furman,0.6085526315789473,56.4,0.5,true
66,McNeese State,0.6085526315789473,56.4,0.5,true
67,Pennsylvania,0.6085526315789473,56.4,0.5,true
68,San Diego,0.6085526315789473,56.4,0.5,true
69,North Carolina-Wilmington,0.6019736842105264,56.2,0.5,true
70,Ohio,0.6019736842105264,56.2,0.5,true
71,Savannah State,0.5953947368421053,56.0,0.5,true
72,South Carolina Upstate,0.5953947368421053,56.0,0.5,true
73,Gonzaga,0.5921052631578948,55.9,0.5,true
74,Campbell,0.5888157894736842,55.8,0.5,true
75,Houston,0.5888157894736842,55.8,0.5,true
76,Loyola (IL),0.5855263157894739,55.7,0.5,true
77,Buffalo,0.5789473684210527,55.5,0.5,true
78,Florida Gulf Coast,0.5789473684210527,55.5,0.5,true
79,Loyola Marymount,0.5789473684210527,55.5,0.5,true
80,Oklahoma State,0.5789473684210527,55.5,0.5,true
81,Pepperdine,0.5756578947368421,55.4,0.5,true
82,Tulsa,0.5756578947368421,55.4,0.5,true
83,Virginia Commonwealth,0.5756578947368421,55.4,0.5,true
84,Illinois-Chicago,0.5723684210526315,55.3,0.5,true
85,Manhattan,0.5723684210526315,55.3,0.5,true
86,Wright State,0.5723684210526315,55.3,0.5,true
87,Albany (NY),0.5690789473684212,55.2,0.5,true
88,Alcorn State,0.5657894736842106,55.1,0.5,true
89,Maryland-Baltimore County,0.5657894736842106,55.1,0.5,true
90,Texas-Rio Grande Valley,0.5657894736842106,55.1,0.5,true
91,Memphis,0.5625000000000001,55.0,0.5,true
92,Brigham Young,0.5592105263157895,54.9,0.5,true
93,Texas Southern,0.5592105263157895,54.9,0.5,true
94,Liberty,0.5559210526315789,54.8,0.5,true
95,New Mexico,0.5559210526315789,54.8,0.5,true
96,North Carolina A&T,0.5559210526315789,54.8,0.5,true
97,Temple,0.5559210526315789,54.8,0.5,true
98,Duquesne,0.5526315789473686,54.7,0.5,true
99,Lehigh,0.5526315789473686,54.7,0.5,true
100,Northeastern,0.5526315789473686,54.7,0.5,true
101,Texas A&M-Corpus Christi,0.5526315789473686,54.7,0.5,true
102,Utah,0.5526315789473686,54.7,0.5,true
103,Nevada,0.549342105263158,54.6,0.5,true
104,Southern Illinois,0.549342105263158,54.6,0.5,true
105,Wichita State,0.549342105263158,54.6,0.5,true
106,Colorado State,0.5460526315789475,54.5,0.5,true
107,Georgia,0.5460526315789475,54.5,0.5,true
108,Hartford,0.5460526315789475,54.5,0.5,true
109,Iowa State,0.5460526315789475,54.5,0.5,true
110,Navy,0.5460526315789475,54.5,0.5,true
111,Notre Dame,0.5460526315789475,54.5,0.5,true
112,La Salle,0.5427631578947368,54.4,0.5,true
113,Baylor,0.5394736842105263,54.3,0.5,true
114,Saint Louis,0.5394736842105263,54.3,0.5,true
115,South Alabama,0.5394736842105263,54.3,0.5,true
116,Little Rock,0.5361842105263159,54.2,0.5,true
117,Maryland-Eastern Shore,0.5361842105263159,54.2,0.5,true
118,Michigan,0.5361842105263159,54.2,0.5,true
119,Mississippi,0.5361842105263159,54.2,0.5,true
120,Quinnipiac,0.5361842105263159,54.2,0.5,true
121,Air Force,0.5328947368421054,54.1,0.5,true
122,Cincinnati,0.5328947368421054,54.1,0.5,true
123,Fresno State,0.5296052631578948,54.0,0.5,true
124,Louisiana-Monroe,0.5296052631578948,54.0,0.5,true
125,Old Dominion,0.5296052631578948,54.0,0.5,true
126,West Virginia,0.5296052631578948,54.0,0.5,true
127,Purdue,0.5263157894736842,53.9,0.5,true
128,Texas-Arlington,0.5263157894736842,53.9,0.5,true
129,Louisiana,0.5230263157894737,53.8,0.5,true
130,Winthrop,0.5230263157894737,53.8,0.5,true
131,UC-Riverside,0.5197368421052633,53.7,0.5,true
132,Central Florida,0.5197368421052633,53.7,0.5,true
133,Valparaiso,0.5197368421052633,53.7,0.5,true
134,Wagner,0.5164473684210528,53.6,0.5,true
135,New Mexico State,0.5131578947368421,53.5,0.5,true
136,Sacramento State,0.5131578947368421,53.5,0.5,true
137,Siena,0.5131578947368421,53.5,0.5,true
138,IUPUI,0.5098684210526316,53.4,0.5,true
139,Louisville,0.5098684210526316,53.4,0.5,true
140,Eastern Washington,0.506578947368421,53.3,0.5,true
141,Rice,0.506578947368421,53.3,0.5,true
142,Bethune-Cookman,0.5032894736842107,53.2,0.5,true
143,Fairleigh Dickinson,0.5032894736842107,53.2,0.5,true
144,Loyola (MD),0.5032894736842107,53.2,0.5,true
145,Sacred Heart,0.5032894736842107,53.2,0.5,true
146,Drexel,0.5000000000000001,53.1,0.5,true
147,Lamar,0.5000000000000001,53.1,0.5,true
148,Rider,0.5000000000000001,53.1,0.5,true
149,DePaul,0.49671052631578955,53.0,0.5,true
150,Purdue-Fort Wayne,0.49671052631578955,53.0,0.5,true
151,Nicholls State,0.49671052631578955,53.0,0.5,true
152,High Point,0.493421052631579,52.9,0.5,true
153,Southern Methodist,0.493421052631579,52.9,0.5,true
154,East Tennessee State,0.4901315789473684,52.8,0.5,true
155,Grand Canyon,0.4901315789473684,52.8,0.5,true
156,Charleston Southern,0.4868421052631581,52.7,0.5,true
157,Evansville,0.4868421052631581,52.7,0.5,true
158,Fairfield,0.4868421052631581,52.7,0.5,true
159,Gardner-Webb,0.4868421052631581,52.7,0.5,true
160,Oregon,0.4868421052631581,52.7,0.5,true
161,Stetson,0.4835526315789475,52.6,0.5,true
162,Cal State Northridge,0.4802631578947369,52.5,0.5,true
163,Dartmouth,0.4802631578947369,52.5,0.5,true
164,Eastern Illinois,0.4802631578947369,52.5,0.5,true
165,Auburn,0.4769736842105263,52.4,0.5,true
166,Louisiana Tech,0.4769736842105263,52.4,0.5,true
167,Maryland,0.4769736842105263,52.4,0.5,true
168,South Dakota,0.4769736842105263,52.4,0.5,true
169,Tennessee Tech,0.4769736842105263,52.4,0.5,true
170,VMI,0.4769736842105263,52.4,0.5,true
171,Long Island University,0.47368421052631576,52.3,0.5,true
172,Montana,0.47368421052631576,52.3,0.5,true
173,Radford,0.47368421052631576,52.3,0.5,true
174,Alabama A&M,0.4703947368421054,52.2,0.5,true
175,UC-Santa Barbara,0.4703947368421054,52.2,0.5,true
176,Duke,0.4703947368421054,52.2,0.5,true
177,Lafayette,0.4703947368421054,52.2,0.5,true
178,New Hampshire,0.4703947368421054,52.2,0.5,true
179,Portland,0.4703947368421054,52.2,0.5,true
180,Kentucky,0.46710526315789486,52.1,0.5,true
181,North Carolina State,0.4638157894736843,52.0,0.5,true
182,Bradley,0.46052631578947373,51.9,0.5,true
183,Chicago State,0.46052631578947373,51.9,0.5,true
184,Houston Baptist,0.46052631578947373,51.9,0.5,true
185,Green Bay,0.4572368421052631,51.8,0.5,true
186,Illinois State,0.4572368421052631,51.8,0.5,true
187,Marquette,0.4572368421052631,51.8,0.5,true
188,Seton Hall,0.4572368421052631,51.8,0.5,true
189,Illinois,0.45394736842105277,51.7,0.5,true
190,Colorado,0.4506578947368422,51.6,0.5,true
191,Florida Atlantic,0.4506578947368422,51.6,0.5,true
192,Norfolk State,0.4506578947368422,51.6,0.5,true
193,Tennessee-Martin,0.4506578947368422,51.6,0.5,true
194,Citadel,0.44736842105263164,51.5,0.5,true
195,Morehead State,0.44736842105263164,51.5,0.5,true
196,North Texas,0.44736842105263164,51.5,0.5,true
197,American,0.4440789473684211,51.4,0.5,true
198,Marshall,0.4440789473684211,51.4,0.5,true
199,Mississippi State,0.4440789473684211,51.4,0.5,true
200,UCLA,0.4440789473684211,51.4,0.5,true
201,Idaho,0.4407894736842105,51.3,0.5,true
202,Jacksonville,0.4407894736842105,51.3,0.5,true
203,Miami (FL),0.4407894736842105,51.3,0.5,true
204,Texas Tech,0.4407894736842105,51.3,0.5,true
205,Delaware,0.43750000000000017,51.2,0.5,true
206,South Carolina,0.43750000000000017,51.2,0.5,true
207,Arizona State,0.4342105263157896,51.1,0.5,true
208,Florida,0.4342105263157896,51.1,0.5,true
209,Youngstown State,0.4342105263157896,51.1,0.5,true
210,UC-Davis,0.43092105263157904,51.0,0.5,true
211,East Carolina,0.43092105263157904,51.0,0.5,true
212,Marist,0.43092105263157904,51.0,0.5,true
213,Coastal Carolina,0.4276315789473684,50.9,0.5,true
214,Utah Valley,0.4276315789473684,50.9,0.5,true
215,Wofford,0.4276315789473684,50.9,0.5,true
216,Arkansas-Pine Bluff,0.42434210526315785,50.8,0.5,true
217,Eastern Kentucky,0.42434210526315785,50.8,0.5,true
218,Indiana,0.42434210526315785,50.8,0.5,true
219,Oral Roberts,0.42434210526315785,50.8,0.5,true
220,San Francisco,0.42434210526315785,50.8,0.5,true
221,St. Bonaventure,0.42434210526315785,50.8,0.5,true
222,Texas,0.42434210526315785,50.8,0.5,true
223,Brown,0.4210526315789475,50.7,0.5,true
224,Portland State,0.4210526315789475,50.7,0.5,true
225,Troy,0.4210526315789475,50.7,0.5,true
226,Hampton,0.41776315789473695,50.6,0.5,true
227,Rutgers,0.41776315789473695,50.6,0.5,true
228,North Carolina-Asheville,0.4144736842105264,50.5,0.5,true
229,Southeast Missouri State,0.4144736842105264,50.5,0.5,true
230,Nevada-Las Vegas,0.4111842105263158,50.4,0.5,true
231,Vanderbilt,0.4111842105263158,50.4,0.5,true
232,Chattanooga,0.40789473684210525,50.3,0.5,true
233,George Washington,0.40789473684210525,50.3,0.5,true
234,Iona,0.40789473684210525,50.3,0.5,true
235,Pittsburgh,0.40789473684210525,50.3,0.5,true
236,Syracuse,0.40789473684210525,50.3,0.5,true
237,Florida International,0.4046052631578949,50.2,0.5,true
238,Jackson State,0.4046052631578949,50.2,0.5,true
239,St. John's (NY),0.4046052631578949,50.2,0.5,true
240,Akron,0.40131578947368435,50.1,0.5,true
241,Butler,0.40131578947368435,50.1,0.5,true
242,Saint Joseph's,0.40131578947368435,50.1,0.5,true
243,Samford,0.40131578947368435,50.1,0.5,true
244,Arizona,0.39802631578947373,50.0,0.5,true
245,Nebraska,0.39802631578947373,50.0,0.5,true
246,Mercer,0.39473684210526316,49.9,0.5,true
247,Northern Colorado,0.39473684210526316,49.9,0.5,true
248,Clemson,0.3914473684210526,49.8,0.5,true
249,Florida State,0.3914473684210526,49.8,0.5,true
250,Incarnate Word,0.3914473684210526,49.8,0.5,true
251,Boston College,0.38815789473684226,49.7,0.5,true
252,South Dakota State,0.38815789473684226,49.7,0.5,true
253,Grambling,0.3848684210526317,49.6,0.5,true
254,Mississippi Valley State,0.38157894736842113,49.5,0.5,true
255,Southern,0.38157894736842113,49.5,0.5,true
256,Florida A&M,0.37828947368421056,49.4,0.5,true
257,Wisconsin,0.37499999999999994,49.3,0.5,true
258,Howard,0.37171052631578966,49.2,0.5,true
259,Idaho State,0.37171052631578966,49.2,0.5,true
260,Kent State,0.37171052631578966,49.2,0.5,true
261,Penn State,0.37171052631578966,49.2,0.5,true
262,James Madison,0.36842105263157904,49.1,0.5,true
263,Longwood,0.36842105263157904,49.1,0.5,true
264,Western Carolina,0.36842105263157904,49.1,0.5,true
265,UC-Irvine,0.3651315789473685,49.0,0.5,true
266,Hofstra,0.3651315789473685,49.0,0.5,true
267,Kennesaw State,0.3618421052631579,48.9,0.5,true
268,Oklahoma,0.3618421052631579,48.9,0.5,true
269,Western Kentucky,0.3618421052631579,48.9,0.5,true
270,Kansas,0.35855263157894735,48.8,0.5,true
271,Prairie View,0.35855263157894735,48.8,0.5,true
272,Rhode Island,0.35855263157894735,48.8,0.5,true
273,Alabama,0.3486842105263159,48.5,0.5,true
274,Boston University,0.3486842105263159,48.5,0.5,true
275,Northern Arizona,0.3486842105263159,48.5,0.5,true
276,Stanford,0.3486842105263159,48.5,0.5,true
277,George Mason,0.34539473684210525,48.4,0.5,true
278,North Dakota,0.34539473684210525,48.4,0.5,true
279,Connecticut,0.3421052631578947,48.3,0.5,true
280,Mount St. Mary's,0.3421052631578947,48.3,0.5,true
281,Charlotte,0.33881578947368435,48.2,0.5,true
282,Southern Utah,0.33881578947368435,48.2,0.5,true
283,Western Michigan,0.33881578947368435,48.2,0.5,true
284,Northern Iowa,0.3355263157894738,48.1,0.5,true
285,SIU Edwardsville,0.3355263157894738,48.1,0.5,true
286,Texas-El Paso,0.3322368421052632,48.0,0.5,true
287,Wyoming,0.3322368421052632,48.0,0.5,true
288,Ball State,0.32894736842105265,47.9,0.5,true
289,Delaware State,0.32894736842105265,47.9,0.5,true
290,Monmouth,0.32236842105263175,47.7,0.5,true
291,South Carolina State,0.3190789473684212,47.6,0.5,true
292,Harvard,0.31578947368421056,47.5,0.5,true
293,Washington,0.31578947368421056,47.5,0.5,true
294,Fordham,0.3125,47.4,0.5,true
295,Jacksonville State,0.30921052631578944,47.3,0.5,true
296,Morgan State,0.30921052631578944,47.3,0.5,true
297,Boise State,0.30263157894736853,47.1,0.5,true
298,Denver,0.2960526315789474,46.9,0.5,true
299,Northwestern State,0.2960526315789474,46.9,0.5,true
300,Texas-San Antonio,0.2960526315789474,46.9,0.5,true
301,Central Connecticut State,0.29276315789473684,46.8,0.5,true
302,Austin Peay,0.2894736842105265,46.7,0.5,true
303,Cal State Fullerton,0.2894736842105265,46.7,0.5,true
304,Central Michigan,0.2894736842105265,46.7,0.5,true
305,Missouri,0.2894736842105265,46.7,0.5,true
306,Saint Francis (PA),0.2894736842105265,46.7,0.5,true
307,Stephen F. Austin,0.2894736842105265,46.7,0.5,true
308,Texas A&M,0.2894736842105265,46.7,0.5,true
309,Milwaukee,0.27960526315789475,46.4,0.5,true
310,Vermont,0.27960526315789475,46.4,0.5,true
311,Georgia State,0.2763157894736842,46.3,0.5,true
312,North Dakota State,0.2763157894736842,46.3,0.5,true
313,North Carolina-Greensboro,0.27302631578947384,46.2,0.5,true
314,Appalachian State,0.2697368421052633,46.1,0.5,true
315,Louisiana State,0.2697368421052633,46.1,0.5,true
316,Wake Forest,0.2697368421052633,46.1,0.5,true
317,Coppin State,0.2631578947368421,45.9,0.5,true
318,Missouri State,0.2565789473684212,45.7,0.5,true
319,Arkansas State,0.2532894736842106,45.6,0.5,true
320,Long Beach State,0.25000000000000006,45.5,0.5,true
321,Missouri-Kansas City,0.25000000000000006,45.5,0.5,true
322,Tennessee State,0.25000000000000006,45.5,0.5,true
323,Middle Tennessee,0.2467105263157895,45.4,0.5,true
324,Pacific,0.2467105263157895,45.4,0.5,true
325,University of California,0.2434210526315789,45.3,0.5,true
326,St. Francis (NY),0.2434210526315789,45.3,0.5,true
327,Stony Brook,0.2434210526315789,45.3,0.5,true
328,Bowling Green State,0.24013157894736858,45.2,0.5,true
329,Indiana State,0.24013157894736858,45.2,0.5,true
330,Eastern Michigan,0.236842105263158,45.1,0.5,true
331,Bryant,0.23355263157894743,