


,BLK%_Def
Rank,Name,Val,Normalized,Weight,Enabled
1,Gonzaga,1.0,4.9,0.5,true
2,Towson,0.9215686274509804,5.7,0.5,true
3,Troy,0.911764705882353,5.8,0.5,true
4,Jacksonville State,0.9019607843137255,5.9,0.5,true
5,New Mexico State,0.9019607843137255,5.9,0.5,true
6,North Dakota,0.9019607843137255,5.9,0.5,true
7,North Carolina-Wilmington,0.8823529411764707,6.1,0.5,true
8,Ohio,0.8823529411764707,6.1,0.5,true
9,Howard,0.8725490196078431,6.2,0.5,true
10,Tennessee,0.8725490196078431,6.2,0.5,true
11,Colorado State,0.8627450980392157,6.3,0.5,true
12,St. John's (NY),0.8529411764705882,6.4,0.5,true
13,Cal State Bakersfield,0.8431372549019608,6.5,0.5,true
14,Lafayette,0.8431372549019608,6.5,0.5,true
15,Cal State Fullerton,0.8333333333333334,6.6,0.5,true
16,UC-Irvine,0.8235294117647058,6.7,0.5,true
17,UC-Riverside,0.8235294117647058,6.7,0.5,true
18,Campbell,0.8235294117647058,6.7,0.5,true
19,Houston,0.8235294117647058,6.7,0.5,true
20,Temple,0.8235294117647058,6.7,0.5,true
21,Old Dominion,0.8137254901960784,6.8,0.5,true
22,Texas Tech,0.8137254901960784,6.8,0.5,true
23,Green Bay,0.803921568627451,6.9,0.5,true
24,Nevada-Las Vegas,0.803921568627451,6.9,0.5,true
25,Brigham Young,0.7941176470588236,7.0,0.5,true
26,Elon,0.7941176470588236,7.0,0.5,true
27,Maine,0.7941176470588236,7.0,0.5,true
28,Montana State,0.7941176470588236,7.0,0.5,true
29,Little Rock,0.7843137254901962,7.1,0.5,true
30,Bradley,0.7843137254901962,7.1,0.5,true
31,Florida Atlantic,0.7843137254901962,7.1,0.5,true
32,Hawaii,0.7843137254901962,7.1,0.5,true
33,Bowling Green State,0.7745098039215687,7.2,0.5,true
34,California Baptist,0.7745098039215687,7.2,0.5,true
35,Denver,0.7745098039215687,7.2,0.5,true
36,Hofstra,0.7745098039215687,7.2,0.5,true
37,Louisiana State,0.7745098039215687,7.2,0.5,true
38,Nevada,0.7745098039215687,7.2,0.5,true
39,Northeastern,0.7745098039215687,7.2,0.5,true
40,Western Illinois,0.7745098039215687,7.2,0.5,true
41,Cal State Northridge,0.7647058823529412,7.3,0.5,true
42,Northern Illinois,0.7647058823529412,7.3,0.5,true
43,Wofford,0.7647058823529412,7.3,0.5,true
44,Illinois State,0.7549019607843137,7.4,0.5,true
45,Saint Joseph's,0.7549019607843137,7.4,0.5,true
46,Weber State,0.7549019607843137,7.4,0.5,true
47,Abilene Christian,0.7450980392156863,7.5,0.5,true
48,Central Arkansas,0.7450980392156863,7.5,0.5,true
49,Davidson,0.7450980392156863,7.5,0.5,true
50,Georgia Southern,0.7450980392156863,7.5,0.5,true
51,Iowa State,0.7450980392156863,7.5,0.5,true
52,San Diego State,0.7450980392156863,7.5,0.5,true
53,SIU Edwardsville,0.7450980392156863,7.5,0.5,true
54,Florida A&M,0.7352941176470589,7.6,0.5,true
55,Seattle,0.7352941176470589,7.6,0.5,true
56,Southern California,0.7352941176470589,7.6,0.5,true
57,Southern Methodist,0.7352941176470589,7.6,0.5,true
58,St. Bonaventure,0.7352941176470589,7.6,0.5,true
59,Virginia Commonwealth,0.7352941176470589,7.6,0.5,true
60,Washington,0.7352941176470589,7.6,0.5,true
61,Yale,0.7352941176470589,7.6,0.5,true
62,Alcorn State,0.7254901960784313,7.7,0.5,true
63,Chicago State,0.7254901960784313,7.7,0.5,true
64,Kentucky,0.7254901960784313,7.7,0.5,true
65,Marshall,0.7254901960784313,7.7,0.5,true
66,McNeese State,0.7254901960784313,7.7,0.5,true
67,Northern Iowa,0.7254901960784313,7.7,0.5,true
68,Oregon State,0.7254901960784313,7.7,0.5,true
69,Southern Mississippi,0.7254901960784313,7.7,0.5,true
70,UC-Santa Barbara,0.7156862745098039,7.8,0.5,true
71,Iowa,0.7156862745098039,7.8,0.5,true
72,Louisiana,0.7156862745098039,7.8,0.5,true
73,North Carolina-Greensboro,0.7156862745098039,7.8,0.5,true
74,Stephen F. Austin,0.7156862745098039,7.8,0.5,true
75,Washington State,0.7156862745098039,7.8,0.5,true
76,Austin Peay,0.7058823529411764,7.9,0.5,true
77,Holy Cross,0.7058823529411764,7.9,0.5,true
78,Idaho State,0.7058823529411764,7.9,0.5,true
79,Maryland-Baltimore County,0.7058823529411764,7.9,0.5,true
80,Oral Roberts,0.7058823529411764,7.9,0.5,true
81,Providence,0.7058823529411764,7.9,0.5,true
82,Samford,0.7058823529411764,7.9,0.5,true
83,Toledo,0.7058823529411764,7.9,0.5,true
84,Valparaiso,0.7058823529411764,7.9,0.5,true
85,Duke,0.696078431372549,8.0,0.5,true
86,Oregon,0.696078431372549,8.0,0.5,true
87,Utah Valley,0.696078431372549,8.0,0.5,true
88,William & Mary,0.696078431372549,8.0,0.5,true
89,Central Florida,0.6862745098039216,8.1,0.5,true
90,Gardner-Webb,0.6862745098039216,8.1,0.5,true
91,Grand Canyon,0.6862745098039216,8.1,0.5,true
92,Montana,0.6862745098039216,8.1,0.5,true
93,San Jose State,0.6862745098039216,8.1,0.5,true
94,Vermont,0.6862745098039216,8.1,0.5,true
95,Air Force,0.6764705882352942,8.2,0.5,true
96,Clemson,0.6764705882352942,8.2,0.5,true
97,College of Charleston,0.6764705882352942,8.2,0.5,true
98,Dayton,0.6764705882352942,8.2,0.5,true
99,DePaul,0.6764705882352942,8.2,0.5,true
100,Idaho,0.6764705882352942,8.2,0.5,true
101,Kennesaw State,0.6764705882352942,8.2,0.5,true
102,Presbyterian,0.6764705882352942,8.2,0.5,true
103,Sam Houston State,0.6764705882352942,8.2,0.5,true
104,Siena,0.6764705882352942,8.2,0.5,true
105,Alabama-Birmingham,0.6666666666666666,8.3,0.5,true
106,Boise State,0.6666666666666666,8.3,0.5,true
107,Boston University,0.6666666666666666,8.3,0.5,true
108,Buffalo,0.6666666666666666,8.3,0.5,true
109,Columbia,0.6666666666666666,8.3,0.5,true
110,Eastern Michigan,0.6666666666666666,8.3,0.5,true
111,Florida State,0.6666666666666666,8.3,0.5,true
112,Indiana State,0.6666666666666666,8.3,0.5,true
113,Liberty,0.6666666666666666,8.3,0.5,true
114,Michigan State,0.6666666666666666,8.3,0.5,true
115,Northern Arizona,0.6666666666666666,8.3,0.5,true
116,Santa Clara,0.6666666666666666,8.3,0.5,true
117,Tennessee-Martin,0.6666666666666666,8.3,0.5,true
118,Kansas State,0.6568627450980392,8.4,0.5,true
119,Long Beach State,0.6568627450980392,8.4,0.5,true
120,Pennsylvania,0.6568627450980392,8.4,0.5,true
121,South Dakota State,0.6568627450980392,8.4,0.5,true
122,Virginia,0.6568627450980392,8.4,0.5,true
123,Chattanooga,0.6470588235294118,8.5,0.5,true
124,Coppin State,0.6470588235294118,8.5,0.5,true
125,Grambling,0.6470588235294118,8.5,0.5,true
126,Purdue-Fort Wayne,0.6470588235294118,8.5,0.5,true
127,Kent State,0.6470588235294118,8.5,0.5,true
128,Notre Dame,0.6470588235294118,8.5,0.5,true
129,Southern Illinois,0.6470588235294118,8.5,0.5,true
130,Texas-San Antonio,0.6470588235294118,8.5,0.5,true
131,Arkansas,0.6372549019607844,8.6,0.5,true
132,Ball State,0.6372549019607844,8.6,0.5,true
133,Boston College,0.6372549019607844,8.6,0.5,true
134,Fordham,0.6372549019607844,8.6,0.5,true
135,Middle Tennessee,0.6372549019607844,8.6,0.5,true
136,Omaha,0.6372549019607844,8.6,0.5,true
137,Niagara,0.6372549019607844,8.6,0.5,true
138,South Carolina State,0.6372549019607844,8.6,0.5,true
139,Stanford,0.6372549019607844,8.6,0.5,true
140,UCLA,0.6372549019607844,8.6,0.5,true
141,Akron,0.627450980392157,8.7,0.5,true
142,University of California,0.627450980392157,8.7,0.5,true
143,Connecticut,0.627450980392157,8.7,0.5,true
144,Harvard,0.627450980392157,8.7,0.5,true
145,Incarnate Word,0.627450980392157,8.7,0.5,true
146,Miami (FL),0.627450980392157,8.7,0.5,true
147,New Hampshire,0.627450980392157,8.7,0.5,true
148,Portland State,0.627450980392157,8.7,0.5,true
149,Robert Morris,0.627450980392157,8.7,0.5,true
150,Texas-Rio Grande Valley,0.627450980392157,8.7,0.5,true
151,Xavier,0.627450980392157,8.7,0.5,true
152,Eastern Washington,0.6176470588235293,8.8,0.5,true
153,Hampton,0.6176470588235293,8.8,0.5,true
154,James Madison,0.6176470588235293,8.8,0.5,true
155,Marquette,0.6176470588235293,8.8,0.5,true
156,Norfolk State,0.6176470588235293,8.8,0.5,true
157,Radford,0.6176470588235293,8.8,0.5,true
158,Stetson,0.6176470588235293,8.8,0.5,true
159,Texas Southern,0.6176470588235293,8.8,0.5,true
160,Villanova,0.6176470588235293,8.8,0.5,true
161,Alabama A&M,0.6078431372549019,8.9,0.5,true
162,Appalachian State,0.6078431372549019,8.9,0.5,true
163,Dartmouth,0.6078431372549019,8.9,0.5,true
164,Delaware,0.6078431372549019,8.9,0.5,true
165,Drake,0.6078431372549019,8.9,0.5,true
166,East Tennessee State,0.6078431372549019,8.9,0.5,true
167,Eastern Illinois,0.6078431372549019,8.9,0.5,true
168,Florida,0.6078431372549019,8.9,0.5,true
169,Jacksonville,0.6078431372549019,8.9,0.5,true
170,Lamar,0.6078431372549019,8.9,0.5,true
171,Murray State,0.6078431372549019,8.9,0.5,true
172,Rhode Island,0.6078431372549019,8.9,0.5,true
173,Rutgers,0.6078431372549019,8.9,0.5,true
174,Binghamton,0.5980392156862745,9.0,0.5,true
175,Eastern Kentucky,0.5980392156862745,9.0,0.5,true
176,Georgia,0.5980392156862745,9.0,0.5,true
177,Kansas,0.5980392156862745,9.0,0.5,true
178,Missouri State,0.5980392156862745,9.0,0.5,true
179,North Dakota State,0.5980392156862745,9.0,0.5,true
180,Rider,0.5980392156862745,9.0,0.5,true
181,Sacramento State,0.5980392156862745,9.0,0.5,true
182,Arizona State,0.5882352941176471,9.1,0.5,true
183,Coastal Carolina,0.5882352941176471,9.1,0.5,true
184,Fairleigh Dickinson,0.5882352941176471,9.1,0.5,true
185,George Washington,0.5882352941176471,9.1,0.5,true
186,Georgetown,0.5882352941176471,9.1,0.5,true
187,Southern,0.5882352941176471,9.1,0.5,true
188,Tennessee Tech,0.5882352941176471,9.1,0.5,true
189,American,0.5784313725490197,9.2,0.5,true
190,Brown,0.5784313725490197,9.2,0.5,true
191,Bucknell,0.5784313725490197,9.2,0.5,true
192,Colorado,0.5784313725490197,9.2,0.5,true
193,Houston Baptist,0.5784313725490197,9.2,0.5,true
194,Illinois-Chicago,0.5784313725490197,9.2,0.5,true
195,Penn State,0.5784313725490197,9.2,0.5,true
196,Saint Mary's (CA),0.5784313725490197,9.2,0.5,true
197,Utah State,0.5784313725490197,9.2,0.5,true
198,Youngstown State,0.5784313725490197,9.2,0.5,true
199,Canisius,0.5686274509803921,9.3,0.5,true
200,Colgate,0.5686274509803921,9.3,0.5,true
201,Evansville,0.5686274509803921,9.3,0.5,true
202,Maryland-Eastern Shore,0.5686274509803921,9.3,0.5,true
203,Oakland,0.5686274509803921,9.3,0.5,true
204,Saint Peter's,0.5686274509803921,9.3,0.5,true
205,Texas A&M-Corpus Christi,0.5686274509803921,9.3,0.5,true
206,Tulsa,0.5686274509803921,9.3,0.5,true
207,UC-Davis,0.5588235294117647,9.4,0.5,true
208,Drexel,0.5588235294117647,9.4,0.5,true
209,North Florida,0.5588235294117647,9.4,0.5,true
210,Ohio State,0.5588235294117647,9.4,0.5,true
211,Oklahoma,0.5588235294117647,9.4,0.5,true
212,Wagner,0.5588235294117647,9.4,0.5,true
213,Wyoming,0.5588235294117647,9.4,0.5,true
214,Alabama State,0.5490196078431373,9.5,0.5,true
215,Arkansas-Pine Bluff,0.5490196078431373,9.5,0.5,true
216,Arkansas State,0.5490196078431373,9.5,0.5,true
217,Charleston Southern,0.5490196078431373,9.5,0.5,true
218,Georgia Tech,0.5490196078431373,9.5,0.5,true
219,Milwaukee,0.5490196078431373,9.5,0.5,true
220,Mount St. Mary's,0.5490196078431373,9.5,0.5,true
221,San Diego,0.5490196078431373,9.5,0.5,true
222,Cincinnati,0.5392156862745099,9.6,0.5,true
223,Georgia State,0.5392156862745099,9.6,0.5,true
224,Loyola Marymount,0.5392156862745099,9.6,0.5,true
225,Mississippi Valley State,0.5392156862745099,9.6,0.5,true
226,Monmouth,0.5392156862745099,9.6,0.5,true
227,New Mexico,0.5392156862745099,9.6,0.5,true
228,North Carolina A&T,0.5392156862745099,9.6,0.5,true
229,Northwestern,0.5392156862745099,9.6,0.5,true
230,Pepperdine,0.5392156862745099,9.6,0.5,true
231,Richmond,0.5392156862745099,9.6,0.5,true
232,Western Kentucky,0.5392156862745099,9.6,0.5,true
233,East Carolina,0.5294117647058825,9.7,0.5,true
234,Florida Gulf Coast,0.5294117647058825,9.7,0.5,true
235,Illinois,0.5294117647058825,9.7,0.5,true
236,Jackson State,0.5294117647058825,9.7,0.5,true
237,La Salle,0.5294117647058825,9.7,0.5,true
238,Louisiana Tech,0.5294117647058825,9.7,0.5,true
239,North Carolina State,0.5294117647058825,9.7,0.5,true
240,Tulane,0.5294117647058825,9.7,0.5,true
241,Indiana,0.5196078431372548,9.8,0.5,true
242,Maryland,0.5196078431372548,9.8,0.5,true
243,Massachusetts-Lowell,0.5196078431372548,9.8,0.5,true
244,Michigan,0.5196078431372548,9.8,0.5,true
245,Missouri-Kansas City,0.5196078431372548,9.8,0.5,true
246,Nicholls State,0.5196078431372548,9.8,0.5,true
247,Northern Colorado,0.5196078431372548,9.8,0.5,true
248,Syracuse,0.5196078431372548,9.8,0.5,true
249,Virginia Tech,0.5196078431372548,9.8,0.5,true
250,Western Michigan,0.5196078431372548,9.8,0.5,true
251,Cal Poly,0.5098039215686274,9.9,0.5,true
252,Mississippi,0.5098039215686274,9.9,0.5,true
253,Wright State,0.5098039215686274,9.9,0.5,true
254,Belmont,0.5,10.0,0.5,true
255,Bethune-Cookman,0.5,10.0,0.5,true
256,Central Connecticut State,0.5,10.0,0.5,true
257,Nebraska,0.5,10.0,0.5,true
258,North Carolina Central,0.5,10.0,0.5,true
259,Sacred Heart,0.5,10.0,0.5,true
260,South Carolina Upstate,0.5,10.0,0.5,true
261,Detroit Mercy,0.4901960784313726,10.1,0.5,true
262,Lipscomb,0.4901960784313726,10.1,0.5,true
263,Miami (OH),0.4901960784313726,10.1,0.5,true
264,Rice,0.4901960784313726,10.1,0.5,true
265,Cleveland State,0.48039215686274517,10.2,0.5,true
266,Lehigh,0.48039215686274517,10.2,0.5,true
267,Marist,0.48039215686274517,10.2,0.5,true
268,New Orleans,0.48039215686274517,10.2,0.5,true
269,NJIT,0.48039215686274517,10.2,0.5,true
270,Northwestern State,0.48039215686274517,10.2,0.5,true
271,Saint Louis,0.48039215686274517,10.2,0.5,true
272,South Carolina,0.48039215686274517,10.2,0.5,true
273,Mississippi State,0.47058823529411753,10.3,0.5,true
274,Massachusetts,0.4607843137254901,10.4,0.5,true
275,Oklahoma State,0.4607843137254901,10.4,0.5,true
276,Portland,0.4607843137254901,10.4,0.5,true
277,Southern Utah,0.4607843137254901,10.4,0.5,true
278,Texas-El Paso,0.4607843137254901,10.4,0.5,true
279,West Virginia,0.4607843137254901,10.4,0.5,true
280,Southeast Missouri State,0.4509803921568627,10.5,0.5,true
281,Stony Brook,0.4509803921568627,10.5,0.5,true
282,Wichita State,0.4509803921568627,10.5,0.5,true
283,Arizona,0.4411764705882353,10.6,0.5,true
284,Creighton,0.4411764705882353,10.6,0.5,true
285,Fresno State,0.4411764705882353,10.6,0.5,true
286,High Point,0.4411764705882353,10.6,0.5,true
287,Louisville,0.4411764705882353,10.6,0.5,true
288,Savannah State,0.4411764705882353,10.6,0.5,true
289,St. Francis (NY),0.4411764705882353,10.6,0.5,true
290,Fairfield,0.43137254901960786,10.7,0.5,true
291,Northern Kentucky,0.43137254901960786,10.7,0.5,true
292,San Francisco,0.43137254901960786,10.7,0.5,true
293,Texas Christian,0.43137254901960786,10.7,0.5,true
294,Texas State,0.43137254901960786,10.7,0.5,true
295,Texas,0.43137254901960786,10.7,0.5,true
296,Wisconsin,0.43137254901960786,10.7,0.5,true
297,Butler,0.42156862745098034,10.8,0.5,true
298,Furman,0.42156862745098034,10.8,0.5,true
299,George Mason,0.42156862745098034,10.8,0.5,true
300,Tennessee State,0.42156862745098034,10.8,0.5,true
301,Winthrop,0.42156862745098034,10.8,0.5,true
302,Pacific,0.4117647058823529,10.9,0.5,true
303,Prairie View,0.4117647058823529,10.9,0.5,true
304,South Dakota,0.4117647058823529,10.9,0.5,true
305,Delaware State,0.4019607843137255,11.0,0.5,true
306,IUPUI,0.4019607843137255,11.0,0.5,true
307,Saint Francis (PA),0.4019607843137255,11.0,0.5,true
308,Mercer,0.3921568627450981,11.1,0.5,true
309,North Carolina-Asheville,0.3921568627450981,11.1,0.5,true
310,North Carolina,0.3921568627450981,11.1,0.5,true
311,VMI,0.3921568627450981,11.1,0.5,true
312,Duquesne,0.3823529411764707,11.2,0.5,true
313,Long Island University,0.3823529411764707,11.2,0.5,true
314,Minnesota,0.3823529411764707,11.2,0.5,true
315,Citadel,0.37254901960784303,11.3,0.5,true
316,Hartford,0.37254901960784303,11.3,0.5,true
317,Missouri,0.37254901960784303,11.3,0.5,true
318,Vanderbilt,0.37254901960784303,11.3,0.5,true
319,Cornell,0.3627450980392156,11.4,0.5,true
320,Iona,0.3627450980392156,11.4,0.5,true
321,Louisiana-Monroe,0.3627450980392156,11.4,0.5,true
322,Princeton,0.3627450980392156,11.4,0.5,true
323,Purdue,0.3627450980392156,11.4,0.5,true
324,Texas-Arlington,0.3627450980392156,11.4,0.5,true
325,Auburn,0.3529411764705882,11.5,0.5,true
326,Florida International,0.3529411764705882,11.5,0.5,true
327,Loyola (MD),0.3529411764705882,11.5,0.5,true
328,Morgan State,0.3529411764705882,11.5,0.5,true
329,Memphis,0.3431372549019608,11.6,0.5,true
330,Southeastern Louisiana,0.3431372549019608,11.6,0.5,true
331,Seton Hall,0.33333333333333337,11.7,0.5,true
332,Wake Forest,0.33333333333333337,11.7,0.5,true
333,Bryant,0.32352941176470584,11.8,0.5,true
334,Navy,0.3137254901960784,11.9,0.5,true
335,Quinnipiac,0.3137254901960784,11.9,0.5,true
336,Alabama,0.303921568627451,12.0,0.5,true
337,Manhattan,0.303921568627451,12.0,0.5,true
338,Longwood,0.2941176470588236