


,BLK%_Off
Rank,Name,Val,Normalized,Weight,Enabled
1,Saint Peter's,1.0,17.7,0.5,true
2,Syracuse,0.9253731343283582,16.7,0.5,true
3,Duke,0.9029850746268656,16.4,0.5,true
4,Washington,0.8880597014925373,16.2,0.5,true
5,Auburn,0.8805970149253732,16.1,0.5,true
6,St. Bonaventure,0.828358208955224,15.4,0.5,true
7,Texas Tech,0.8208955223880597,15.3,0.5,true
8,Tennessee,0.8134328358208955,15.2,0.5,true
9,Oregon State,0.7910447761194032,14.9,0.5,true
10,Cincinnati,0.7761194029850746,14.7,0.5,true
11,Oregon,0.7686567164179106,14.6,0.5,true
12,Arkansas,0.7611940298507462,14.5,0.5,true
13,Georgia State,0.7537313432835823,14.4,0.5,true
14,Georgia Tech,0.7537313432835823,14.4,0.5,true
15,Western Kentucky,0.7537313432835823,14.4,0.5,true
16,Kentucky,0.7388059701492538,14.2,0.5,true
17,Michigan State,0.7313432835820897,14.1,0.5,true
18,Old Dominion,0.7313432835820897,14.1,0.5,true
19,Baylor,0.7164179104477614,13.9,0.5,true
20,Houston,0.7089552238805971,13.8,0.5,true
21,Mississippi State,0.6940298507462688,13.6,0.5,true
22,Eastern Michigan,0.6865671641791045,13.5,0.5,true
23,Gonzaga,0.6791044776119405,13.4,0.5,true
24,Norfolk State,0.6791044776119405,13.4,0.5,true
25,Maryland,0.6716417910447762,13.3,0.5,true
26,Clemson,0.6641791044776119,13.2,0.5,true
27,Oklahoma State,0.6567164179104479,13.1,0.5,true
28,Jacksonville,0.6492537313432836,13.0,0.5,true
29,Purdue,0.6492537313432836,13.0,0.5,true
30,Iowa State,0.6343283582089553,12.8,0.5,true
31,Georgia,0.626865671641791,12.7,0.5,true
32,South Carolina,0.626865671641791,12.7,0.5,true
33,Texas A&M,0.626865671641791,12.7,0.5,true
34,Binghamton,0.619402985074627,12.6,0.5,true
35,Florida State,0.6119402985074627,12.5,0.5,true
36,Stony Brook,0.6119402985074627,12.5,0.5,true
37,Central Florida,0.6044776119402987,12.4,0.5,true
38,Holy Cross,0.6044776119402987,12.4,0.5,true
39,William & Mary,0.6044776119402987,12.4,0.5,true
40,Purdue-Fort Wayne,0.5970149253731344,12.3,0.5,true
41,Troy,0.5970149253731344,12.3,0.5,true
42,Virginia Commonwealth,0.5970149253731344,12.3,0.5,true
43,Virginia,0.5970149253731344,12.3,0.5,true
44,Jacksonville State,0.5895522388059702,12.2,0.5,true
45,Duquesne,0.582089552238806,12.1,0.5,true
46,Indiana,0.582089552238806,12.1,0.5,true
47,Missouri State,0.582089552238806,12.1,0.5,true
48,Northwestern State,0.582089552238806,12.1,0.5,true
49,Saint Louis,0.582089552238806,12.1,0.5,true
50,Utah State,0.582089552238806,12.1,0.5,true
51,Vermont,0.582089552238806,12.1,0.5,true
52,Long Island University,0.5746268656716419,12.0,0.5,true
53,Louisiana State,0.5746268656716419,12.0,0.5,true
54,Wagner,0.5746268656716419,12.0,0.5,true
55,Connecticut,0.5671641791044777,11.9,0.5,true
56,East Tennessee State,0.5671641791044777,11.9,0.5,true
57,Jackson State,0.5671641791044777,11.9,0.5,true
58,Stephen F. Austin,0.5671641791044777,11.9,0.5,true
59,Arkansas State,0.5597014925373136,11.8,0.5,true
60,Furman,0.5522388059701493,11.7,0.5,true
61,Grambling,0.5522388059701493,11.7,0.5,true
62,Murray State,0.5522388059701493,11.7,0.5,true
63,Notre Dame,0.5522388059701493,11.7,0.5,true
64,Southern Illinois,0.5522388059701493,11.7,0.5,true
65,Alabama,0.5447761194029851,11.6,0.5,true
66,Bradley,0.5447761194029851,11.6,0.5,true
67,Florida Gulf Coast,0.5447761194029851,11.6,0.5,true
68,North Carolina-Greensboro,0.5447761194029851,11.6,0.5,true
69,Northern Kentucky,0.5447761194029851,11.6,0.5,true
70,Florida International,0.537313432835821,11.5,0.5,true
71,South Alabama,0.537313432835821,11.5,0.5,true
72,Texas Christian,0.537313432835821,11.5,0.5,true
73,Texas,0.537313432835821,11.5,0.5,true
74,Cal State Northridge,0.5298507462686568,11.4,0.5,true
75,Portland State,0.5298507462686568,11.4,0.5,true
76,Rhode Island,0.5298507462686568,11.4,0.5,true
77,Toledo,0.5298507462686568,11.4,0.5,true
78,Western Illinois,0.5298507462686568,11.4,0.5,true
79,Florida,0.5223880597014927,11.3,0.5,true
80,Rutgers,0.5223880597014927,11.3,0.5,true
81,Southern Methodist,0.5223880597014927,11.3,0.5,true
82,Wisconsin,0.5223880597014927,11.3,0.5,true
83,Marquette,0.5149253731343284,11.2,0.5,true
84,Nebraska,0.5149253731343284,11.2,0.5,true
85,Seton Hall,0.5149253731343284,11.2,0.5,true
86,Yale,0.5149253731343284,11.2,0.5,true
87,UC-Irvine,0.5074626865671642,11.1,0.5,true
88,Charlotte,0.5074626865671642,11.1,0.5,true
89,Howard,0.5074626865671642,11.1,0.5,true
90,Monmouth,0.5074626865671642,11.1,0.5,true
91,Nevada,0.5074626865671642,11.1,0.5,true
92,Northwestern,0.5074626865671642,11.1,0.5,true
93,Pittsburgh,0.5074626865671642,11.1,0.5,true
94,Portland,0.5074626865671642,11.1,0.5,true
95,Southern Mississippi,0.5074626865671642,11.1,0.5,true
96,Tennessee Tech,0.5074626865671642,11.1,0.5,true
97,Xavier,0.5074626865671642,11.1,0.5,true
98,American,0.5000000000000001,11.0,0.5,true
99,Brown,0.5000000000000001,11.0,0.5,true
100,Harvard,0.5000000000000001,11.0,0.5,true
101,Kansas,0.5000000000000001,11.0,0.5,true
102,Providence,0.5000000000000001,11.0,0.5,true
103,Central Connecticut State,0.4925373134328359,10.9,0.5,true
104,New Orleans,0.4925373134328359,10.9,0.5,true
105,Samford,0.4925373134328359,10.9,0.5,true
106,Green Bay,0.48507462686567177,10.8,0.5,true
107,Memphis,0.48507462686567177,10.8,0.5,true
108,Morehead State,0.48507462686567177,10.8,0.5,true
109,North Florida,0.48507462686567177,10.8,0.5,true
110,Stanford,0.48507462686567177,10.8,0.5,true
111,Cal State Bakersfield,0.47761194029850745,10.7,0.5,true
112,Eastern Illinois,0.47761194029850745,10.7,0.5,true
113,Florida A&M,0.47761194029850745,10.7,0.5,true
114,Lafayette,0.47761194029850745,10.7,0.5,true
115,Maine,0.47761194029850745,10.7,0.5,true
116,Sacred Heart,0.47761194029850745,10.7,0.5,true
117,Citadel,0.4701492537313433,10.6,0.5,true
118,Fresno State,0.4701492537313433,10.6,0.5,true
119,Georgetown,0.4701492537313433,10.6,0.5,true
120,Illinois-Chicago,0.4701492537313433,10.6,0.5,true
121,Marshall,0.4701492537313433,10.6,0.5,true
122,Michigan,0.4701492537313433,10.6,0.5,true
123,UCLA,0.4701492537313433,10.6,0.5,true
124,Buffalo,0.46268656716417916,10.5,0.5,true
125,Georgia Southern,0.46268656716417916,10.5,0.5,true
126,Loyola Marymount,0.455223880597015,10.4,0.5,true
127,Nicholls State,0.455223880597015,10.4,0.5,true
128,Penn State,0.455223880597015,10.4,0.5,true
129,St. Francis (NY),0.455223880597015,10.4,0.5,true
130,Vanderbilt,0.455223880597015,10.4,0.5,true
131,Minnesota,0.4477611940298509,10.3,0.5,true
132,Colgate,0.44029850746268656,10.2,0.5,true
133,Fairleigh Dickinson,0.44029850746268656,10.2,0.5,true
134,Kent State,0.44029850746268656,10.2,0.5,true
135,Niagara,0.44029850746268656,10.2,0.5,true
136,Campbell,0.4328358208955224,10.1,0.5,true
137,Central Arkansas,0.4328358208955224,10.1,0.5,true
138,Charleston Southern,0.4328358208955224,10.1,0.5,true
139,North Carolina State,0.4328358208955224,10.1,0.5,true
140,Ohio,0.4328358208955224,10.1,0.5,true
141,Radford,0.4328358208955224,10.1,0.5,true
142,Rider,0.4328358208955224,10.1,0.5,true
143,Saint Joseph's,0.4328358208955224,10.1,0.5,true
144,San Diego State,0.4328358208955224,10.1,0.5,true
145,Drake,0.42537313432835827,10.0,0.5,true
146,East Carolina,0.42537313432835827,10.0,0.5,true
147,Louisiana,0.42537313432835827,10.0,0.5,true
148,Louisiana Tech,0.42537313432835827,10.0,0.5,true
149,Sacramento State,0.42537313432835827,10.0,0.5,true
150,St. John's (NY),0.42537313432835827,10.0,0.5,true
151,Weber State,0.42537313432835827,10.0,0.5,true
152,University of California,0.4179104477611941,9.9,0.5,true
153,Fordham,0.4179104477611941,9.9,0.5,true
154,South Florida,0.4179104477611941,9.9,0.5,true
155,Youngstown State,0.4179104477611941,9.9,0.5,true
156,Alcorn State,0.41044776119403,9.8,0.5,true
157,High Point,0.41044776119403,9.8,0.5,true
158,Mississippi,0.41044776119403,9.8,0.5,true
159,North Carolina,0.41044776119403,9.8,0.5,true
160,Arizona State,0.40298507462686567,9.7,0.5,true
161,Canisius,0.40298507462686567,9.7,0.5,true
162,Illinois State,0.40298507462686567,9.7,0.5,true
163,Mount St. Mary's,0.40298507462686567,9.7,0.5,true
164,Towson,0.40298507462686567,9.7,0.5,true
165,Nevada-Las Vegas,0.3955223880597015,9.6,0.5,true
166,Wichita State,0.3955223880597015,9.6,0.5,true
167,Coppin State,0.3880597014925374,9.5,0.5,true
168,Hampton,0.3880597014925374,9.5,0.5,true
169,Santa Clara,0.3880597014925374,9.5,0.5,true
170,Arkansas-Pine Bluff,0.38059701492537323,9.4,0.5,true
171,Milwaukee,0.38059701492537323,9.4,0.5,true
172,Southern California,0.38059701492537323,9.4,0.5,true
173,Alabama State,0.3731343283582091,9.3,0.5,true
174,Iowa,0.3731343283582091,9.3,0.5,true
175,Oral Roberts,0.3731343283582091,9.3,0.5,true
176,Seattle,0.3731343283582091,9.3,0.5,true
177,West Virginia,0.3731343283582091,9.3,0.5,true
178,Austin Peay,0.3656716417910448,9.2,0.5,true
179,Belmont,0.3656716417910448,9.2,0.5,true
180,UC-Santa Barbara,0.3656716417910448,9.2,0.5,true
181,IUPUI,0.3656716417910448,9.2,0.5,true
182,Maryland-Baltimore County,0.3656716417910448,9.2,0.5,true
183,North Carolina A&T,0.3656716417910448,9.2,0.5,true
184,Wofford,0.3656716417910448,9.2,0.5,true
185,Boston College,0.35820895522388063,9.1,0.5,true
186,Hofstra,0.35820895522388063,9.1,0.5,true
187,Tulane,0.35820895522388063,9.1,0.5,true
188,North Carolina-Asheville,0.3507462686567165,9.0,0.5,true
189,Texas A&M-Corpus Christi,0.3507462686567165,9.0,0.5,true
190,Akron,0.34328358208955234,8.9,0.5,true
191,Ball State,0.34328358208955234,8.9,0.5,true
192,Bucknell,0.34328358208955234,8.9,0.5,true
193,Cal Poly,0.34328358208955234,8.9,0.5,true
194,Sam Houston State,0.34328358208955234,8.9,0.5,true
195,Southern Utah,0.34328358208955234,8.9,0.5,true
196,Villanova,0.34328358208955234,8.9,0.5,true
197,Bethune-Cookman,0.33582089552238814,8.8,0.5,true
198,Brigham Young,0.33582089552238814,8.8,0.5,true
199,Gardner-Webb,0.33582089552238814,8.8,0.5,true
200,McNeese State,0.33582089552238814,8.8,0.5,true
201,Richmond,0.33582089552238814,8.8,0.5,true
202,San Francisco,0.33582089552238814,8.8,0.5,true
203,DePaul,0.3283582089552239,8.7,0.5,true
204,Kennesaw State,0.3283582089552239,8.7,0.5,true
205,Miami (FL),0.3283582089552239,8.7,0.5,true
206,Virginia Tech,0.3283582089552239,8.7,0.5,true
207,Little Rock,0.32089552238805974,8.6,0.5,true
208,Cal State Fullerton,0.32089552238805974,8.6,0.5,true
209,Cornell,0.32089552238805974,8.6,0.5,true
210,Eastern Washington,0.32089552238805974,8.6,0.5,true
211,La Salle,0.32089552238805974,8.6,0.5,true
212,Manhattan,0.32089552238805974,8.6,0.5,true
213,Montana,0.32089552238805974,8.6,0.5,true
214,Valparaiso,0.32089552238805974,8.6,0.5,true
215,Colorado,0.3134328358208956,8.5,0.5,true
216,Dartmouth,0.3134328358208956,8.5,0.5,true
217,Mercer,0.3134328358208956,8.5,0.5,true
218,Oklahoma,0.3134328358208956,8.5,0.5,true
219,Rice,0.3134328358208956,8.5,0.5,true
220,San Diego,0.3134328358208956,8.5,0.5,true
221,Stetson,0.3134328358208956,8.5,0.5,true
222,Florida Atlantic,0.3059701492537314,8.4,0.5,true
223,New Mexico,0.3059701492537314,8.4,0.5,true
224,Cleveland State,0.29850746268656725,8.3,0.5,true
225,Columbia,0.29850746268656725,8.3,0.5,true
226,George Washington,0.29850746268656725,8.3,0.5,true
227,James Madison,0.29850746268656725,8.3,0.5,true
228,Lamar,0.29850746268656725,8.3,0.5,true
229,Siena,0.29850746268656725,8.3,0.5,true
230,Texas-Arlington,0.29850746268656725,8.3,0.5,true
231,George Mason,0.291044776119403,8.2,0.5,true
232,Liberty,0.291044776119403,8.2,0.5,true
233,Miami (OH),0.291044776119403,8.2,0.5,true
234,Pepperdine,0.291044776119403,8.2,0.5,true
235,Abilene Christian,0.28358208955223885,8.1,0.5,true
236,New Mexico State,0.28358208955223885,8.1,0.5,true
237,South Carolina Upstate,0.28358208955223885,8.1,0.5,true
238,Southern,0.28358208955223885,8.1,0.5,true
239,Washington State,0.28358208955223885,8.1,0.5,true
240,Coastal Carolina,0.27611940298507465,8.0,0.5,true
241,Eastern Kentucky,0.27611940298507465,8.0,0.5,true
242,Iona,0.27611940298507465,8.0,0.5,true
243,Massachusetts,0.27611940298507465,8.0,0.5,true
244,Missouri-Kansas City,0.27611940298507465,8.0,0.5,true
245,Saint Francis (PA),0.27611940298507465,8.0,0.5,true
246,Denver,0.2686567164179105,7.9,0.5,true
247,Idaho State,0.2686567164179105,7.9,0.5,true
248,Louisville,0.2686567164179105,7.9,0.5,true
249,North Texas,0.2686567164179105,7.9,0.5,true
250,Northern Colorado,0.2686567164179105,7.9,0.5,true
251,Robert Morris,0.2686567164179105,7.9,0.5,true
252,Savannah State,0.2686567164179105,7.9,0.5,true
253,Tennessee-Martin,0.2686567164179105,7.9,0.5,true
254,Wyoming,0.2686567164179105,7.9,0.5,true
255,Davidson,0.2611940298507463,7.8,0.5,true
256,Kansas State,0.2611940298507463,7.8,0.5,true
257,Oakland,0.2611940298507463,7.8,0.5,true
258,Texas-El Paso,0.2611940298507463,7.8,0.5,true
259,Texas State,0.2611940298507463,7.8,0.5,true
260,Bowling Green State,0.25373134328358216,7.7,0.5,true
261,Texas-Rio Grande Valley,0.25373134328358216,7.7,0.5,true
262,Lipscomb,0.24626865671641793,7.6,0.5,true
263,Long Beach State,0.24626865671641793,7.6,0.5,true
264,Middle Tennessee,0.24626865671641793,7.6,0.5,true
265,NJIT,0.24626865671641793,7.6,0.5,true
266,North Carolina Central,0.24626865671641793,7.6,0.5,true
267,Alabama-Birmingham,0.23880597014925378,7.5,0.5,true
268,Bryant,0.23880597014925378,7.5,0.5,true
269,Central Michigan,0.23880597014925378,7.5,0.5,true
270,Tennessee State,0.23880597014925378,7.5,0.5,true
271,Longwood,0.2313432835820896,7.4,0.5,true
272,College of Charleston,0.2238805970149254,7.3,0.5,true
273,Illinois,0.2238805970149254,7.3,0.5,true
274,Maryland-Eastern Shore,0.2238805970149254,7.3,0.5,true
275,North Dakota,0.2238805970149254,7.3,0.5,true
276,Ohio State,0.2238805970149254,7.3,0.5,true
277,Northern Illinois,0.21641791044776124,7.2,0.5,true
278,Texas Southern,0.21641791044776124,7.2,0.5,true
279,Wake Forest,0.21641791044776124,7.2,0.5,true
280,Winthrop,0.21641791044776124,7.2,0.5,true
281,Albany (NY),0.20895522388059704,7.1,0.5,true
282,Creighton,0.20895522388059704,7.1,0.5,true
283,Dayton,0.20895522388059704,7.1,0.5,true
284,Evansville,0.20895522388059704,7.1,0.5,true
285,Southeastern Louisiana,0.20895522388059704,7.1,0.5,true
286,California Baptist,0.20149253731343286,7.0,0.5,true
287,UC-Davis,0.20149253731343286,7.0,0.5,true
288,Detroit Mercy,0.20149253731343286,7.0,0.5,true
289,Loyola (IL),0.20149253731343286,7.0,0.5,true
290,Tulsa,0.20149253731343286,7.0,0.5,true
291,Utah,0.20149253731343286,7.0,0.5,true
292,Saint Mary's (CA),0.19402985074626872,6.9,0.5,true
293,Southeast Missouri State,0.19402985074626872,6.9,0.5,true
294,Texas-San Antonio,0.19402985074626872,6.9,0.5,true
295,Appalachian State,0.1865671641791045,6.8,0.5,true
296,Indiana State,0.1865671641791045,6.8,0.5,true
297,Massachusetts-Lowell,0.1865671641791045,6.8,0.5,true
298,Northern Iowa,0.17910447761194034,6.7,0.5,true
299,Princeton,0.17910447761194034,6.7,0.5,true
300,Arizona,0.17164179104477612,6.6,0.5,true
301,Boston University,0.17164179104477612,6.6,0.5,true
302,Colorado State,0.17164179104477612,6.6,0.5,true
303,North Dakota State,0.17164179104477612,6.6,0.5,true
304,Boise State,0.16417910447761197,6.5,0.5,true
305,Delaware,0.16417910447761197,6.5,0.5,true
306,North Alabama,0.16417910447761197,6.5,0.5,true
307,Northern Arizona,0.16417910447761197,6.5,0.5,true
308,Utah Valley,0.16417910447761197,6.5,0.5,true
309,Western Michigan,0.16417910447761197,6.5,0.5,true
310,Chattanooga,0.15671641791044782,6.4,0.5,true
311,Chicago State,0.15671641791044782,6.4,0.5,true
312,South Dakota,0.15671641791044782,6.4,0.5,true
313,Lehigh,0.1492537313432836,6.3,0.5,true
314,Temple,0.1492537313432836,6.3,0.5,true
315,Louisiana-Monroe,0.14179104477611945,6.2,0.5,true
316,Loyola (MD),0.14179104477611945,6.2,0.5,true
317,Marist,0.14179104477611945,6.2,0.5,true
318,Pennsylvania,0.14179104477611945,6.2,0.5,true
319,Presbyterian,0.14179104477611945,6.2,0.5,true
320,Wright State,0.14179104477611945,6.2,0.5,true
321,SIU Edwardsville,0.13432835820895522,6.1,0.5,true
322,Fairfield,0.12686567164179108,6.0,0.5,true
323,Hartford,0.12686567164179108,6.0,0.5,true
324,North Carolina-Wilmington,0.12686567164179108,6.0,0.5,true
325,Delaware State,0.11940298507462692,5.9,0.5,true
326,Grand Canyon,0.11940298507462692,5.9,0.5,true
327,Northeastern,0.11940298507462692,5.9,0.5,true
328,South Dakota State,0.11940298507462692,5.9,0.5,true
329,Air Force,0.1119402985074627,5.8,0.5,true
330,Butler,0.1119402985074627,5.8,0.5,true
331,Hawaii,0.1119402985074627,5.8,0.5,true
332,Mississippi Valley State,0.1119402985074627,5.8,0.