


,FG%_Def
Rank,Name,Val,Normalized,Weight,Enabled
1,Houston,1.0,0.367,0.5,true
2,Texas Tech,0.992,0.368,0.5,true
3,Michigan State,0.9119999999999999,0.378,0.5,true
4,UC-Irvine,0.8959999999999999,0.38,0.5,true
5,Virginia,0.8959999999999999,0.38,0.5,true
6,Virginia Commonwealth,0.8639999999999999,0.384,0.5,true
7,Grambling,0.8319999999999999,0.388,0.5,true
8,Gonzaga,0.8239999999999998,0.389,0.5,true
9,Old Dominion,0.8079999999999998,0.391,0.5,true
10,Utah State,0.8079999999999998,0.391,0.5,true
11,Wisconsin,0.7919999999999998,0.393,0.5,true
12,Central Florida,0.7759999999999998,0.395,0.5,true
13,Duke,0.7759999999999998,0.395,0.5,true
14,Stony Brook,0.7759999999999998,0.395,0.5,true
15,Akron,0.7679999999999998,0.396,0.5,true
16,Maryland,0.7599999999999998,0.397,0.5,true
17,Syracuse,0.7519999999999998,0.398,0.5,true
18,Michigan,0.7439999999999998,0.399,0.5,true
19,Southern Mississippi,0.7439999999999998,0.399,0.5,true
20,Tennessee,0.7439999999999998,0.399,0.5,true
21,Georgia Tech,0.7279999999999998,0.401,0.5,true
22,Marquette,0.7199999999999998,0.402,0.5,true
23,Oklahoma,0.7199999999999998,0.402,0.5,true
24,Oregon,0.7199999999999998,0.402,0.5,true
25,St. Bonaventure,0.7199999999999998,0.402,0.5,true
26,Kentucky,0.7119999999999997,0.403,0.5,true
27,Clemson,0.6959999999999997,0.405,0.5,true
28,Davidson,0.6959999999999997,0.405,0.5,true
29,Louisville,0.6959999999999997,0.405,0.5,true
30,Cincinnati,0.6879999999999997,0.406,0.5,true
31,Norfolk State,0.6879999999999997,0.406,0.5,true
32,Seattle,0.6879999999999997,0.406,0.5,true
33,Virginia Tech,0.6879999999999997,0.406,0.5,true
34,North Texas,0.6800000000000002,0.407,0.5,true
35,Florida Atlantic,0.6720000000000002,0.408,0.5,true
36,Kansas,0.6720000000000002,0.408,0.5,true
37,Florida State,0.6640000000000001,0.409,0.5,true
38,Nevada,0.6640000000000001,0.409,0.5,true
39,Pittsburgh,0.6640000000000001,0.409,0.5,true
40,Saint Louis,0.6640000000000001,0.409,0.5,true
41,Texas State,0.6640000000000001,0.409,0.5,true
42,Tulsa,0.6640000000000001,0.409,0.5,true
43,Murray State,0.6560000000000001,0.41,0.5,true
44,San Diego State,0.6560000000000001,0.41,0.5,true
45,Texas A&M-Corpus Christi,0.6560000000000001,0.41,0.5,true
46,Bradley,0.6480000000000001,0.411,0.5,true
47,Longwood,0.6480000000000001,0.411,0.5,true
48,Toledo,0.6480000000000001,0.411,0.5,true
49,Yale,0.6480000000000001,0.411,0.5,true
50,Gardner-Webb,0.6400000000000001,0.412,0.5,true
51,Lipscomb,0.6400000000000001,0.412,0.5,true
52,Alabama-Birmingham,0.6320000000000001,0.413,0.5,true
53,Arizona State,0.6320000000000001,0.413,0.5,true
54,Bethune-Cookman,0.6320000000000001,0.413,0.5,true
55,Dayton,0.6320000000000001,0.413,0.5,true
56,Jacksonville State,0.6320000000000001,0.413,0.5,true
57,North Carolina,0.6320000000000001,0.413,0.5,true
58,Brown,0.6240000000000001,0.414,0.5,true
59,Kansas State,0.6240000000000001,0.414,0.5,true
60,Washington,0.6240000000000001,0.414,0.5,true
61,Ball State,0.6160000000000001,0.415,0.5,true
62,Liberty,0.6160000000000001,0.415,0.5,true
63,Furman,0.6000000000000001,0.417,0.5,true
64,Nebraska,0.6000000000000001,0.417,0.5,true
65,Northern Kentucky,0.6000000000000001,0.417,0.5,true
66,Buffalo,0.5920000000000001,0.418,0.5,true
67,Maryland-Baltimore County,0.5920000000000001,0.418,0.5,true
68,New Mexico State,0.5920000000000001,0.418,0.5,true
69,Samford,0.5920000000000001,0.418,0.5,true
70,South Dakota State,0.5920000000000001,0.418,0.5,true
71,Fresno State,0.5840000000000001,0.419,0.5,true
72,Illinois-Chicago,0.5840000000000001,0.419,0.5,true
73,Iowa State,0.5840000000000001,0.419,0.5,true
74,Western Kentucky,0.5840000000000001,0.419,0.5,true
75,Boston College,0.5760000000000001,0.42,0.5,true
76,Monmouth,0.5760000000000001,0.42,0.5,true
77,Northwestern,0.5760000000000001,0.42,0.5,true
78,Ohio State,0.5760000000000001,0.42,0.5,true
79,Vermont,0.5760000000000001,0.42,0.5,true
80,Jackson State,0.5680000000000001,0.421,0.5,true
81,Purdue,0.5680000000000001,0.421,0.5,true
82,Texas-El Paso,0.5680000000000001,0.421,0.5,true
83,Wichita State,0.5680000000000001,0.421,0.5,true
84,Baylor,0.56,0.422,0.5,true
85,Georgia State,0.56,0.422,0.5,true
86,High Point,0.56,0.422,0.5,true
87,Loyola Marymount,0.56,0.422,0.5,true
88,Memphis,0.56,0.422,0.5,true
89,Texas A&M,0.56,0.422,0.5,true
90,Florida,0.552,0.423,0.5,true
91,Indiana,0.552,0.423,0.5,true
92,Long Island University,0.552,0.423,0.5,true
93,NJIT,0.552,0.423,0.5,true
94,South Carolina,0.552,0.423,0.5,true
95,Texas-Arlington,0.552,0.423,0.5,true
96,Colorado,0.544,0.424,0.5,true
97,South Florida,0.544,0.424,0.5,true
98,UCLA,0.544,0.424,0.5,true
99,Arkansas,0.536,0.425,0.5,true
100,Belmont,0.536,0.425,0.5,true
101,California Baptist,0.536,0.425,0.5,true
102,Rutgers,0.536,0.425,0.5,true
103,Bowling Green State,0.528,0.426,0.5,true
104,UC-Santa Barbara,0.528,0.426,0.5,true
105,Georgia,0.528,0.426,0.5,true
106,North Carolina A&T,0.528,0.426,0.5,true
107,Rhode Island,0.528,0.426,0.5,true
108,Southern California,0.528,0.426,0.5,true
109,Louisiana Tech,0.52,0.427,0.5,true
110,Seton Hall,0.52,0.427,0.5,true
111,Southern Illinois,0.52,0.427,0.5,true
112,Utah Valley,0.52,0.427,0.5,true
113,Wofford,0.52,0.427,0.5,true
114,Drake,0.512,0.428,0.5,true
115,Florida A&M,0.512,0.428,0.5,true
116,Oklahoma State,0.512,0.428,0.5,true
117,Southern Methodist,0.512,0.428,0.5,true
118,Texas-San Antonio,0.512,0.428,0.5,true
119,Weber State,0.512,0.428,0.5,true
120,Cal State Fullerton,0.504,0.429,0.5,true
121,Coppin State,0.504,0.429,0.5,true
122,Notre Dame,0.504,0.429,0.5,true
123,St. Francis (NY),0.504,0.429,0.5,true
124,Texas,0.504,0.429,0.5,true
125,Abilene Christian,0.496,0.43,0.5,true
126,East Tennessee State,0.496,0.43,0.5,true
127,Eastern Michigan,0.496,0.43,0.5,true
128,Hampton,0.496,0.43,0.5,true
129,Missouri,0.496,0.43,0.5,true
130,Providence,0.496,0.43,0.5,true
131,Texas Christian,0.496,0.43,0.5,true
132,Wagner,0.496,0.43,0.5,true
133,Coastal Carolina,0.488,0.431,0.5,true
134,Georgetown,0.488,0.431,0.5,true
135,Lehigh,0.488,0.431,0.5,true
136,Montana,0.488,0.431,0.5,true
137,Stanford,0.488,0.431,0.5,true
138,Fordham,0.48,0.432,0.5,true
139,Miami (OH),0.48,0.432,0.5,true
140,Middle Tennessee,0.48,0.432,0.5,true
141,Oregon State,0.48,0.432,0.5,true
142,Princeton,0.48,0.432,0.5,true
143,Sam Houston State,0.48,0.432,0.5,true
144,Santa Clara,0.48,0.432,0.5,true
145,Southern Utah,0.48,0.432,0.5,true
146,Valparaiso,0.48,0.432,0.5,true
147,Auburn,0.472,0.433,0.5,true
148,Charleston Southern,0.472,0.433,0.5,true
149,Northern Illinois,0.472,0.433,0.5,true
150,Pennsylvania,0.472,0.433,0.5,true
151,San Francisco,0.472,0.433,0.5,true
152,Vanderbilt,0.472,0.433,0.5,true
153,Winthrop,0.472,0.433,0.5,true
154,Xavier,0.472,0.433,0.5,true
155,Colgate,0.46399999999999997,0.434,0.5,true
156,Manhattan,0.46399999999999997,0.434,0.5,true
157,Minnesota,0.46399999999999997,0.434,0.5,true
158,North Carolina Central,0.46399999999999997,0.434,0.5,true
159,Northwestern State,0.46399999999999997,0.434,0.5,true
160,Radford,0.46399999999999997,0.434,0.5,true
161,Saint Peter's,0.46399999999999997,0.434,0.5,true
162,Villanova,0.46399999999999997,0.434,0.5,true
163,Bucknell,0.45599999999999996,0.435,0.5,true
164,Loyola (IL),0.45599999999999996,0.435,0.5,true
165,North Carolina-Greensboro,0.45599999999999996,0.435,0.5,true
166,North Florida,0.45599999999999996,0.435,0.5,true
167,St. John's (NY),0.45599999999999996,0.435,0.5,true
168,Louisiana State,0.44799999999999995,0.436,0.5,true
169,New Orleans,0.44799999999999995,0.436,0.5,true
170,Ohio,0.44799999999999995,0.436,0.5,true
171,Saint Mary's (CA),0.44799999999999995,0.436,0.5,true
172,Stephen F. Austin,0.44799999999999995,0.436,0.5,true
173,Towson,0.44799999999999995,0.436,0.5,true
174,Alabama,0.43999999999999995,0.437,0.5,true
175,American,0.43999999999999995,0.437,0.5,true
176,Grand Canyon,0.43999999999999995,0.437,0.5,true
177,Harvard,0.43999999999999995,0.437,0.5,true
178,Howard,0.43999999999999995,0.437,0.5,true
179,Mississippi State,0.43999999999999995,0.437,0.5,true
180,North Carolina State,0.43999999999999995,0.437,0.5,true
181,Saint Joseph's,0.43999999999999995,0.437,0.5,true
182,San Diego,0.43999999999999995,0.437,0.5,true
183,Texas-Rio Grande Valley,0.43999999999999995,0.437,0.5,true
184,Central Arkansas,0.43199999999999994,0.438,0.5,true
185,Charlotte,0.43199999999999994,0.438,0.5,true
186,Cornell,0.43199999999999994,0.438,0.5,true
187,Cal State Bakersfield,0.42399999999999993,0.439,0.5,true
188,Columbia,0.42399999999999993,0.439,0.5,true
189,Connecticut,0.42399999999999993,0.439,0.5,true
190,George Mason,0.42399999999999993,0.439,0.5,true
191,Milwaukee,0.42399999999999993,0.439,0.5,true
192,Little Rock,0.4159999999999999,0.44,0.5,true
193,Brigham Young,0.4159999999999999,0.44,0.5,true
194,Central Connecticut State,0.4159999999999999,0.44,0.5,true
195,Mercer,0.4159999999999999,0.44,0.5,true
196,Northern Iowa,0.4159999999999999,0.44,0.5,true
197,Duquesne,0.4079999999999999,0.441,0.5,true
198,Evansville,0.4079999999999999,0.441,0.5,true
199,George Washington,0.4079999999999999,0.441,0.5,true
200,Illinois State,0.4079999999999999,0.441,0.5,true
201,Lamar,0.4079999999999999,0.441,0.5,true
202,Mississippi,0.4079999999999999,0.441,0.5,true
203,Penn State,0.4079999999999999,0.441,0.5,true
204,Temple,0.4079999999999999,0.441,0.5,true
205,Tennessee Tech,0.4079999999999999,0.441,0.5,true
206,Tulane,0.4079999999999999,0.441,0.5,true
207,Arkansas State,0.3999999999999999,0.442,0.5,true
208,Fairleigh Dickinson,0.3999999999999999,0.442,0.5,true
209,Florida Gulf Coast,0.3999999999999999,0.442,0.5,true
210,Quinnipiac,0.3999999999999999,0.442,0.5,true
211,Robert Morris,0.3999999999999999,0.442,0.5,true
212,Southeastern Louisiana,0.3999999999999999,0.442,0.5,true
213,Western Illinois,0.3999999999999999,0.442,0.5,true
214,Delaware,0.3919999999999999,0.443,0.5,true
215,Georgia Southern,0.3919999999999999,0.443,0.5,true
216,New Hampshire,0.3919999999999999,0.443,0.5,true
217,Nicholls State,0.3919999999999999,0.443,0.5,true
218,Sacramento State,0.3919999999999999,0.443,0.5,true
219,Sacred Heart,0.3919999999999999,0.443,0.5,true
220,Binghamton,0.3839999999999999,0.444,0.5,true
221,Long Beach State,0.3839999999999999,0.444,0.5,true
222,Wyoming,0.3839999999999999,0.444,0.5,true
223,Iona,0.3759999999999999,0.445,0.5,true
224,Marist,0.3759999999999999,0.445,0.5,true
225,Mount St. Mary's,0.3759999999999999,0.445,0.5,true
226,Portland,0.3759999999999999,0.445,0.5,true
227,Campbell,0.3679999999999999,0.446,0.5,true
228,Central Michigan,0.3679999999999999,0.446,0.5,true
229,Cleveland State,0.3679999999999999,0.446,0.5,true
230,Green Bay,0.3679999999999999,0.446,0.5,true
231,Cal State Northridge,0.3599999999999999,0.447,0.5,true
232,College of Charleston,0.3599999999999999,0.447,0.5,true
233,DePaul,0.3599999999999999,0.447,0.5,true
234,Western Michigan,0.3599999999999999,0.447,0.5,true
235,Alcorn State,0.35199999999999987,0.448,0.5,true
236,Arizona,0.35199999999999987,0.448,0.5,true
237,Hawaii,0.35199999999999987,0.448,0.5,true
238,Iowa,0.35199999999999987,0.448,0.5,true
239,Presbyterian,0.35199999999999987,0.448,0.5,true
240,Rice,0.35199999999999987,0.448,0.5,true
241,Troy,0.35199999999999987,0.448,0.5,true
242,Albany (NY),0.34399999999999986,0.449,0.5,true
243,East Carolina,0.34399999999999986,0.449,0.5,true
244,IUPUI,0.34399999999999986,0.449,0.5,true
245,Navy,0.34399999999999986,0.449,0.5,true
246,Nevada-Las Vegas,0.34399999999999986,0.449,0.5,true
247,South Dakota,0.34399999999999986,0.449,0.5,true
248,Boise State,0.33599999999999985,0.45,0.5,true
249,Delaware State,0.33599999999999985,0.45,0.5,true
250,Northern Colorado,0.33599999999999985,0.45,0.5,true
251,South Alabama,0.33599999999999985,0.45,0.5,true
252,Air Force,0.32799999999999985,0.451,0.5,true
253,Austin Peay,0.32799999999999985,0.451,0.5,true
254,Idaho,0.32799999999999985,0.451,0.5,true
255,Indiana State,0.32799999999999985,0.451,0.5,true
256,Jacksonville,0.32799999999999985,0.451,0.5,true
257,Massachusetts,0.32799999999999985,0.451,0.5,true
258,Miami (FL),0.32799999999999985,0.451,0.5,true
259,New Mexico,0.32799999999999985,0.451,0.5,true
260,Texas Southern,0.32799999999999985,0.451,0.5,true
261,Eastern Washington,0.31999999999999984,0.452,0.5,true
262,Hofstra,0.31999999999999984,0.452,0.5,true
263,Massachusetts-Lowell,0.31999999999999984,0.452,0.5,true
264,Missouri State,0.31999999999999984,0.452,0.5,true
265,North Dakota,0.31999999999999984,0.452,0.5,true
266,Eastern Illinois,0.31199999999999983,0.453,0.5,true
267,Elon,0.31199999999999983,0.453,0.5,true
268,Hartford,0.31199999999999983,0.453,0.5,true
269,North Alabama,0.31199999999999983,0.453,0.5,true
270,Wright State,0.31199999999999983,0.453,0.5,true
271,Purdue-Fort Wayne,0.3039999999999998,0.454,0.5,true
272,Louisiana-Monroe,0.3039999999999998,0.454,0.5,true
273,Southeast Missouri State,0.3039999999999998,0.454,0.5,true
274,Alabama State,0.2959999999999998,0.455,0.5,true
275,Arkansas-Pine Bluff,0.2959999999999998,0.455,0.5,true
276,Army,0.2959999999999998,0.455,0.5,true
277,Chattanooga,0.2959999999999998,0.455,0.5,true
278,Colorado State,0.2959999999999998,0.455,0.5,true
279,Florida International,0.2959999999999998,0.455,0.5,true
280,Kent State,0.2959999999999998,0.455,0.5,true
281,Maryland-Eastern Shore,0.2959999999999998,0.455,0.5,true
282,Morehead State,0.2959999999999998,0.455,0.5,true
283,Prairie View,0.2959999999999998,0.455,0.5,true
284,Butler,0.2879999999999998,0.456,0.5,true
285,UC-Davis,0.2879999999999998,0.456,0.5,true
286,La Salle,0.2879999999999998,0.456,0.5,true
287,Maine,0.2879999999999998,0.456,0.5,true
288,McNeese State,0.2879999999999998,0.456,0.5,true
289,West Virginia,0.2879999999999998,0.456,0.5,true
290,Creighton,0.2799999999999998,0.457,0.5,true
291,Holy Cross,0.2799999999999998,0.457,0.5,true
292,Northeastern,0.2799999999999998,0.457,0.5,true
293,Utah,0.2719999999999998,0.458,0.5,true
294,William & Mary,0.2719999999999998,0.458,0.5,true
295,Rider,0.2639999999999998,0.459,0.5,true
296,Dartmouth,0.2559999999999998,0.46,0.5,true
297,Fairfield,0.2559999999999998,0.46,0.5,true
298,James Madison,0.2559999999999998,0.46,0.5,true
299,Oral Roberts,0.2559999999999998,0.46,0.5,true
300,Cal Poly,0.24799999999999978,0.461,0.5,true
301,North Dakota State,0.24799999999999978,0.461,0.5,true
302,Oakland,0.24799999999999978,0.461,0.5,true
303,Saint Francis (PA),0.24799999999999978,0.461,0.5,true
304,Citadel,0.23999999999999977,0.462,0.5,true
305,Siena,0.23999999999999977,0.462,0.5,true
306,Illinois,0.23199999999999976,0.463,0.5,true
307,Louisiana,0.23199999999999976,0.463,0.5,true
308,Portland State,0.23199999999999976,0.463,0.5,true
309,Savannah State,0.23199999999999976,0.463,0.5,true
310,South Carolina Upstate,0.23199999999999976,0.463,0.5,true
311,Mississippi Valley State,0.22399999999999975,0.464,0.5,true
312,Niagara,0.22399999999999975,0.464,0.5,true
313,Pacific,0.22399999999999975,0.464,0.5,true
314,Wake Forest,0.22399999999999975,0.464,0.5,true
315,Youngstown State,0.22399999999999975,0.464,0.5,true
316,Eastern Kentucky,0.21599999999999975,0.465,0.5,true
317,Missouri-Kansas City,0.21599999999999975,0.465,0.5,true
318,Pepperdine,0.21599999999999975,0.465,0.5,true
319,Richmond,0.21599999999999975,0.465,0.5,true
320,Stetson,0.21599999999999975,0.465,0.5,true
321,UC-Riverside,0.20799999999999974,0.466,0.5,true
322,Kennesaw State,0.20799999999999974,0.466,0.5,true
323,Morgan State,0.20799999999999974,0.466,0.5,true
324,Tennessee State,0.20799999999999974,0.466,0.5,true
325,Appalachian State,0.19999999999999973,0.467,0.5,true
326,Marshall,0.19999999999999973,0.467,0.5,true
327,Alabama A&M,0.18400000000000016,0.469,0.5,true
328,Canisius,0.18400000000000016,0.469,0.5,true
329,Omaha,0.18400000000000016,0.469,0.5,true
330,Denver,0.17600000000000016,0.47,0.5,true
331,Boston University,0.16800000000000015,0.471,0.5,true
332,Northern Arizona,0.16800000000000015,0.471,0.5,true
333,Washington State,0.16800000000000015,0.471,0.5,true
334,Lafayette,0.16000000000000014,0.472,0.5,true
335,Detroit Mercy,0.15200000000000014,0.473,0.5,true
336,North Carolina-Wilmington,0.15200000000000014,0.473,0.5,true
337,San Jose State,0.15200000000000014,0.473,0.5,true
338,Bryant,0.13600000000000012,0.475,0.5,true
339,VMI,0.13600000000000012,0.475,0.5,true
340,North Carolina-Asheville,0.1280000000000001,0.476,0.5,true
341,Idaho State,0.1120000000000001,0.478,0.5,true
342,Western Carolina,0.09600000000000009,0.48,0.5,true
343,Southern,