


,FG%_Off
Rank,Name,Val,Normalized,Weight,Enabled
1,Gonzaga,1.0,0.532,0.5,true
2,Dayton,0.8370786516853932,0.503,0.5,true
3,South Dakota State,0.8370786516853932,0.503,0.5,true
4,Belmont,0.8146067415730336,0.499,0.5,true
5,Georgia Southern,0.8146067415730336,0.499,0.5,true
6,Yale,0.8089887640449437,0.498,0.5,true
7,Montana,0.8033707865168538,0.497,0.5,true
8,Tennessee,0.8033707865168538,0.497,0.5,true
9,Murray State,0.7977528089887639,0.496,0.5,true
10,Loyola (IL),0.7808988764044943,0.493,0.5,true
11,Wofford,0.7808988764044943,0.493,0.5,true
12,Liberty,0.7696629213483145,0.491,0.5,true
13,Gardner-Webb,0.7528089887640448,0.488,0.5,true
14,Hofstra,0.7528089887640448,0.488,0.5,true
15,Michigan State,0.741573033707865,0.486,0.5,true
16,Utah Valley,0.741573033707865,0.486,0.5,true
17,East Tennessee State,0.7359550561797751,0.485,0.5,true
18,Little Rock,0.7303370786516852,0.484,0.5,true
19,College of Charleston,0.7247191011235954,0.483,0.5,true
20,Lehigh,0.7247191011235954,0.483,0.5,true
21,Lipscomb,0.7247191011235954,0.483,0.5,true
22,Creighton,0.7191011235955055,0.482,0.5,true
23,Northeastern,0.7191011235955055,0.482,0.5,true
24,Purdue-Fort Wayne,0.7134831460674156,0.481,0.5,true
25,Northern Kentucky,0.7134831460674156,0.481,0.5,true
26,Boston University,0.7078651685393257,0.48,0.5,true
27,Colgate,0.7078651685393257,0.48,0.5,true
28,Fairleigh Dickinson,0.6966292134831459,0.478,0.5,true
29,Kentucky,0.6966292134831459,0.478,0.5,true
30,Virginia,0.6966292134831459,0.478,0.5,true
31,Duke,0.691011235955056,0.477,0.5,true
32,Iowa State,0.691011235955056,0.477,0.5,true
33,Colorado State,0.6853932584269661,0.476,0.5,true
34,Furman,0.6853932584269661,0.476,0.5,true
35,Virginia Tech,0.6853932584269661,0.476,0.5,true
36,Weber State,0.6853932584269661,0.476,0.5,true
37,American,0.6797752808988762,0.475,0.5,true
38,Omaha,0.6797752808988762,0.475,0.5,true
39,Abilene Christian,0.6741573033707863,0.474,0.5,true
40,Saint Mary's (CA),0.6741573033707863,0.474,0.5,true
41,Utah State,0.6741573033707863,0.474,0.5,true
42,William & Mary,0.6741573033707863,0.474,0.5,true
43,Austin Peay,0.6629213483146066,0.472,0.5,true
44,Massachusetts-Lowell,0.6629213483146066,0.472,0.5,true
45,Mississippi State,0.6629213483146066,0.472,0.5,true
46,Richmond,0.6629213483146066,0.472,0.5,true
47,Samford,0.6629213483146066,0.472,0.5,true
48,Texas Tech,0.6629213483146066,0.472,0.5,true
49,Drake,0.6573033707865167,0.471,0.5,true
50,Northern Illinois,0.6573033707865167,0.471,0.5,true
51,Ball State,0.6516853932584268,0.47,0.5,true
52,Boise State,0.6460674157303369,0.469,0.5,true
53,Brigham Young,0.6404494382022473,0.468,0.5,true
54,Xavier,0.6404494382022473,0.468,0.5,true
55,DePaul,0.6348314606741574,0.467,0.5,true
56,San Francisco,0.6348314606741574,0.467,0.5,true
57,Southern Mississippi,0.6348314606741574,0.467,0.5,true
58,Incarnate Word,0.6292134831460675,0.466,0.5,true
59,Nevada,0.6292134831460675,0.466,0.5,true
60,Southern Illinois,0.6292134831460675,0.466,0.5,true
61,Oakland,0.6235955056179776,0.465,0.5,true
62,Georgia State,0.6179775280898877,0.464,0.5,true
63,North Carolina,0.6179775280898877,0.464,0.5,true
64,North Dakota,0.6179775280898877,0.464,0.5,true
65,Utah,0.6179775280898877,0.464,0.5,true
66,Buffalo,0.6123595505617978,0.463,0.5,true
67,Central Florida,0.6123595505617978,0.463,0.5,true
68,Northern Colorado,0.6123595505617978,0.463,0.5,true
69,Oregon State,0.6123595505617978,0.463,0.5,true
70,Cal State Northridge,0.6067415730337079,0.462,0.5,true
71,Holy Cross,0.6067415730337079,0.462,0.5,true
72,Jacksonville State,0.6067415730337079,0.462,0.5,true
73,Kansas,0.6067415730337079,0.462,0.5,true
74,Louisiana State,0.6067415730337079,0.462,0.5,true
75,Radford,0.601123595505618,0.461,0.5,true
76,Drexel,0.5955056179775281,0.46,0.5,true
77,Illinois-Chicago,0.5955056179775281,0.46,0.5,true
78,Sacred Heart,0.5955056179775281,0.46,0.5,true
79,South Alabama,0.5955056179775281,0.46,0.5,true
80,Southern California,0.5955056179775281,0.46,0.5,true
81,UC-Irvine,0.5898876404494383,0.459,0.5,true
82,Delaware,0.5898876404494383,0.459,0.5,true
83,Indiana,0.5898876404494383,0.459,0.5,true
84,Loyola (MD),0.5898876404494383,0.459,0.5,true
85,Marquette,0.5898876404494383,0.459,0.5,true
86,Mississippi,0.5898876404494383,0.459,0.5,true
87,New Mexico State,0.5898876404494383,0.459,0.5,true
88,North Carolina A&T,0.5898876404494383,0.459,0.5,true
89,San Diego,0.5898876404494383,0.459,0.5,true
90,Vermont,0.5898876404494383,0.459,0.5,true
91,North Carolina State,0.5842696629213484,0.458,0.5,true
92,Texas Christian,0.5842696629213484,0.458,0.5,true
93,Cal State Fullerton,0.5786516853932585,0.457,0.5,true
94,Harvard,0.5786516853932585,0.457,0.5,true
95,Loyola Marymount,0.5786516853932585,0.457,0.5,true
96,North Carolina-Greensboro,0.5786516853932585,0.457,0.5,true
97,UCLA,0.5786516853932585,0.457,0.5,true
98,Campbell,0.5730337078651686,0.456,0.5,true
99,Colorado,0.5730337078651686,0.456,0.5,true
100,Houston Baptist,0.5730337078651686,0.456,0.5,true
101,Lamar,0.5730337078651686,0.456,0.5,true
102,Montana State,0.5730337078651686,0.456,0.5,true
103,North Carolina Central,0.5730337078651686,0.456,0.5,true
104,North Dakota State,0.5730337078651686,0.456,0.5,true
105,Oral Roberts,0.5730337078651686,0.456,0.5,true
106,Hartford,0.5674157303370787,0.455,0.5,true
107,Iowa,0.5674157303370787,0.455,0.5,true
108,Jacksonville,0.5674157303370787,0.455,0.5,true
109,Toledo,0.5674157303370787,0.455,0.5,true
110,Winthrop,0.5674157303370787,0.455,0.5,true
111,Alabama-Birmingham,0.5617977528089888,0.454,0.5,true
112,Appalachian State,0.5617977528089888,0.454,0.5,true
113,UC-Santa Barbara,0.5617977528089888,0.454,0.5,true
114,Central Michigan,0.5617977528089888,0.454,0.5,true
115,Fresno State,0.5617977528089888,0.454,0.5,true
116,Grand Canyon,0.5617977528089888,0.454,0.5,true
117,Maryland,0.5617977528089888,0.454,0.5,true
118,McNeese State,0.5617977528089888,0.454,0.5,true
119,Pennsylvania,0.5617977528089888,0.454,0.5,true
120,St. John's (NY),0.5617977528089888,0.454,0.5,true
121,Western Carolina,0.5617977528089888,0.454,0.5,true
122,Clemson,0.5561797752808989,0.453,0.5,true
123,Dartmouth,0.5561797752808989,0.453,0.5,true
124,Florida Gulf Coast,0.5561797752808989,0.453,0.5,true
125,Green Bay,0.5561797752808989,0.453,0.5,true
126,Iona,0.5561797752808989,0.453,0.5,true
127,IUPUI,0.5561797752808989,0.453,0.5,true
128,Stanford,0.5561797752808989,0.453,0.5,true
129,Washington,0.5561797752808989,0.453,0.5,true
130,Wisconsin,0.5561797752808989,0.453,0.5,true
131,Columbia,0.550561797752809,0.452,0.5,true
132,Louisiana-Monroe,0.550561797752809,0.452,0.5,true
133,Missouri State,0.550561797752809,0.452,0.5,true
134,Air Force,0.5449438202247191,0.451,0.5,true
135,Hawaii,0.5449438202247191,0.451,0.5,true
136,Memphis,0.5449438202247191,0.451,0.5,true
137,Mercer,0.5449438202247191,0.451,0.5,true
138,Presbyterian,0.5449438202247191,0.451,0.5,true
139,Bucknell,0.5393258426966292,0.45,0.5,true
140,California Baptist,0.5393258426966292,0.45,0.5,true
141,Coastal Carolina,0.5393258426966292,0.45,0.5,true
142,Michigan,0.5393258426966292,0.45,0.5,true
143,Oregon,0.5393258426966292,0.45,0.5,true
144,Texas Southern,0.5393258426966292,0.45,0.5,true
145,Troy,0.5393258426966292,0.45,0.5,true
146,Valparaiso,0.5393258426966292,0.45,0.5,true
147,Eastern Michigan,0.5337078651685393,0.449,0.5,true
148,Lafayette,0.5337078651685393,0.449,0.5,true
149,Marist,0.5337078651685393,0.449,0.5,true
150,Auburn,0.5280898876404495,0.448,0.5,true
151,Davidson,0.5280898876404495,0.448,0.5,true
152,Grambling,0.5280898876404495,0.448,0.5,true
153,North Florida,0.5280898876404495,0.448,0.5,true
154,Rider,0.5280898876404495,0.448,0.5,true
155,Sacramento State,0.5280898876404495,0.448,0.5,true
156,Tulsa,0.5280898876404495,0.448,0.5,true
157,Washington State,0.5280898876404495,0.448,0.5,true
158,Arizona State,0.5224719101123596,0.447,0.5,true
159,Arkansas,0.5224719101123596,0.447,0.5,true
160,Citadel,0.5224719101123596,0.447,0.5,true
161,Idaho State,0.5224719101123596,0.447,0.5,true
162,Western Kentucky,0.5224719101123596,0.447,0.5,true
163,Connecticut,0.5168539325842697,0.446,0.5,true
164,Louisiana,0.5168539325842697,0.446,0.5,true
165,New Orleans,0.5168539325842697,0.446,0.5,true
166,Purdue,0.5168539325842697,0.446,0.5,true
167,Tennessee-Martin,0.5168539325842697,0.446,0.5,true
168,Butler,0.5112359550561798,0.445,0.5,true
169,George Mason,0.5112359550561798,0.445,0.5,true
170,Georgetown,0.5112359550561798,0.445,0.5,true
171,NJIT,0.5112359550561798,0.445,0.5,true
172,Oklahoma,0.5112359550561798,0.445,0.5,true
173,UC-Riverside,0.5056179775280899,0.444,0.5,true
174,High Point,0.5056179775280899,0.444,0.5,true
175,Houston,0.5056179775280899,0.444,0.5,true
176,Pepperdine,0.5056179775280899,0.444,0.5,true
177,Santa Clara,0.5056179775280899,0.444,0.5,true
178,Southern Utah,0.5056179775280899,0.444,0.5,true
179,Texas State,0.5056179775280899,0.444,0.5,true
180,Bowling Green State,0.5,0.443,0.5,true
181,Brown,0.5,0.443,0.5,true
182,Chattanooga,0.5,0.443,0.5,true
183,Florida State,0.5,0.443,0.5,true
184,North Carolina-Wilmington,0.5,0.443,0.5,true
185,Southern Methodist,0.4943820224719101,0.442,0.5,true
186,Virginia Commonwealth,0.4943820224719101,0.442,0.5,true
187,Alabama,0.4887640449438202,0.441,0.5,true
188,Florida International,0.4887640449438202,0.441,0.5,true
189,Georgia,0.4887640449438202,0.441,0.5,true
190,Idaho,0.4887640449438202,0.441,0.5,true
191,James Madison,0.4887640449438202,0.441,0.5,true
192,Marshall,0.4887640449438202,0.441,0.5,true
193,Massachusetts,0.4887640449438202,0.441,0.5,true
194,Sam Houston State,0.4887640449438202,0.441,0.5,true
195,Seton Hall,0.4887640449438202,0.441,0.5,true
196,Southeastern Louisiana,0.4887640449438202,0.441,0.5,true
197,Baylor,0.48314606741573035,0.44,0.5,true
198,Georgia Tech,0.48314606741573035,0.44,0.5,true
199,Indiana State,0.48314606741573035,0.44,0.5,true
200,Southeast Missouri State,0.48314606741573035,0.44,0.5,true
201,Southern,0.48314606741573035,0.44,0.5,true
202,Western Illinois,0.48314606741573035,0.44,0.5,true
203,Bethune-Cookman,0.47752808988764045,0.439,0.5,true
204,UC-Davis,0.47752808988764045,0.439,0.5,true
205,Norfolk State,0.47752808988764045,0.439,0.5,true
206,Seattle,0.47752808988764045,0.439,0.5,true
207,Stephen F. Austin,0.47752808988764045,0.439,0.5,true
208,Temple,0.47752808988764045,0.439,0.5,true
209,Villanova,0.47752808988764045,0.439,0.5,true
210,Denver,0.47191011235955055,0.438,0.5,true
211,Florida A&M,0.47191011235955055,0.438,0.5,true
212,Prairie View,0.47191011235955055,0.438,0.5,true
213,South Dakota,0.47191011235955055,0.438,0.5,true
214,Texas A&M,0.47191011235955055,0.438,0.5,true
215,Elon,0.46629213483146065,0.437,0.5,true
216,Long Island University,0.46629213483146065,0.437,0.5,true
217,Minnesota,0.46629213483146065,0.437,0.5,true
218,Ohio State,0.46629213483146065,0.437,0.5,true
219,Ohio,0.46629213483146065,0.437,0.5,true
220,Saint Francis (PA),0.46629213483146065,0.437,0.5,true
221,Wright State,0.46629213483146065,0.437,0.5,true
222,Cleveland State,0.46067415730337075,0.436,0.5,true
223,Cornell,0.46067415730337075,0.436,0.5,true
224,Louisiana Tech,0.46067415730337075,0.436,0.5,true
225,San Diego State,0.46067415730337075,0.436,0.5,true
226,Canisius,0.45505617977528084,0.435,0.5,true
227,Miami (FL),0.45505617977528084,0.435,0.5,true
228,North Texas,0.45505617977528084,0.435,0.5,true
229,Towson,0.45505617977528084,0.435,0.5,true
230,Bradley,0.449438202247191,0.434,0.5,true
231,Fairfield,0.449438202247191,0.434,0.5,true
232,Hampton,0.449438202247191,0.434,0.5,true
233,Howard,0.449438202247191,0.434,0.5,true
234,Louisville,0.449438202247191,0.434,0.5,true
235,Siena,0.449438202247191,0.434,0.5,true
236,Maryland-Baltimore County,0.4438202247191011,0.433,0.5,true
237,Robert Morris,0.4438202247191011,0.433,0.5,true
238,Texas-San Antonio,0.4438202247191011,0.433,0.5,true
239,Texas,0.4438202247191011,0.433,0.5,true
240,Cincinnati,0.4382022471910112,0.432,0.5,true
241,Eastern Illinois,0.4382022471910112,0.432,0.5,true
242,Kent State,0.4382022471910112,0.432,0.5,true
243,Long Beach State,0.4382022471910112,0.432,0.5,true
244,Maine,0.4382022471910112,0.432,0.5,true
245,Northern Arizona,0.4382022471910112,0.432,0.5,true
246,Tennessee State,0.4382022471910112,0.432,0.5,true
247,Binghamton,0.4325842696629213,0.431,0.5,true
248,Illinois State,0.4325842696629213,0.431,0.5,true
249,Illinois,0.4325842696629213,0.431,0.5,true
250,Kansas State,0.4325842696629213,0.431,0.5,true
251,Missouri-Kansas City,0.4325842696629213,0.431,0.5,true
252,Saint Peter's,0.4325842696629213,0.431,0.5,true
253,Missouri,0.4269662921348314,0.43,0.5,true
254,Charleston Southern,0.42134831460674155,0.429,0.5,true
255,Eastern Washington,0.42134831460674155,0.429,0.5,true
256,Morehead State,0.42134831460674155,0.429,0.5,true
257,Rhode Island,0.42134831460674155,0.429,0.5,true
258,South Carolina State,0.42134831460674155,0.429,0.5,true
259,South Florida,0.42134831460674155,0.429,0.5,true
260,St. Bonaventure,0.42134831460674155,0.429,0.5,true
261,Texas A&M-Corpus Christi,0.42134831460674155,0.429,0.5,true
262,Army,0.41573033707865165,0.428,0.5,true
263,Cal State Bakersfield,0.41573033707865165,0.428,0.5,true
264,Nebraska,0.41573033707865165,0.428,0.5,true
265,Arizona,0.41011235955056174,0.427,0.5,true
266,Arkansas-Pine Bluff,0.41011235955056174,0.427,0.5,true
267,Duquesne,0.41011235955056174,0.427,0.5,true
268,Florida,0.41011235955056174,0.427,0.5,true
269,Nevada-Las Vegas,0.41011235955056174,0.427,0.5,true
270,Rice,0.41011235955056174,0.427,0.5,true
271,VMI,0.41011235955056174,0.427,0.5,true
272,Youngstown State,0.41011235955056174,0.427,0.5,true
273,University of California,0.40449438202247184,0.426,0.5,true
274,Central Arkansas,0.40449438202247184,0.426,0.5,true
275,Boston College,0.39887640449438194,0.425,0.5,true
276,Quinnipiac,0.39887640449438194,0.425,0.5,true
277,Western Michigan,0.39887640449438194,0.425,0.5,true
278,Eastern Kentucky,0.39325842696629204,0.424,0.5,true
279,Portland State,0.39325842696629204,0.424,0.5,true
280,Providence,0.39325842696629204,0.424,0.5,true
281,Syracuse,0.39325842696629204,0.424,0.5,true
282,Longwood,0.3876404494382022,0.423,0.5,true
283,Oklahoma State,0.3876404494382022,0.423,0.5,true
284,Pacific,0.3876404494382022,0.423,0.5,true
285,South Carolina,0.3876404494382022,0.423,0.5,true
286,St. Francis (NY),0.3876404494382022,0.423,0.5,true
287,Bryant,0.3820224719101123,0.422,0.5,true
288,New Mexico,0.3820224719101123,0.422,0.5,true
289,Nicholls State,0.3820224719101123,0.422,0.5,true
290,Stony Brook,0.3820224719101123,0.422,0.5,true
291,Evansville,0.3764044943820224,0.421,0.5,true
292,Miami (OH),0.3764044943820224,0.421,0.5,true
293,Niagara,0.3764044943820224,0.421,0.5,true
294,Vanderbilt,0.3764044943820224,0.421,0.5,true
295,Milwaukee,0.3707865168539325,0.42,0.5,true
296,Middle Tennessee,0.3651685393258426,0.419,0.5,true
297,Rutgers,0.3651685393258426,0.419,0.5,true
298,Arkansas State,0.35955056179775274,0.418,0.5,true
299,Detroit Mercy,0.35955056179775274,0.418,0.5,true
300,East Carolina,0.35955056179775274,0.418,0.5,true
301,Mount St. Mary's,0.35955056179775274,0.418,0.5,true
302,Pittsburgh,0.35955056179775274,0.418,0.5,true
303,Saint Louis,0.35955056179775274,0.418,0.5,true
304,SIU Edwardsville,0.35955056179775274,0.418,0.5,true
305,Northern Iowa,0.35393258426966284,0.417,0.5,true
306,Penn State,0.35393258426966284,0.417,0.5,true
307,Texas-Rio Grande Valley,0.35393258426966284,0.417,0.5,true
308,Wyoming,0.35393258426966284,0.417,0.5,true
309,Albany (NY),0.34831460674157294,0.416,0.5,true
310,Tennessee Tech,0.34831460674157294,0.416,0.5,true
311,Charlotte,0.34269662921348304,0.415,0.5,true
312,Monmouth,0.34269662921348304,0.415,0.5,true
313,Central Connecticut State,0.33707865168539314,0.414,0.5,true
314,Portland,0.33707865168539314,0.414,0.5,true
315,South Carolina Upstate,0.33707865168539314,0.414,0.5,true
316,West Virginia,0.3314606741573033,0.413,0.5,true
317,Alcorn State,0.3258426966292134,0.412,0.5,true
318,Cal Poly,0.3258426966292134,0.412,0.5,true
319,Florida Atlantic,0.3258426966292134,0.412,0.5,true
320,Chicago State,0.3202247191011235,0.411,0.5,true
321,Old Dominion,0.3202247191011235,0.411,0.5,true
322,Princeton,0.3202247191011235,0.411,0.5,true
323,Tulane,0.3202247191011235,0.411,0.5,true
324,Navy,0.3146067415730336,0.41,0.5,true
325,Akron,0.3089887640449437,0.409,0.5,true
326,Texas-Arlington,0.3089887640449437,0.409,0.5,true