


,FT%_Def
Rank,Name,Val,Normalized,Weight,Enabled
1,Alabama A&M,1.0,0.637,0.5,true
2,Indiana,0.9928571428571429,0.638,0.5,true
3,Southern Mississippi,0.9714285714285714,0.641,0.5,true
4,Central Florida,0.9357142857142857,0.646,0.5,true
5,Quinnipiac,0.9357142857142857,0.646,0.5,true
6,Texas Southern,0.9142857142857143,0.649,0.5,true
7,Virginia,0.8999999999999999,0.651,0.5,true
8,San Jose State,0.8857142857142857,0.653,0.5,true
9,Akron,0.8785714285714284,0.654,0.5,true
10,Albany (NY),0.8714285714285713,0.655,0.5,true
11,Tennessee,0.8714285714285713,0.655,0.5,true
12,Michigan,0.8642857142857142,0.656,0.5,true
13,Washington State,0.8642857142857142,0.656,0.5,true
14,George Washington,0.8499999999999999,0.658,0.5,true
15,St. Bonaventure,0.8499999999999999,0.658,0.5,true
16,Texas-El Paso,0.8428571428571427,0.659,0.5,true
17,Binghamton,0.8142857142857142,0.663,0.5,true
18,Cincinnati,0.8071428571428569,0.664,0.5,true
19,Rutgers,0.7999999999999998,0.665,0.5,true
20,Wisconsin,0.7999999999999998,0.665,0.5,true
21,Kansas State,0.7928571428571427,0.666,0.5,true
22,North Carolina Central,0.7857142857142856,0.667,0.5,true
23,Old Dominion,0.7857142857142856,0.667,0.5,true
24,North Texas,0.7785714285714284,0.668,0.5,true
25,Oregon State,0.7785714285714284,0.668,0.5,true
26,Colorado,0.7714285714285712,0.669,0.5,true
27,George Mason,0.7714285714285712,0.669,0.5,true
28,Liberty,0.7642857142857141,0.67,0.5,true
29,NJIT,0.7642857142857141,0.67,0.5,true
30,Norfolk State,0.7571428571428569,0.671,0.5,true
31,Stony Brook,0.7571428571428569,0.671,0.5,true
32,Nevada,0.7499999999999998,0.672,0.5,true
33,Rider,0.7499999999999998,0.672,0.5,true
34,Oklahoma,0.7357142857142855,0.674,0.5,true
35,Arkansas-Pine Bluff,0.7285714285714284,0.675,0.5,true
36,Drexel,0.7285714285714284,0.675,0.5,true
37,Mercer,0.7285714285714284,0.675,0.5,true
38,Western Illinois,0.7285714285714284,0.675,0.5,true
39,Hawaii,0.7214285714285712,0.676,0.5,true
40,Morgan State,0.7214285714285712,0.676,0.5,true
41,Western Carolina,0.7214285714285712,0.676,0.5,true
42,Northern Illinois,0.7142857142857141,0.677,0.5,true
43,Temple,0.7142857142857141,0.677,0.5,true
44,Grambling,0.7071428571428569,0.678,0.5,true
45,Air Force,0.6999999999999997,0.679,0.5,true
46,Army,0.6999999999999997,0.679,0.5,true
47,Creighton,0.6999999999999997,0.679,0.5,true
48,Furman,0.6999999999999997,0.679,0.5,true
49,Michigan State,0.6999999999999997,0.679,0.5,true
50,Stanford,0.6999999999999997,0.679,0.5,true
51,Arizona,0.6928571428571426,0.68,0.5,true
52,Baylor,0.6928571428571426,0.68,0.5,true
53,Brown,0.6928571428571426,0.68,0.5,true
54,Cal State Fullerton,0.6928571428571426,0.68,0.5,true
55,Duquesne,0.6928571428571426,0.68,0.5,true
56,Southern California,0.6928571428571426,0.68,0.5,true
57,Bethune-Cookman,0.6857142857142855,0.681,0.5,true
58,Eastern Michigan,0.6857142857142855,0.681,0.5,true
59,Evansville,0.6857142857142855,0.681,0.5,true
60,Kansas,0.6857142857142855,0.681,0.5,true
61,Marquette,0.6785714285714284,0.682,0.5,true
62,Tulane,0.6785714285714284,0.682,0.5,true
63,Iona,0.6714285714285712,0.683,0.5,true
64,North Carolina,0.6714285714285712,0.683,0.5,true
65,Richmond,0.6714285714285712,0.683,0.5,true
66,Toledo,0.6714285714285712,0.683,0.5,true
67,Iowa,0.664285714285714,0.684,0.5,true
68,Maryland-Eastern Shore,0.664285714285714,0.684,0.5,true
69,Pennsylvania,0.664285714285714,0.684,0.5,true
70,UC-Davis,0.6571428571428568,0.685,0.5,true
71,Central Michigan,0.6571428571428568,0.685,0.5,true
72,South Alabama,0.6571428571428568,0.685,0.5,true
73,East Tennessee State,0.6499999999999997,0.686,0.5,true
74,Minnesota,0.6499999999999997,0.686,0.5,true
75,New Mexico,0.6499999999999997,0.686,0.5,true
76,South Florida,0.6499999999999997,0.686,0.5,true
77,Texas A&M,0.6499999999999997,0.686,0.5,true
78,Western Kentucky,0.6499999999999997,0.686,0.5,true
79,Alcorn State,0.6428571428571426,0.687,0.5,true
80,Northwestern State,0.6428571428571426,0.687,0.5,true
81,UC-Santa Barbara,0.6357142857142862,0.688,0.5,true
82,Florida Atlantic,0.6357142857142862,0.688,0.5,true
83,Kent State,0.6357142857142862,0.688,0.5,true
84,Long Beach State,0.6357142857142862,0.688,0.5,true
85,Louisiana State,0.6357142857142862,0.688,0.5,true
86,Louisiana Tech,0.6357142857142862,0.688,0.5,true
87,South Dakota State,0.6357142857142862,0.688,0.5,true
88,Wichita State,0.6357142857142862,0.688,0.5,true
89,Georgia Tech,0.628571428571429,0.689,0.5,true
90,Siena,0.628571428571429,0.689,0.5,true
91,Virginia Commonwealth,0.628571428571429,0.689,0.5,true
92,Florida,0.6214285714285719,0.69,0.5,true
93,Southern,0.6214285714285719,0.69,0.5,true
94,Arkansas,0.6142857142857148,0.691,0.5,true
95,Duke,0.6142857142857148,0.691,0.5,true
96,Texas,0.6142857142857148,0.691,0.5,true
97,Buffalo,0.6071428571428577,0.692,0.5,true
98,Houston,0.6071428571428577,0.692,0.5,true
99,Miami (OH),0.6071428571428577,0.692,0.5,true
100,Mississippi Valley State,0.6071428571428577,0.692,0.5,true
101,Nevada-Las Vegas,0.6071428571428577,0.692,0.5,true
102,Texas-Rio Grande Valley,0.6071428571428577,0.692,0.5,true
103,Texas Tech,0.6071428571428577,0.692,0.5,true
104,Tulsa,0.6071428571428577,0.692,0.5,true
105,Austin Peay,0.6000000000000005,0.693,0.5,true
106,Prairie View,0.6000000000000005,0.693,0.5,true
107,Bowling Green State,0.5928571428571433,0.694,0.5,true
108,Chicago State,0.5928571428571433,0.694,0.5,true
109,Florida International,0.5928571428571433,0.694,0.5,true
110,Texas-Arlington,0.5928571428571433,0.694,0.5,true
111,Gonzaga,0.5857142857142862,0.695,0.5,true
112,San Diego State,0.5857142857142862,0.695,0.5,true
113,Wake Forest,0.5857142857142862,0.695,0.5,true
114,Coastal Carolina,0.578571428571429,0.696,0.5,true
115,Fairleigh Dickinson,0.578571428571429,0.696,0.5,true
116,Butler,0.5714285714285718,0.697,0.5,true
117,UC-Riverside,0.5714285714285718,0.697,0.5,true
118,Charleston Southern,0.5714285714285718,0.697,0.5,true
119,Coppin State,0.5714285714285718,0.697,0.5,true
120,Drake,0.5714285714285718,0.697,0.5,true
121,Fordham,0.5714285714285718,0.697,0.5,true
122,Louisville,0.5714285714285718,0.697,0.5,true
123,North Carolina State,0.5714285714285718,0.697,0.5,true
124,Stetson,0.5714285714285718,0.697,0.5,true
125,Tennessee-Martin,0.5714285714285718,0.697,0.5,true
126,Dayton,0.5642857142857147,0.698,0.5,true
127,East Carolina,0.5642857142857147,0.698,0.5,true
128,Hofstra,0.5642857142857147,0.698,0.5,true
129,Jackson State,0.5642857142857147,0.698,0.5,true
130,Jacksonville,0.5642857142857147,0.698,0.5,true
131,New Hampshire,0.5642857142857147,0.698,0.5,true
132,Western Michigan,0.5642857142857147,0.698,0.5,true
133,Wright State,0.5642857142857147,0.698,0.5,true
134,North Florida,0.5571428571428576,0.699,0.5,true
135,Presbyterian,0.5571428571428576,0.699,0.5,true
136,Southern Illinois,0.5571428571428576,0.699,0.5,true
137,Villanova,0.5571428571428576,0.699,0.5,true
138,Weber State,0.5571428571428576,0.699,0.5,true
139,Georgia,0.5500000000000005,0.7,0.5,true
140,High Point,0.5500000000000005,0.7,0.5,true
141,Mississippi,0.5500000000000005,0.7,0.5,true
142,Monmouth,0.5500000000000005,0.7,0.5,true
143,Wofford,0.5500000000000005,0.7,0.5,true
144,Belmont,0.5428571428571433,0.701,0.5,true
145,Central Arkansas,0.5428571428571433,0.701,0.5,true
146,Chattanooga,0.5428571428571433,0.701,0.5,true
147,Citadel,0.5428571428571433,0.701,0.5,true
148,Florida Gulf Coast,0.5428571428571433,0.701,0.5,true
149,Georgia State,0.5428571428571433,0.701,0.5,true
150,Idaho,0.5428571428571433,0.701,0.5,true
151,Marist,0.5428571428571433,0.701,0.5,true
152,Milwaukee,0.5428571428571433,0.701,0.5,true
153,South Carolina State,0.5428571428571433,0.701,0.5,true
154,Troy,0.5428571428571433,0.701,0.5,true
155,Bucknell,0.5357142857142861,0.702,0.5,true
156,Cal Poly,0.5357142857142861,0.702,0.5,true
157,Florida A&M,0.5357142857142861,0.702,0.5,true
158,North Alabama,0.5357142857142861,0.702,0.5,true
159,Pacific,0.5357142857142861,0.702,0.5,true
160,Pepperdine,0.5357142857142861,0.702,0.5,true
161,Samford,0.5357142857142861,0.702,0.5,true
162,SIU Edwardsville,0.5357142857142861,0.702,0.5,true
163,UCLA,0.5357142857142861,0.702,0.5,true
164,Xavier,0.5357142857142861,0.702,0.5,true
165,Kennesaw State,0.5285714285714289,0.703,0.5,true
166,Memphis,0.5285714285714289,0.703,0.5,true
167,Montana State,0.5285714285714289,0.703,0.5,true
168,Nebraska,0.5285714285714289,0.703,0.5,true
169,New Mexico State,0.5285714285714289,0.703,0.5,true
170,Nicholls State,0.5285714285714289,0.703,0.5,true
171,North Carolina-Greensboro,0.5285714285714289,0.703,0.5,true
172,Northern Arizona,0.5285714285714289,0.703,0.5,true
173,Oregon,0.5285714285714289,0.703,0.5,true
174,Cornell,0.5214285714285718,0.704,0.5,true
175,Fairfield,0.5214285714285718,0.704,0.5,true
176,IUPUI,0.5214285714285718,0.704,0.5,true
177,Lamar,0.5214285714285718,0.704,0.5,true
178,Missouri-Kansas City,0.5214285714285718,0.704,0.5,true
179,Santa Clara,0.5214285714285718,0.704,0.5,true
180,Valparaiso,0.5214285714285718,0.704,0.5,true
181,Ball State,0.5142857142857147,0.705,0.5,true
182,UC-Irvine,0.5142857142857147,0.705,0.5,true
183,Davidson,0.5142857142857147,0.705,0.5,true
184,Eastern Illinois,0.5142857142857147,0.705,0.5,true
185,Appalachian State,0.5071428571428576,0.706,0.5,true
186,Dartmouth,0.5071428571428576,0.706,0.5,true
187,Kentucky,0.5071428571428576,0.706,0.5,true
188,North Carolina A&T,0.5071428571428576,0.706,0.5,true
189,Ohio,0.5071428571428576,0.706,0.5,true
190,South Carolina Upstate,0.5071428571428576,0.706,0.5,true
191,Washington,0.5071428571428576,0.706,0.5,true
192,Alabama State,0.5000000000000004,0.707,0.5,true
193,Auburn,0.5000000000000004,0.707,0.5,true
194,Georgia Southern,0.5000000000000004,0.707,0.5,true
195,Purdue-Fort Wayne,0.5000000000000004,0.707,0.5,true
196,Massachusetts-Lowell,0.5000000000000004,0.707,0.5,true
197,Stephen F. Austin,0.5000000000000004,0.707,0.5,true
198,Texas-San Antonio,0.5000000000000004,0.707,0.5,true
199,Columbia,0.4928571428571432,0.708,0.5,true
200,Fresno State,0.4928571428571432,0.708,0.5,true
201,Louisiana-Monroe,0.4928571428571432,0.708,0.5,true
202,Loyola (IL),0.4928571428571432,0.708,0.5,true
203,Notre Dame,0.4928571428571432,0.708,0.5,true
204,St. John's (NY),0.4928571428571432,0.708,0.5,true
205,Alabama,0.4857142857142861,0.709,0.5,true
206,Arizona State,0.4857142857142861,0.709,0.5,true
207,Central Connecticut State,0.4857142857142861,0.709,0.5,true
208,Harvard,0.4857142857142861,0.709,0.5,true
209,Long Island University,0.4857142857142861,0.709,0.5,true
210,Manhattan,0.4857142857142861,0.709,0.5,true
211,New Orleans,0.4857142857142861,0.709,0.5,true
212,Portland State,0.4857142857142861,0.709,0.5,true
213,Wagner,0.4857142857142861,0.709,0.5,true
214,Little Rock,0.478571428571429,0.71,0.5,true
215,Illinois State,0.478571428571429,0.71,0.5,true
216,Maine,0.478571428571429,0.71,0.5,true
217,Middle Tennessee,0.478571428571429,0.71,0.5,true
218,Utah State,0.478571428571429,0.71,0.5,true
219,VMI,0.478571428571429,0.71,0.5,true
220,Canisius,0.47142857142857175,0.711,0.5,true
221,California Baptist,0.46428571428571463,0.712,0.5,true
222,Colgate,0.46428571428571463,0.712,0.5,true
223,Lafayette,0.46428571428571463,0.712,0.5,true
224,Mississippi State,0.46428571428571463,0.712,0.5,true
225,North Carolina-Asheville,0.46428571428571463,0.712,0.5,true
226,Southern Utah,0.46428571428571463,0.712,0.5,true
227,American,0.4571428571428575,0.713,0.5,true
228,Georgetown,0.4571428571428575,0.713,0.5,true
229,Green Bay,0.4571428571428575,0.713,0.5,true
230,Tennessee Tech,0.4571428571428575,0.713,0.5,true
231,Grand Canyon,0.4500000000000004,0.714,0.5,true
232,Hampton,0.4500000000000004,0.714,0.5,true
233,Maryland-Baltimore County,0.4500000000000004,0.714,0.5,true
234,Northwestern,0.4500000000000004,0.714,0.5,true
235,Portland,0.4500000000000004,0.714,0.5,true
236,Tennessee State,0.4500000000000004,0.714,0.5,true
237,Bradley,0.44285714285714317,0.715,0.5,true
238,Iowa State,0.44285714285714317,0.715,0.5,true
239,James Madison,0.44285714285714317,0.715,0.5,true
240,La Salle,0.44285714285714317,0.715,0.5,true
241,Niagara,0.44285714285714317,0.715,0.5,true
242,Winthrop,0.44285714285714317,0.715,0.5,true
243,Missouri State,0.43571428571428605,0.716,0.5,true
244,Pittsburgh,0.43571428571428605,0.716,0.5,true
245,Sam Houston State,0.43571428571428605,0.716,0.5,true
246,Savannah State,0.43571428571428605,0.716,0.5,true
247,Utah Valley,0.43571428571428605,0.716,0.5,true
248,Vanderbilt,0.43571428571428605,0.716,0.5,true
249,Delaware State,0.42857142857142894,0.717,0.5,true
250,Eastern Washington,0.42857142857142894,0.717,0.5,true
251,Missouri,0.42857142857142894,0.717,0.5,true
252,Saint Francis (PA),0.42857142857142894,0.717,0.5,true
253,University of California,0.4214285714285717,0.718,0.5,true
254,Colorado State,0.4214285714285717,0.718,0.5,true
255,Eastern Kentucky,0.4214285714285717,0.718,0.5,true
256,Penn State,0.4214285714285717,0.718,0.5,true
257,Saint Louis,0.4214285714285717,0.718,0.5,true
258,Maryland,0.4142857142857146,0.719,0.5,true
259,Murray State,0.4142857142857146,0.719,0.5,true
260,Northern Colorado,0.4142857142857146,0.719,0.5,true
261,Abilene Christian,0.4071428571428575,0.72,0.5,true
262,Illinois-Chicago,0.4071428571428575,0.72,0.5,true
263,Marshall,0.4071428571428575,0.72,0.5,true
264,Mount St. Mary's,0.4071428571428575,0.72,0.5,true
265,Northern Iowa,0.4071428571428575,0.72,0.5,true
266,Rice,0.4071428571428575,0.72,0.5,true
267,West Virginia,0.4071428571428575,0.72,0.5,true
268,Gardner-Webb,0.40000000000000036,0.721,0.5,true
269,San Francisco,0.40000000000000036,0.721,0.5,true
270,Southeast Missouri State,0.40000000000000036,0.721,0.5,true
271,Vermont,0.40000000000000036,0.721,0.5,true
272,San Diego,0.3928571428571431,0.722,0.5,true
273,Utah,0.3928571428571431,0.722,0.5,true
274,Virginia Tech,0.3928571428571431,0.722,0.5,true
275,Northern Kentucky,0.385714285714286,0.723,0.5,true
276,Syracuse,0.385714285714286,0.723,0.5,true
277,Denver,0.3785714285714289,0.724,0.5,true
278,Indiana State,0.3785714285714289,0.724,0.5,true
279,Rhode Island,0.3785714285714289,0.724,0.5,true
280,Southern Methodist,0.3785714285714289,0.724,0.5,true
281,Florida State,0.3714285714285718,0.725,0.5,true
282,Howard,0.3714285714285718,0.725,0.5,true
283,Princeton,0.3714285714285718,0.725,0.5,true
284,Seattle,0.3714285714285718,0.725,0.5,true
285,Sacred Heart,0.36428571428571455,0.726,0.5,true
286,Cleveland State,0.35714285714285743,0.727,0.5,true
287,Hartford,0.35714285714285743,0.727,0.5,true
288,Miami (FL),0.35714285714285743,0.727,0.5,true
289,Providence,0.35714285714285743,0.727,0.5,true
290,Saint Joseph's,0.35714285714285743,0.727,0.5,true
291,Delaware,0.3500000000000003,0.728,0.5,true
292,Radford,0.3500000000000003,0.728,0.5,true
293,Texas State,0.3500000000000003,0.728,0.5,true
294,Alabama-Birmingham,0.3428571428571431,0.729,0.5,true
295,Clemson,0.3428571428571431,0.729,0.5,true
296,Detroit Mercy,0.3428571428571431,0.729,0.5,true
297,Oakland,0.3428571428571431,0.729,0.5,true
298,Cal State Bakersfield,0.33571428571428596,0.73,0.5,true
299,St. Francis (NY),0.33571428571428596,0.73,0.5,true
300,Boston University,0.32857142857142885,0.731,0.5,true
301,Elon,0.32857142857142885,0.731,0.5,true
302,Holy Cross,0.32857142857142885,0.731,0.5,true
303,North Carolina-Wilmington,0.32857142857142885,0.731,0.5,true
304,Northeastern,0.32857142857142885,0.731,0.5,true
305,Connecticut,0.32142857142857173,0.732,0.5,true
306,McNeese State,0.32142857142857173,0.732,0.5,true
307,Yale,0.32142857142857173,0.732,0.5,true
308,Jacksonville State,0.3142857142857145,0.733,0.5,true
309,Lehigh,0.3142857142857145,0.733,0.5,true
310,Massachusetts,0.3142857142857145,0.733,0.5,true
311,Purdue,0.3142857142857145,0.733,0.5,true
312,Texas Christian,0.3142857142857145,0.733,0.5,true
313,Louisiana,0.3071428571428574,0.734,0.5,true
314,Southeastern Louisiana,0.3071428571428574,0.734,0.5,true
315,Youngstown State,0.3071428571428574,0.734,0.5,true
316,Bryant,0.30000000000000027,0.735,0.5,true
317,College of Charleston,0.30000000000000027,0.735,0.5,true
318,Illinois,0.30000000000000027,0.735,0.5,true
319,Wyoming,0.30000000000000027,0.735,0.5,true
320,Brigham Young,0.29285714285714304,0.736,0.5,true
321,Campbell,0.2857142857142859,0.737,0.5,true
322,Robert Morris,0.2857142857142859,0.737,0.5,true
323,Cal State Northridge,0.2785714285714288,0.738,0.5,true
324,Incarnate Word,0.2785714285714288,0.738,0.5,true
325,Texas A&M-Corpus Christi,0.2