


,FTr_Off
Rank,Name,Val,Normalized,Weight,Enabled
1,South Florida,1.0,0.5,0.5,true
2,Central Florida,0.8723404255319149,0.464,0.5,true
3,Texas-Rio Grande Valley,0.7907801418439716,0.441,0.5,true
4,Arizona State,0.7730496453900708,0.436,0.5,true
5,Prairie View,0.7695035460992907,0.435,0.5,true
6,Tulsa,0.7659574468085105,0.434,0.5,true
7,Grambling,0.7624113475177304,0.433,0.5,true
8,Kentucky,0.7340425531914893,0.425,0.5,true
9,Iowa,0.726950354609929,0.423,0.5,true
10,Pittsburgh,0.726950354609929,0.423,0.5,true
11,Texas Southern,0.7198581560283687,0.421,0.5,true
12,Central Michigan,0.7163120567375886,0.42,0.5,true
13,Minnesota,0.7163120567375886,0.42,0.5,true
14,Houston Baptist,0.7092198581560283,0.418,0.5,true
15,Little Rock,0.7056737588652481,0.417,0.5,true
16,Arkansas-Pine Bluff,0.7056737588652481,0.417,0.5,true
17,Lamar,0.702127659574468,0.416,0.5,true
18,Pacific,0.6950354609929077,0.414,0.5,true
19,Georgia,0.6914893617021275,0.413,0.5,true
20,Coastal Carolina,0.6773049645390069,0.409,0.5,true
21,Long Beach State,0.6773049645390069,0.409,0.5,true
22,South Carolina State,0.6773049645390069,0.409,0.5,true
23,Nevada,0.6702127659574466,0.407,0.5,true
24,Vanderbilt,0.6666666666666667,0.406,0.5,true
25,Monmouth,0.6560283687943262,0.403,0.5,true
26,Brigham Young,0.6453900709219859,0.4,0.5,true
27,Rider,0.6418439716312057,0.399,0.5,true
28,Wyoming,0.6418439716312057,0.399,0.5,true
29,Norfolk State,0.6382978723404256,0.398,0.5,true
30,Utah Valley,0.6382978723404256,0.398,0.5,true
31,Saint Louis,0.6347517730496454,0.397,0.5,true
32,West Virginia,0.6347517730496454,0.397,0.5,true
33,Rice,0.6170212765957447,0.392,0.5,true
34,Portland,0.6134751773049645,0.391,0.5,true
35,NJIT,0.6063829787234042,0.389,0.5,true
36,Alabama State,0.6028368794326241,0.388,0.5,true
37,Providence,0.6028368794326241,0.388,0.5,true
38,New Mexico,0.599290780141844,0.387,0.5,true
39,Georgetown,0.5957446808510638,0.386,0.5,true
40,McNeese State,0.5957446808510638,0.386,0.5,true
41,Alabama,0.5921985815602837,0.385,0.5,true
42,Arkansas,0.5921985815602837,0.385,0.5,true
43,Gardner-Webb,0.5921985815602837,0.385,0.5,true
44,UCLA,0.5815602836879432,0.382,0.5,true
45,UC-Santa Barbara,0.5780141843971631,0.381,0.5,true
46,Cincinnati,0.5780141843971631,0.381,0.5,true
47,Cal State Fullerton,0.5744680851063829,0.38,0.5,true
48,Loyola Marymount,0.5744680851063829,0.38,0.5,true
49,Memphis,0.5744680851063829,0.38,0.5,true
50,Arkansas State,0.5709219858156028,0.379,0.5,true
51,Brown,0.5709219858156028,0.379,0.5,true
52,Western Kentucky,0.5709219858156028,0.379,0.5,true
53,Quinnipiac,0.5673758865248226,0.378,0.5,true
54,Coppin State,0.5638297872340425,0.377,0.5,true
55,Louisiana State,0.5638297872340425,0.377,0.5,true
56,Florida International,0.5602836879432623,0.376,0.5,true
57,Hofstra,0.5602836879432623,0.376,0.5,true
58,Wake Forest,0.5602836879432623,0.376,0.5,true
59,Ball State,0.5567375886524822,0.375,0.5,true
60,Colorado,0.5567375886524822,0.375,0.5,true
61,Sacred Heart,0.5567375886524822,0.375,0.5,true
62,Western Michigan,0.553191489361702,0.374,0.5,true
63,Evansville,0.5460992907801417,0.372,0.5,true
64,Iona,0.5425531914893617,0.371,0.5,true
65,Mercer,0.5425531914893617,0.371,0.5,true
66,Portland State,0.5425531914893617,0.371,0.5,true
67,Louisiana-Monroe,0.5354609929078014,0.369,0.5,true
68,Southeastern Louisiana,0.5354609929078014,0.369,0.5,true
69,Bryant,0.5319148936170212,0.368,0.5,true
70,Oregon State,0.5319148936170212,0.368,0.5,true
71,Rhode Island,0.5319148936170212,0.368,0.5,true
72,Syracuse,0.5319148936170212,0.368,0.5,true
73,Utah State,0.5283687943262411,0.367,0.5,true
74,Lipscomb,0.5248226950354609,0.366,0.5,true
75,Missouri State,0.5248226950354609,0.366,0.5,true
76,Weber State,0.5248226950354609,0.366,0.5,true
77,Appalachian State,0.5177304964539007,0.364,0.5,true
78,Charlotte,0.5177304964539007,0.364,0.5,true
79,South Carolina,0.5177304964539007,0.364,0.5,true
80,Southern Utah,0.5177304964539007,0.364,0.5,true
81,Texas-El Paso,0.5177304964539007,0.364,0.5,true
82,Bethune-Cookman,0.5141843971631205,0.363,0.5,true
83,Florida State,0.5141843971631205,0.363,0.5,true
84,Vermont,0.5141843971631205,0.363,0.5,true
85,Howard,0.5106382978723404,0.362,0.5,true
86,Incarnate Word,0.5106382978723404,0.362,0.5,true
87,IUPUI,0.5106382978723404,0.362,0.5,true
88,Tennessee Tech,0.5106382978723404,0.362,0.5,true
89,Indiana State,0.5070921985815602,0.361,0.5,true
90,Northern Kentucky,0.5070921985815602,0.361,0.5,true
91,Stanford,0.5070921985815602,0.361,0.5,true
92,Tennessee State,0.5070921985815602,0.361,0.5,true
93,Fairleigh Dickinson,0.5035460992907801,0.36,0.5,true
94,Gonzaga,0.5035460992907801,0.36,0.5,true
95,Virginia Commonwealth,0.5035460992907801,0.36,0.5,true
96,Western Carolina,0.5035460992907801,0.36,0.5,true
97,Bradley,0.4999999999999999,0.359,0.5,true
98,Marquette,0.4999999999999999,0.359,0.5,true
99,American,0.49645390070921974,0.358,0.5,true
100,Louisiana Tech,0.49645390070921974,0.358,0.5,true
101,Stephen F. Austin,0.49645390070921974,0.358,0.5,true
102,Stony Brook,0.49645390070921974,0.358,0.5,true
103,Oakland,0.4929078014184396,0.357,0.5,true
104,Pepperdine,0.4929078014184396,0.357,0.5,true
105,SIU Edwardsville,0.4929078014184396,0.357,0.5,true
106,East Carolina,0.48936170212765945,0.356,0.5,true
107,Georgia Southern,0.48936170212765945,0.356,0.5,true
108,New Orleans,0.48936170212765945,0.356,0.5,true
109,Georgia State,0.4858156028368793,0.355,0.5,true
110,South Alabama,0.4858156028368793,0.355,0.5,true
111,Utah,0.4858156028368793,0.355,0.5,true
112,Bowling Green State,0.48226950354609915,0.354,0.5,true
113,DePaul,0.48226950354609915,0.354,0.5,true
114,Hampton,0.48226950354609915,0.354,0.5,true
115,Texas State,0.478723404255319,0.353,0.5,true
116,Villanova,0.478723404255319,0.353,0.5,true
117,South Dakota,0.4751773049645389,0.352,0.5,true
118,High Point,0.47163120567375877,0.351,0.5,true
119,Louisiana,0.47163120567375877,0.351,0.5,true
120,Louisville,0.47163120567375877,0.351,0.5,true
121,San Jose State,0.47163120567375877,0.351,0.5,true
122,Washington,0.47163120567375877,0.351,0.5,true
123,Boston College,0.4680851063829786,0.35,0.5,true
124,Central Arkansas,0.4680851063829786,0.35,0.5,true
125,Duquesne,0.4680851063829786,0.35,0.5,true
126,Michigan State,0.4680851063829786,0.35,0.5,true
127,San Diego State,0.4680851063829786,0.35,0.5,true
128,Lehigh,0.4645390070921985,0.349,0.5,true
129,Morgan State,0.4645390070921985,0.349,0.5,true
130,Nevada-Las Vegas,0.4645390070921985,0.349,0.5,true
131,University of California,0.46099290780141833,0.348,0.5,true
132,Central Connecticut State,0.46099290780141833,0.348,0.5,true
133,Indiana,0.46099290780141833,0.348,0.5,true
134,Saint Peter's,0.46099290780141833,0.348,0.5,true
135,Seton Hall,0.46099290780141833,0.348,0.5,true
136,Duke,0.45390070921985803,0.346,0.5,true
137,Green Bay,0.45390070921985803,0.346,0.5,true
138,Montana State,0.45390070921985803,0.346,0.5,true
139,Wright State,0.45390070921985803,0.346,0.5,true
140,Longwood,0.4503546099290779,0.345,0.5,true
141,Massachusetts-Lowell,0.4503546099290779,0.345,0.5,true
142,Northern Colorado,0.4503546099290779,0.345,0.5,true
143,Saint Francis (PA),0.4503546099290779,0.345,0.5,true
144,Texas-Arlington,0.4503546099290779,0.345,0.5,true
145,Seattle,0.44680851063829774,0.344,0.5,true
146,Southern,0.44680851063829774,0.344,0.5,true
147,Georgia Tech,0.44326241134751776,0.343,0.5,true
148,Northeastern,0.44326241134751776,0.343,0.5,true
149,Santa Clara,0.44326241134751776,0.343,0.5,true
150,Texas A&M,0.44326241134751776,0.343,0.5,true
151,Austin Peay,0.4397163120567376,0.342,0.5,true
152,George Mason,0.4397163120567376,0.342,0.5,true
153,Jackson State,0.4397163120567376,0.342,0.5,true
154,Long Island University,0.4397163120567376,0.342,0.5,true
155,Samford,0.4361702127659575,0.341,0.5,true
156,Abilene Christian,0.4326241134751774,0.34,0.5,true
157,Ohio State,0.4326241134751774,0.34,0.5,true
158,Bucknell,0.4290780141843972,0.339,0.5,true
159,Grand Canyon,0.4290780141843972,0.339,0.5,true
160,Miami (OH),0.4290780141843972,0.339,0.5,true
161,North Carolina-Wilmington,0.4290780141843972,0.339,0.5,true
162,Wagner,0.4290780141843972,0.339,0.5,true
163,College of Charleston,0.4255319148936171,0.338,0.5,true
164,Mount St. Mary's,0.4255319148936171,0.338,0.5,true
165,Northern Arizona,0.4255319148936171,0.338,0.5,true
166,Northwestern State,0.4255319148936171,0.338,0.5,true
167,New Mexico State,0.42198581560283693,0.337,0.5,true
168,Loyola (MD),0.4184397163120568,0.336,0.5,true
169,Mississippi Valley State,0.4184397163120568,0.336,0.5,true
170,Texas Tech,0.41489361702127664,0.335,0.5,true
171,Tennessee,0.4113475177304965,0.334,0.5,true
172,Valparaiso,0.4113475177304965,0.334,0.5,true
173,Arizona,0.40780141843971635,0.333,0.5,true
174,Chicago State,0.40780141843971635,0.333,0.5,true
175,Manhattan,0.40780141843971635,0.333,0.5,true
176,Murray State,0.40780141843971635,0.333,0.5,true
177,Niagara,0.40780141843971635,0.333,0.5,true
178,Eastern Michigan,0.4042553191489362,0.332,0.5,true
179,Hartford,0.4042553191489362,0.332,0.5,true
180,North Carolina Central,0.4042553191489362,0.332,0.5,true
181,Hawaii,0.3971631205673759,0.33,0.5,true
182,Loyola (IL),0.3971631205673759,0.33,0.5,true
183,Robert Morris,0.3971631205673759,0.33,0.5,true
184,Temple,0.3971631205673759,0.33,0.5,true
185,Xavier,0.3971631205673759,0.33,0.5,true
186,Florida Gulf Coast,0.39361702127659576,0.329,0.5,true
187,Kansas,0.39361702127659576,0.329,0.5,true
188,Maryland,0.39361702127659576,0.329,0.5,true
189,Missouri-Kansas City,0.39361702127659576,0.329,0.5,true
190,Sacramento State,0.39361702127659576,0.329,0.5,true
191,Cornell,0.3900709219858156,0.328,0.5,true
192,Morehead State,0.3900709219858156,0.328,0.5,true
193,Ohio,0.3900709219858156,0.328,0.5,true
194,South Dakota State,0.3900709219858156,0.328,0.5,true
195,Tulane,0.3900709219858156,0.328,0.5,true
196,Clemson,0.38652482269503546,0.327,0.5,true
197,Connecticut,0.38652482269503546,0.327,0.5,true
198,Baylor,0.3829787234042553,0.326,0.5,true
199,George Washington,0.3829787234042553,0.326,0.5,true
200,James Madison,0.3829787234042553,0.326,0.5,true
201,San Diego,0.3829787234042553,0.326,0.5,true
202,Dayton,0.37943262411347517,0.325,0.5,true
203,Drake,0.37943262411347517,0.325,0.5,true
204,William & Mary,0.37943262411347517,0.325,0.5,true
205,Boise State,0.375886524822695,0.324,0.5,true
206,Cal State Northridge,0.375886524822695,0.324,0.5,true
207,Mississippi State,0.3723404255319149,0.323,0.5,true
208,North Alabama,0.3723404255319149,0.323,0.5,true
209,Penn State,0.3723404255319149,0.323,0.5,true
210,Presbyterian,0.3723404255319149,0.323,0.5,true
211,Albany (NY),0.36879432624113473,0.322,0.5,true
212,Buffalo,0.36879432624113473,0.322,0.5,true
213,Marist,0.36879432624113473,0.322,0.5,true
214,Nebraska,0.36879432624113473,0.322,0.5,true
215,Eastern Kentucky,0.3652482269503546,0.321,0.5,true
216,Kent State,0.3652482269503546,0.321,0.5,true
217,Southern Illinois,0.36170212765957444,0.32,0.5,true
218,Troy,0.36170212765957444,0.32,0.5,true
219,Cleveland State,0.3581560283687943,0.319,0.5,true
220,Houston,0.3581560283687943,0.319,0.5,true
221,Montana,0.3581560283687943,0.319,0.5,true
222,Colorado State,0.35460992907801414,0.318,0.5,true
223,Mississippi,0.35106382978723405,0.317,0.5,true
224,North Dakota State,0.35106382978723405,0.317,0.5,true
225,Rutgers,0.35106382978723405,0.317,0.5,true
226,Saint Joseph's,0.35106382978723405,0.317,0.5,true
227,Alcorn State,0.3475177304964539,0.316,0.5,true
228,Texas Christian,0.3475177304964539,0.316,0.5,true
229,Campbell,0.34397163120567376,0.315,0.5,true
230,Virginia Tech,0.34397163120567376,0.315,0.5,true
231,Canisius,0.3404255319148936,0.314,0.5,true
232,Oklahoma,0.3404255319148936,0.314,0.5,true
233,Alabama-Birmingham,0.33687943262411346,0.313,0.5,true
234,Auburn,0.33687943262411346,0.313,0.5,true
235,Harvard,0.33687943262411346,0.313,0.5,true
236,Massachusetts,0.33687943262411346,0.313,0.5,true
237,Delaware,0.3333333333333333,0.312,0.5,true
238,Yale,0.32978723404255317,0.311,0.5,true
239,Detroit Mercy,0.326241134751773,0.31,0.5,true
240,North Carolina,0.3226950354609929,0.309,0.5,true
241,UC-Davis,0.3191489361702127,0.308,0.5,true
242,East Tennessee State,0.3191489361702127,0.308,0.5,true
243,Miami (FL),0.3191489361702127,0.308,0.5,true
244,California Baptist,0.3156028368794326,0.307,0.5,true
245,Drexel,0.3156028368794326,0.307,0.5,true
246,Florida A&M,0.3156028368794326,0.307,0.5,true
247,Fresno State,0.3156028368794326,0.307,0.5,true
248,Kansas State,0.3156028368794326,0.307,0.5,true
249,North Carolina-Greensboro,0.3156028368794326,0.307,0.5,true
250,Richmond,0.3156028368794326,0.307,0.5,true
251,San Francisco,0.3156028368794326,0.307,0.5,true
252,Oklahoma State,0.31205673758865243,0.306,0.5,true
253,Jacksonville State,0.3085106382978723,0.305,0.5,true
254,Marshall,0.3085106382978723,0.305,0.5,true
255,Navy,0.3085106382978723,0.305,0.5,true
256,North Carolina A&T,0.3085106382978723,0.305,0.5,true
257,Florida,0.301418439716312,0.303,0.5,true
258,Iowa State,0.301418439716312,0.303,0.5,true
259,Kennesaw State,0.301418439716312,0.303,0.5,true
260,Oregon,0.301418439716312,0.303,0.5,true
261,Virginia,0.301418439716312,0.303,0.5,true
262,Washington State,0.301418439716312,0.303,0.5,true
263,Maryland-Baltimore County,0.29787234042553185,0.302,0.5,true
264,Northwestern,0.29787234042553185,0.302,0.5,true
265,Notre Dame,0.2943262411347517,0.301,0.5,true
266,Princeton,0.2943262411347517,0.301,0.5,true
267,Winthrop,0.2943262411347517,0.301,0.5,true
268,Texas A&M-Corpus Christi,0.29078014184397155,0.3,0.5,true
269,Cal State Bakersfield,0.28368794326241126,0.298,0.5,true
270,Jacksonville,0.28368794326241126,0.298,0.5,true
271,Missouri,0.28368794326241126,0.298,0.5,true
272,Texas,0.28368794326241126,0.298,0.5,true
273,Middle Tennessee,0.2801418439716311,0.297,0.5,true
274,Saint Mary's (CA),0.2801418439716311,0.297,0.5,true
275,St. Francis (NY),0.27659574468085096,0.296,0.5,true
276,UC-Irvine,0.2730496453900708,0.295,0.5,true
277,Illinois,0.2730496453900708,0.295,0.5,true
278,Old Dominion,0.2730496453900708,0.295,0.5,true
279,Purdue,0.26950354609929067,0.294,0.5,true
280,St. John's (NY),0.26950354609929067,0.294,0.5,true
281,VMI,0.26950354609929067,0.294,0.5,true
282,Northern Iowa,0.2588652482269503,0.291,0.5,true
283,Wichita State,0.2588652482269503,0.291,0.5,true
284,Creighton,0.25177304964539,0.289,0.5,true
285,North Carolina State,0.24822695035460982,0.288,0.5,true
286,Colgate,0.2446808510638297,0.287,0.5,true
287,Idaho,0.2446808510638297,0.287,0.5,true
288,Maryland-Eastern Shore,0.2446808510638297,0.287,0.5,true
289,Southeast Missouri State,0.2446808510638297,0.287,0.5,true
290,Idaho State,0.24113475177304955,0.286,0.5,true
291,Illinois State,0.24113475177304955,0.286,0.5,true
292,Eastern Illinois,0.2375886524822694,0.285,0.5,true
293,La Salle,0.2375886524822694,0.285,0.5,true
294,Towson,0.2375886524822694,0.285,0.5,true
295,Air Force,0.2304964539007091,0.283,0.5,true
296,Belmont,0.22695035460992896,0.282,0.5,true
297,Pennsylvania,0.22695035460992896,0.282,0.5,true
298,St. Bonaventure,0.22695035460992896,0.282,0.5,true
299,Davidson,0.21985815602836886,0.28,0.5,true
300,Florida Atlantic,0.21985815602836886,0.28,0.5,true
301,Illinois-Chicago,0.21631205673758871,0.279,0.5,true
302,Milwaukee,0.21631205673758871,0.279,0.5,true
303,North Texas,0.21631205673758871,0.279,0.5,true
304,Southern Methodist,0.21276595744680857,0.278,0.5,true
305,Akron,0.20921985815602845,0.277,0.5,true
306,Charleston Southern,0.20921985815602845,0.277,0.5,true
307,Southern California,0.2056737588652483,0.276,0.5,true
308,Tennessee-Martin,0.2056737588652483,0.276,0.5,true
309,Wisconsin,0.20212765957446815,0.275,0.5,true
310,North Dakota,0.19148936170212771,0.272,0.5,true
311,Northern Illinois,0.19148936170212771,0.272,0.5,true
312,Purdue-Fort Wayne,0.18439716312056742,0.27,0.5,true
313,Michigan,0.18439716312056742,0.27,0.5,true
314,Wofford,0.18439716312056742,0.27,0.5,true
315,North Carolina-Asheville,0.18085106382978727,0.269,0.5,true
316,Toledo,0.18085106382978727,0.269,0.5,true
317,Eastern Washington,0.17730496453900713,0.268,0.5,true
318,North Florida,0.17730496453900713,0.268,0.5,true
319,Denver,0.17375886524822698,0.267,0.5,true
320,Radford,0.17021276595744683,0.266,0.5,true
321,Cal Poly,0.16312056737588657,0.264,0.5,true
322,Sam Houston State,0.16312056737588657,0.264,0.5,true
323,Oral Roberts,0.15957446808510642,