


,G_Gen
Rank,Name,Val,Normalized,Weight,Enabled
1,Auburn,1.0,35.0,0.5,true
2,UC-Irvine,1.0,35.0,0.5,true
3,Monmouth,1.0,35.0,0.5,true
4,Oregon,1.0,35.0,0.5,true
5,Saint Louis,1.0,35.0,0.5,true
6,San Diego,1.0,35.0,0.5,true
7,Texas-Rio Grande Valley,1.0,35.0,0.5,true
8,Alabama-Birmingham,0.8571428571428571,34.0,0.5,true
9,Bowling Green State,0.8571428571428571,34.0,0.5,true
10,Bradley,0.8571428571428571,34.0,0.5,true
11,Buffalo,0.8571428571428571,34.0,0.5,true
12,Central Michigan,0.8571428571428571,34.0,0.5,true
13,Cincinnati,0.8571428571428571,34.0,0.5,true
14,Colgate,0.8571428571428571,34.0,0.5,true
15,Duke,0.8571428571428571,34.0,0.5,true
16,Eastern Washington,0.8571428571428571,34.0,0.5,true
17,Florida State,0.8571428571428571,34.0,0.5,true
18,Florida,0.8571428571428571,34.0,0.5,true
19,Gardner-Webb,0.8571428571428571,34.0,0.5,true
20,Hofstra,0.8571428571428571,34.0,0.5,true
21,Houston,0.8571428571428571,34.0,0.5,true
22,Iowa State,0.8571428571428571,34.0,0.5,true
23,Kansas,0.8571428571428571,34.0,0.5,true
24,Liberty,0.8571428571428571,34.0,0.5,true
25,Long Beach State,0.8571428571428571,34.0,0.5,true
26,Maryland-Baltimore County,0.8571428571428571,34.0,0.5,true
27,Memphis,0.8571428571428571,34.0,0.5,true
28,Michigan State,0.8571428571428571,34.0,0.5,true
29,Michigan,0.8571428571428571,34.0,0.5,true
30,Minnesota,0.8571428571428571,34.0,0.5,true
31,Montana,0.8571428571428571,34.0,0.5,true
32,Nebraska,0.8571428571428571,34.0,0.5,true
33,New Mexico State,0.8571428571428571,34.0,0.5,true
34,Norfolk State,0.8571428571428571,34.0,0.5,true
35,North Carolina-Greensboro,0.8571428571428571,34.0,0.5,true
36,Northern Illinois,0.8571428571428571,34.0,0.5,true
37,Northern Iowa,0.8571428571428571,34.0,0.5,true
38,Northern Kentucky,0.8571428571428571,34.0,0.5,true
39,Old Dominion,0.8571428571428571,34.0,0.5,true
40,Pepperdine,0.8571428571428571,34.0,0.5,true
41,Prairie View,0.8571428571428571,34.0,0.5,true
42,San Diego State,0.8571428571428571,34.0,0.5,true
43,South Alabama,0.8571428571428571,34.0,0.5,true
44,South Carolina State,0.8571428571428571,34.0,0.5,true
45,St. Bonaventure,0.8571428571428571,34.0,0.5,true
46,Tennessee,0.8571428571428571,34.0,0.5,true
47,Texas Southern,0.8571428571428571,34.0,0.5,true
48,Utah State,0.8571428571428571,34.0,0.5,true
49,Villanova,0.8571428571428571,34.0,0.5,true
50,Washington,0.8571428571428571,34.0,0.5,true
51,West Virginia,0.8571428571428571,34.0,0.5,true
52,Western Kentucky,0.8571428571428571,34.0,0.5,true
53,Wright State,0.8571428571428571,34.0,0.5,true
54,Abilene Christian,0.7142857142857143,33.0,0.5,true
55,Akron,0.7142857142857143,33.0,0.5,true
56,Alabama,0.7142857142857143,33.0,0.5,true
57,Austin Peay,0.7142857142857143,33.0,0.5,true
58,Ball State,0.7142857142857143,33.0,0.5,true
59,Binghamton,0.7142857142857143,33.0,0.5,true
60,Boise State,0.7142857142857143,33.0,0.5,true
61,Boston University,0.7142857142857143,33.0,0.5,true
62,Bucknell,0.7142857142857143,33.0,0.5,true
63,Cal State Fullerton,0.7142857142857143,33.0,0.5,true
64,Cal State Northridge,0.7142857142857143,33.0,0.5,true
65,UC-Riverside,0.7142857142857143,33.0,0.5,true
66,Central Arkansas,0.7142857142857143,33.0,0.5,true
67,College of Charleston,0.7142857142857143,33.0,0.5,true
68,Colorado,0.7142857142857143,33.0,0.5,true
69,Connecticut,0.7142857142857143,33.0,0.5,true
70,Coppin State,0.7142857142857143,33.0,0.5,true
71,Davidson,0.7142857142857143,33.0,0.5,true
72,Delaware,0.7142857142857143,33.0,0.5,true
73,Drake,0.7142857142857143,33.0,0.5,true
74,East Tennessee State,0.7142857142857143,33.0,0.5,true
75,Fairleigh Dickinson,0.7142857142857143,33.0,0.5,true
76,George Mason,0.7142857142857143,33.0,0.5,true
77,George Washington,0.7142857142857143,33.0,0.5,true
78,Georgia Southern,0.7142857142857143,33.0,0.5,true
79,Georgia State,0.7142857142857143,33.0,0.5,true
80,Gonzaga,0.7142857142857143,33.0,0.5,true
81,Grambling,0.7142857142857143,33.0,0.5,true
82,Grand Canyon,0.7142857142857143,33.0,0.5,true
83,Green Bay,0.7142857142857143,33.0,0.5,true
84,Hartford,0.7142857142857143,33.0,0.5,true
85,Holy Cross,0.7142857142857143,33.0,0.5,true
86,Howard,0.7142857142857143,33.0,0.5,true
87,Illinois State,0.7142857142857143,33.0,0.5,true
88,Illinois,0.7142857142857143,33.0,0.5,true
89,Iowa,0.7142857142857143,33.0,0.5,true
90,Purdue-Fort Wayne,0.7142857142857143,33.0,0.5,true
91,Jacksonville State,0.7142857142857143,33.0,0.5,true
92,James Madison,0.7142857142857143,33.0,0.5,true
93,Kansas State,0.7142857142857143,33.0,0.5,true
94,Kentucky,0.7142857142857143,33.0,0.5,true
95,Lamar,0.7142857142857143,33.0,0.5,true
96,Louisiana-Monroe,0.7142857142857143,33.0,0.5,true
97,Louisiana Tech,0.7142857142857143,33.0,0.5,true
98,Louisville,0.7142857142857143,33.0,0.5,true
99,Loyola (IL),0.7142857142857143,33.0,0.5,true
100,Marquette,0.7142857142857143,33.0,0.5,true
101,Marshall,0.7142857142857143,33.0,0.5,true
102,Mississippi State,0.7142857142857143,33.0,0.5,true
103,Morehead State,0.7142857142857143,33.0,0.5,true
104,Nevada,0.7142857142857143,33.0,0.5,true
105,NJIT,0.7142857142857143,33.0,0.5,true
106,North Carolina Central,0.7142857142857143,33.0,0.5,true
107,North Carolina State,0.7142857142857143,33.0,0.5,true
108,North Carolina-Wilmington,0.7142857142857143,33.0,0.5,true
109,North Carolina,0.7142857142857143,33.0,0.5,true
110,North Dakota State,0.7142857142857143,33.0,0.5,true
111,North Florida,0.7142857142857143,33.0,0.5,true
112,North Texas,0.7142857142857143,33.0,0.5,true
113,Northeastern,0.7142857142857143,33.0,0.5,true
114,Notre Dame,0.7142857142857143,33.0,0.5,true
115,Oakland,0.7142857142857143,33.0,0.5,true
116,Ohio State,0.7142857142857143,33.0,0.5,true
117,Pittsburgh,0.7142857142857143,33.0,0.5,true
118,Presbyterian,0.7142857142857143,33.0,0.5,true
119,Providence,0.7142857142857143,33.0,0.5,true
120,Radford,0.7142857142857143,33.0,0.5,true
121,Rhode Island,0.7142857142857143,33.0,0.5,true
122,Richmond,0.7142857142857143,33.0,0.5,true
123,Robert Morris,0.7142857142857143,33.0,0.5,true
124,Saint Joseph's,0.7142857142857143,33.0,0.5,true
125,Saint Mary's (CA),0.7142857142857143,33.0,0.5,true
126,Samford,0.7142857142857143,33.0,0.5,true
127,Seton Hall,0.7142857142857143,33.0,0.5,true
128,Siena,0.7142857142857143,33.0,0.5,true
129,Southeastern Louisiana,0.7142857142857143,33.0,0.5,true
130,Southern California,0.7142857142857143,33.0,0.5,true
131,St. John's (NY),0.7142857142857143,33.0,0.5,true
132,Syracuse,0.7142857142857143,33.0,0.5,true
133,Texas-Arlington,0.7142857142857143,33.0,0.5,true
134,Texas Christian,0.7142857142857143,33.0,0.5,true
135,Texas State,0.7142857142857143,33.0,0.5,true
136,UCLA,0.7142857142857143,33.0,0.5,true
137,Utah Valley,0.7142857142857143,33.0,0.5,true
138,Valparaiso,0.7142857142857143,33.0,0.5,true
139,Vermont,0.7142857142857143,33.0,0.5,true
140,Weber State,0.7142857142857143,33.0,0.5,true
141,Wichita State,0.7142857142857143,33.0,0.5,true
142,Wisconsin,0.7142857142857143,33.0,0.5,true
143,Wofford,0.7142857142857143,33.0,0.5,true
144,Xavier,0.7142857142857143,33.0,0.5,true
145,Air Force,0.5714285714285714,32.0,0.5,true
146,Alabama A&M,0.5714285714285714,32.0,0.5,true
147,Albany (NY),0.5714285714285714,32.0,0.5,true
148,Appalachian State,0.5714285714285714,32.0,0.5,true
149,Arizona State,0.5714285714285714,32.0,0.5,true
150,Arizona,0.5714285714285714,32.0,0.5,true
151,Arkansas-Pine Bluff,0.5714285714285714,32.0,0.5,true
152,Arkansas State,0.5714285714285714,32.0,0.5,true
153,Arkansas,0.5714285714285714,32.0,0.5,true
154,Army,0.5714285714285714,32.0,0.5,true
155,Baylor,0.5714285714285714,32.0,0.5,true
156,Brigham Young,0.5714285714285714,32.0,0.5,true
157,Butler,0.5714285714285714,32.0,0.5,true
158,UC-Santa Barbara,0.5714285714285714,32.0,0.5,true
159,Campbell,0.5714285714285714,32.0,0.5,true
160,Canisius,0.5714285714285714,32.0,0.5,true
161,Charleston Southern,0.5714285714285714,32.0,0.5,true
162,Chattanooga,0.5714285714285714,32.0,0.5,true
163,Chicago State,0.5714285714285714,32.0,0.5,true
164,Clemson,0.5714285714285714,32.0,0.5,true
165,Colorado State,0.5714285714285714,32.0,0.5,true
166,Creighton,0.5714285714285714,32.0,0.5,true
167,Dayton,0.5714285714285714,32.0,0.5,true
168,Drexel,0.5714285714285714,32.0,0.5,true
169,Duquesne,0.5714285714285714,32.0,0.5,true
170,Eastern Illinois,0.5714285714285714,32.0,0.5,true
171,Eastern Michigan,0.5714285714285714,32.0,0.5,true
172,Elon,0.5714285714285714,32.0,0.5,true
173,Evansville,0.5714285714285714,32.0,0.5,true
174,Florida Atlantic,0.5714285714285714,32.0,0.5,true
175,Florida Gulf Coast,0.5714285714285714,32.0,0.5,true
176,Florida International,0.5714285714285714,32.0,0.5,true
177,Fordham,0.5714285714285714,32.0,0.5,true
178,Fresno State,0.5714285714285714,32.0,0.5,true
179,Furman,0.5714285714285714,32.0,0.5,true
180,Georgetown,0.5714285714285714,32.0,0.5,true
181,Georgia Tech,0.5714285714285714,32.0,0.5,true
182,Georgia,0.5714285714285714,32.0,0.5,true
183,Idaho,0.5714285714285714,32.0,0.5,true
184,Illinois-Chicago,0.5714285714285714,32.0,0.5,true
185,Indiana,0.5714285714285714,32.0,0.5,true
186,Iona,0.5714285714285714,32.0,0.5,true
187,IUPUI,0.5714285714285714,32.0,0.5,true
188,Jackson State,0.5714285714285714,32.0,0.5,true
189,Jacksonville,0.5714285714285714,32.0,0.5,true
190,Kennesaw State,0.5714285714285714,32.0,0.5,true
191,Kent State,0.5714285714285714,32.0,0.5,true
192,Lipscomb,0.5714285714285714,32.0,0.5,true
193,Long Island University,0.5714285714285714,32.0,0.5,true
194,Longwood,0.5714285714285714,32.0,0.5,true
195,Louisiana,0.5714285714285714,32.0,0.5,true
196,Louisiana State,0.5714285714285714,32.0,0.5,true
197,Loyola (MD),0.5714285714285714,32.0,0.5,true
198,Maine,0.5714285714285714,32.0,0.5,true
199,Manhattan,0.5714285714285714,32.0,0.5,true
200,Maryland-Eastern Shore,0.5714285714285714,32.0,0.5,true
201,Maryland,0.5714285714285714,32.0,0.5,true
202,Massachusetts-Lowell,0.5714285714285714,32.0,0.5,true
203,Massachusetts,0.5714285714285714,32.0,0.5,true
204,Miami (FL),0.5714285714285714,32.0,0.5,true
205,Miami (OH),0.5714285714285714,32.0,0.5,true
206,Middle Tennessee,0.5714285714285714,32.0,0.5,true
207,Mississippi Valley State,0.5714285714285714,32.0,0.5,true
208,Mississippi,0.5714285714285714,32.0,0.5,true
209,Missouri-Kansas City,0.5714285714285714,32.0,0.5,true
210,Missouri State,0.5714285714285714,32.0,0.5,true
211,Missouri,0.5714285714285714,32.0,0.5,true
212,Montana State,0.5714285714285714,32.0,0.5,true
213,Omaha,0.5714285714285714,32.0,0.5,true
214,New Mexico,0.5714285714285714,32.0,0.5,true
215,New Orleans,0.5714285714285714,32.0,0.5,true
216,Niagara,0.5714285714285714,32.0,0.5,true
217,North Alabama,0.5714285714285714,32.0,0.5,true
218,North Carolina A&T,0.5714285714285714,32.0,0.5,true
219,Northern Colorado,0.5714285714285714,32.0,0.5,true
220,Northwestern,0.5714285714285714,32.0,0.5,true
221,Oklahoma State,0.5714285714285714,32.0,0.5,true
222,Oklahoma,0.5714285714285714,32.0,0.5,true
223,Oral Roberts,0.5714285714285714,32.0,0.5,true
224,Pacific,0.5714285714285714,32.0,0.5,true
225,Penn State,0.5714285714285714,32.0,0.5,true
226,Portland State,0.5714285714285714,32.0,0.5,true
227,Portland,0.5714285714285714,32.0,0.5,true
228,Purdue,0.5714285714285714,32.0,0.5,true
229,Rice,0.5714285714285714,32.0,0.5,true
230,Sacred Heart,0.5714285714285714,32.0,0.5,true
231,Saint Francis (PA),0.5714285714285714,32.0,0.5,true
232,Saint Peter's,0.5714285714285714,32.0,0.5,true
233,Sam Houston State,0.5714285714285714,32.0,0.5,true
234,Seattle,0.5714285714285714,32.0,0.5,true
235,South Carolina Upstate,0.5714285714285714,32.0,0.5,true
236,South Carolina,0.5714285714285714,32.0,0.5,true
237,South Dakota State,0.5714285714285714,32.0,0.5,true
238,South Florida,0.5714285714285714,32.0,0.5,true
239,Southern Illinois,0.5714285714285714,32.0,0.5,true
240,Southern Methodist,0.5714285714285714,32.0,0.5,true
241,Southern Mississippi,0.5714285714285714,32.0,0.5,true
242,Southern Utah,0.5714285714285714,32.0,0.5,true
243,Southern,0.5714285714285714,32.0,0.5,true
244,St. Francis (NY),0.5714285714285714,32.0,0.5,true
245,Stony Brook,0.5714285714285714,32.0,0.5,true
246,Temple,0.5714285714285714,32.0,0.5,true
247,Texas A&M-Corpus Christi,0.5714285714285714,32.0,0.5,true
248,Texas A&M,0.5714285714285714,32.0,0.5,true
249,Texas-San Antonio,0.5714285714285714,32.0,0.5,true
250,Texas Tech,0.5714285714285714,32.0,0.5,true
251,Texas,0.5714285714285714,32.0,0.5,true
252,Toledo,0.5714285714285714,32.0,0.5,true
253,Towson,0.5714285714285714,32.0,0.5,true
254,Tulsa,0.5714285714285714,32.0,0.5,true
255,Vanderbilt,0.5714285714285714,32.0,0.5,true
256,Virginia Commonwealth,0.5714285714285714,32.0,0.5,true
257,VMI,0.5714285714285714,32.0,0.5,true
258,Virginia Tech,0.5714285714285714,32.0,0.5,true
259,Virginia,0.5714285714285714,32.0,0.5,true
260,Washington State,0.5714285714285714,32.0,0.5,true
261,Western Carolina,0.5714285714285714,32.0,0.5,true
262,Western Michigan,0.5714285714285714,32.0,0.5,true
263,Wyoming,0.5714285714285714,32.0,0.5,true
264,Youngstown State,0.5714285714285714,32.0,0.5,true
265,Alabama State,0.42857142857142855,31.0,0.5,true
266,Alcorn State,0.42857142857142855,31.0,0.5,true
267,Little Rock,0.42857142857142855,31.0,0.5,true
268,Belmont,0.42857142857142855,31.0,0.5,true
269,Bethune-Cookman,0.42857142857142855,31.0,0.5,true
270,Boston College,0.42857142857142855,31.0,0.5,true
271,Cal State Bakersfield,0.42857142857142855,31.0,0.5,true
272,UC-Davis,0.42857142857142855,31.0,0.5,true
273,University of California,0.42857142857142855,31.0,0.5,true
274,Central Connecticut State,0.42857142857142855,31.0,0.5,true
275,Central Florida,0.42857142857142855,31.0,0.5,true
276,Cleveland State,0.42857142857142855,31.0,0.5,true
277,Coastal Carolina,0.42857142857142855,31.0,0.5,true
278,Delaware State,0.42857142857142855,31.0,0.5,true
279,Detroit Mercy,0.42857142857142855,31.0,0.5,true
280,East Carolina,0.42857142857142855,31.0,0.5,true
281,Eastern Kentucky,0.42857142857142855,31.0,0.5,true
282,Fairfield,0.42857142857142855,31.0,0.5,true
283,Florida A&M,0.42857142857142855,31.0,0.5,true
284,Hampton,0.42857142857142855,31.0,0.5,true
285,Hawaii,0.42857142857142855,31.0,0.5,true
286,High Point,0.42857142857142855,31.0,0.5,true
287,Incarnate Word,0.42857142857142855,31.0,0.5,true
288,Indiana State,0.42857142857142855,31.0,0.5,true
289,La Salle,0.42857142857142855,31.0,0.5,true
290,Lehigh,0.42857142857142855,31.0,0.5,true
291,Loyola Marymount,0.42857142857142855,31.0,0.5,true
292,Marist,0.42857142857142855,31.0,0.5,true
293,McNeese State,0.42857142857142855,31.0,0.5,true
294,Mercer,0.42857142857142855,31.0,0.5,true
295,Milwaukee,0.42857142857142855,31.0,0.5,true
296,Mount St. Mary's,0.42857142857142855,31.0,0.5,true
297,Murray State,0.42857142857142855,31.0,0.5,true
298,Navy,0.42857142857142855,31.0,0.5,true
299,Nevada-Las Vegas,0.42857142857142855,31.0,0.5,true
300,Nicholls State,0.42857142857142855,31.0,0.5,true
301,North Carolina-Asheville,0.42857142857142855,31.0,0.5,true
302,Northern Arizona,0.42857142857142855,31.0,0.5,true
303,Northwestern State,0.42857142857142855,31.0,0.5,true
304,Ohio,0.42857142857142855,31.0,0.5,true
305,Oregon State,0.42857142857142855,31.0,0.5,true
306,Pennsylvania,0.42857142857142855,31.0,0.5,true
307,Rider,0.42857142857142855,31.0,0.5,true
308,Rutgers,0.42857142857142855,31.0,0.5,true
309,Sacramento State,0.42857142857142855,31.0,0.5,true
310,San Francisco,0.42857142857142855,31.0,0.5,true
311,San Jose State,0.42857142857142855,31.0,0.5,true
312,Santa Clara,0.42857142857142855,31.0,0.5,true
313,Savannah State,0.42857142857142855,31.0,0.5,true
314,Southeast Missouri State,0.42857142857142855,31.0,0.5,true
315,SIU Edwardsville,0.42857142857142855,31.0,0.5,true
316,Stanford,0.42857142857142855,31.0,0.5,true
317,Stetson,0.42857142857142855,31.0,0.5,true
318,Tennessee-Martin,0.42857142857142855,31.0,0.5,true
319,Tennessee Tech,0.42857142857142855,31.0,0.5,true
320,Tulane,0.42857142857142855,31.0,0.5,true
321,Utah,0.42857142857142855,31.0,0.5,true
322,Wake Forest,0.42857142857142855,31.0,0.5,true
323,Western Illinois,0.42857142857142855,31.0,0.5,true
324,William & Mary,0.42857142857142855,31.0,0.5,true
325,American,0.2857142857142857,30.0,0.5,true
326,Brown,0.2857142857142857,30.0,0.5,true
327,Bryant,0.2857142857142857,30.0,0.5,true
328,California Baptist,0.2857142857142857,30.0,0.5,true
329,Citadel,0.2857142857142857,30.0,0.5,true
330,Cornell,0.2857142857142857,30.0,0.5,true
331,Dartmouth,0.2857142857142857,30