


,MP_Def_PG
Rank,Name,Val,Normalized,Weight,Enabled
1,Alabama,1.0,40.0,0.5,true
2,Army,1.0,40.0,0.5,true
3,Binghamton,1.0,40.0,0.5,true
4,Bryant,1.0,40.0,0.5,true
5,Charlotte,1.0,40.0,0.5,true
6,Chicago State,1.0,40.0,0.5,true
7,Clemson,1.0,40.0,0.5,true
8,Delaware State,1.0,40.0,0.5,true
9,Detroit Mercy,1.0,40.0,0.5,true
10,Drexel,1.0,40.0,0.5,true
11,Fairfield,1.0,40.0,0.5,true
12,Florida Gulf Coast,1.0,40.0,0.5,true
13,Florida International,1.0,40.0,0.5,true
14,Georgia State,1.0,40.0,0.5,true
15,Georgia,1.0,40.0,0.5,true
16,Gonzaga,1.0,40.0,0.5,true
17,Houston,1.0,40.0,0.5,true
18,Idaho State,1.0,40.0,0.5,true
19,Iona,1.0,40.0,0.5,true
20,Iowa State,1.0,40.0,0.5,true
21,IUPUI,1.0,40.0,0.5,true
22,Kansas State,1.0,40.0,0.5,true
23,La Salle,1.0,40.0,0.5,true
24,Liberty,1.0,40.0,0.5,true
25,Lipscomb,1.0,40.0,0.5,true
26,Loyola (IL),1.0,40.0,0.5,true
27,Loyola Marymount,1.0,40.0,0.5,true
28,Maryland,1.0,40.0,0.5,true
29,Michigan,1.0,40.0,0.5,true
30,Middle Tennessee,1.0,40.0,0.5,true
31,Montana State,1.0,40.0,0.5,true
32,Mount St. Mary's,1.0,40.0,0.5,true
33,Murray State,1.0,40.0,0.5,true
34,Navy,1.0,40.0,0.5,true
35,Nevada,1.0,40.0,0.5,true
36,New Hampshire,1.0,40.0,0.5,true
37,New Mexico,1.0,40.0,0.5,true
38,North Dakota,1.0,40.0,0.5,true
39,Northern Iowa,1.0,40.0,0.5,true
40,Notre Dame,1.0,40.0,0.5,true
41,Old Dominion,1.0,40.0,0.5,true
42,Prairie View,1.0,40.0,0.5,true
43,Richmond,1.0,40.0,0.5,true
44,Saint Francis (PA),1.0,40.0,0.5,true
45,Saint Louis,1.0,40.0,0.5,true
46,San Diego State,1.0,40.0,0.5,true
47,South Dakota State,1.0,40.0,0.5,true
48,Southeastern Louisiana,1.0,40.0,0.5,true
49,Southern Illinois,1.0,40.0,0.5,true
50,Southern Methodist,1.0,40.0,0.5,true
51,Texas A&M,1.0,40.0,0.5,true
52,Tulane,1.0,40.0,0.5,true
53,Utah Valley,1.0,40.0,0.5,true
54,Washington State,1.0,40.0,0.5,true
55,Bradley,0.897058823529411,40.14705882352941,0.5,true
56,Buffalo,0.897058823529411,40.14705882352941,0.5,true
57,Duke,0.897058823529411,40.14705882352941,0.5,true
58,Minnesota,0.897058823529411,40.14705882352941,0.5,true
59,Montana,0.897058823529411,40.14705882352941,0.5,true
60,Nebraska,0.897058823529411,40.14705882352941,0.5,true
61,New Mexico State,0.897058823529411,40.14705882352941,0.5,true
62,North Carolina-Greensboro,0.897058823529411,40.14705882352941,0.5,true
63,Texas Southern,0.897058823529411,40.14705882352941,0.5,true
64,Washington,0.897058823529411,40.14705882352941,0.5,true
65,Wright State,0.897058823529411,40.14705882352941,0.5,true
66,Akron,0.893939393939396,40.15151515151515,0.5,true
67,Boston University,0.893939393939396,40.15151515151515,0.5,true
68,Bucknell,0.893939393939396,40.15151515151515,0.5,true
69,UC-Riverside,0.893939393939396,40.15151515151515,0.5,true
70,Colorado,0.893939393939396,40.15151515151515,0.5,true
71,Connecticut,0.893939393939396,40.15151515151515,0.5,true
72,Davidson,0.893939393939396,40.15151515151515,0.5,true
73,Kentucky,0.893939393939396,40.15151515151515,0.5,true
74,North Carolina Central,0.893939393939396,40.15151515151515,0.5,true
75,North Carolina,0.893939393939396,40.15151515151515,0.5,true
76,North Florida,0.893939393939396,40.15151515151515,0.5,true
77,North Texas,0.893939393939396,40.15151515151515,0.5,true
78,Oakland,0.893939393939396,40.15151515151515,0.5,true
79,Ohio State,0.893939393939396,40.15151515151515,0.5,true
80,Presbyterian,0.893939393939396,40.15151515151515,0.5,true
81,Saint Joseph's,0.893939393939396,40.15151515151515,0.5,true
82,Saint Mary's (CA),0.893939393939396,40.15151515151515,0.5,true
83,Syracuse,0.893939393939396,40.15151515151515,0.5,true
84,Wichita State,0.893939393939396,40.15151515151515,0.5,true
85,Baylor,0.8906250000000001,40.15625,0.5,true
86,Campbell,0.8906250000000001,40.15625,0.5,true
87,Chattanooga,0.8906250000000001,40.15625,0.5,true
88,Colorado State,0.8906250000000001,40.15625,0.5,true
89,Fresno State,0.8906250000000001,40.15625,0.5,true
90,Georgia Tech,0.8906250000000001,40.15625,0.5,true
91,Idaho,0.8906250000000001,40.15625,0.5,true
92,Jackson State,0.8906250000000001,40.15625,0.5,true
93,Jacksonville,0.8906250000000001,40.15625,0.5,true
94,Kennesaw State,0.8906250000000001,40.15625,0.5,true
95,Long Island University,0.8906250000000001,40.15625,0.5,true
96,Manhattan,0.8906250000000001,40.15625,0.5,true
97,Maryland-Eastern Shore,0.8906250000000001,40.15625,0.5,true
98,Miami (FL),0.8906250000000001,40.15625,0.5,true
99,Miami (OH),0.8906250000000001,40.15625,0.5,true
100,Mississippi Valley State,0.8906250000000001,40.15625,0.5,true
101,Mississippi,0.8906250000000001,40.15625,0.5,true
102,Missouri State,0.8906250000000001,40.15625,0.5,true
103,Niagara,0.8906250000000001,40.15625,0.5,true
104,North Alabama,0.8906250000000001,40.15625,0.5,true
105,Oklahoma State,0.8906250000000001,40.15625,0.5,true
106,Oklahoma,0.8906250000000001,40.15625,0.5,true
107,Oral Roberts,0.8906250000000001,40.15625,0.5,true
108,Sacred Heart,0.8906250000000001,40.15625,0.5,true
109,South Carolina,0.8906250000000001,40.15625,0.5,true
110,Southern,0.8906250000000001,40.15625,0.5,true
111,St. Francis (NY),0.8906250000000001,40.15625,0.5,true
112,Texas Tech,0.8906250000000001,40.15625,0.5,true
113,Vanderbilt,0.8906250000000001,40.15625,0.5,true
114,Virginia,0.8906250000000001,40.15625,0.5,true
115,Wyoming,0.8906250000000001,40.15625,0.5,true
116,Alcorn State,0.8870967741935468,40.16129032258065,0.5,true
117,University of California,0.8870967741935468,40.16129032258065,0.5,true
118,Central Florida,0.8870967741935468,40.16129032258065,0.5,true
119,Florida A&M,0.8870967741935468,40.16129032258065,0.5,true
120,McNeese State,0.8870967741935468,40.16129032258065,0.5,true
121,Mercer,0.8870967741935468,40.16129032258065,0.5,true
122,Milwaukee,0.8870967741935468,40.16129032258065,0.5,true
123,North Carolina-Asheville,0.8870967741935468,40.16129032258065,0.5,true
124,Rider,0.8870967741935468,40.16129032258065,0.5,true
125,Savannah State,0.8870967741935468,40.16129032258065,0.5,true
126,Stanford,0.8870967741935468,40.16129032258065,0.5,true
127,Stetson,0.8870967741935468,40.16129032258065,0.5,true
128,Utah,0.8870967741935468,40.16129032258065,0.5,true
129,Western Illinois,0.8870967741935468,40.16129032258065,0.5,true
130,Denver,0.8833333333333352,40.166666666666664,0.5,true
131,DePaul,0.8833333333333352,40.166666666666664,0.5,true
132,South Dakota,0.8833333333333352,40.166666666666664,0.5,true
133,Wagner,0.8833333333333352,40.166666666666664,0.5,true
134,Auburn,0.8000000000000009,40.285714285714285,0.5,true
135,Oregon,0.8000000000000009,40.285714285714285,0.5,true
136,Texas-Rio Grande Valley,0.8000000000000009,40.285714285714285,0.5,true
137,Alabama-Birmingham,0.794117647058822,40.294117647058826,0.5,true
138,Bowling Green State,0.794117647058822,40.294117647058826,0.5,true
139,Cincinnati,0.794117647058822,40.294117647058826,0.5,true
140,Memphis,0.794117647058822,40.294117647058826,0.5,true
141,Michigan State,0.794117647058822,40.294117647058826,0.5,true
142,Northern Kentucky,0.794117647058822,40.294117647058826,0.5,true
143,Pepperdine,0.794117647058822,40.294117647058826,0.5,true
144,Utah State,0.794117647058822,40.294117647058826,0.5,true
145,Abilene Christian,0.7878787878787872,40.303030303030305,0.5,true
146,Boise State,0.7878787878787872,40.303030303030305,0.5,true
147,Central Arkansas,0.7878787878787872,40.303030303030305,0.5,true
148,College of Charleston,0.7878787878787872,40.303030303030305,0.5,true
149,Coppin State,0.7878787878787872,40.303030303030305,0.5,true
150,George Mason,0.7878787878787872,40.303030303030305,0.5,true
151,Georgia Southern,0.7878787878787872,40.303030303030305,0.5,true
152,Grambling,0.7878787878787872,40.303030303030305,0.5,true
153,Grand Canyon,0.7878787878787872,40.303030303030305,0.5,true
154,Green Bay,0.7878787878787872,40.303030303030305,0.5,true
155,Howard,0.7878787878787872,40.303030303030305,0.5,true
156,Illinois State,0.7878787878787872,40.303030303030305,0.5,true
157,Iowa,0.7878787878787872,40.303030303030305,0.5,true
158,Purdue-Fort Wayne,0.7878787878787872,40.303030303030305,0.5,true
159,Louisiana-Monroe,0.7878787878787872,40.303030303030305,0.5,true
160,Mississippi State,0.7878787878787872,40.303030303030305,0.5,true
161,NJIT,0.7878787878787872,40.303030303030305,0.5,true
162,North Carolina State,0.7878787878787872,40.303030303030305,0.5,true
163,North Dakota State,0.7878787878787872,40.303030303030305,0.5,true
164,Pittsburgh,0.7878787878787872,40.303030303030305,0.5,true
165,Radford,0.7878787878787872,40.303030303030305,0.5,true
166,Texas State,0.7878787878787872,40.303030303030305,0.5,true
167,Vermont,0.7878787878787872,40.303030303030305,0.5,true
168,Weber State,0.7878787878787872,40.303030303030305,0.5,true
169,Wofford,0.7878787878787872,40.303030303030305,0.5,true
170,Appalachian State,0.7812500000000003,40.3125,0.5,true
171,Arizona,0.7812500000000003,40.3125,0.5,true
172,Arkansas,0.7812500000000003,40.3125,0.5,true
173,Butler,0.7812500000000003,40.3125,0.5,true
174,UC-Santa Barbara,0.7812500000000003,40.3125,0.5,true
175,Charleston Southern,0.7812500000000003,40.3125,0.5,true
176,Elon,0.7812500000000003,40.3125,0.5,true
177,Kent State,0.7812500000000003,40.3125,0.5,true
178,Louisiana,0.7812500000000003,40.3125,0.5,true
179,Massachusetts-Lowell,0.7812500000000003,40.3125,0.5,true
180,Massachusetts,0.7812500000000003,40.3125,0.5,true
181,Missouri-Kansas City,0.7812500000000003,40.3125,0.5,true
182,Missouri,0.7812500000000003,40.3125,0.5,true
183,Omaha,0.7812500000000003,40.3125,0.5,true
184,North Carolina A&T,0.7812500000000003,40.3125,0.5,true
185,Northwestern,0.7812500000000003,40.3125,0.5,true
186,Pacific,0.7812500000000003,40.3125,0.5,true
187,Portland State,0.7812500000000003,40.3125,0.5,true
188,Portland,0.7812500000000003,40.3125,0.5,true
189,Purdue,0.7812500000000003,40.3125,0.5,true
190,Seattle,0.7812500000000003,40.3125,0.5,true
191,South Carolina Upstate,0.7812500000000003,40.3125,0.5,true
192,Southern Mississippi,0.7812500000000003,40.3125,0.5,true
193,Stony Brook,0.7812500000000003,40.3125,0.5,true
194,Texas A&M-Corpus Christi,0.7812500000000003,40.3125,0.5,true
195,Texas,0.7812500000000003,40.3125,0.5,true
196,Toledo,0.7812500000000003,40.3125,0.5,true
197,Tulsa,0.7812500000000003,40.3125,0.5,true
198,Virginia Commonwealth,0.7812500000000003,40.3125,0.5,true
199,VMI,0.7812500000000003,40.3125,0.5,true
200,Virginia Tech,0.7812500000000003,40.3125,0.5,true
201,Alabama State,0.7741935483870985,40.32258064516129,0.5,true
202,Little Rock,0.7741935483870985,40.32258064516129,0.5,true
203,Belmont,0.7741935483870985,40.32258064516129,0.5,true
204,Bethune-Cookman,0.7741935483870985,40.32258064516129,0.5,true
205,Cleveland State,0.7741935483870985,40.32258064516129,0.5,true
206,Coastal Carolina,0.7741935483870985,40.32258064516129,0.5,true
207,Hawaii,0.7741935483870985,40.32258064516129,0.5,true
208,Indiana State,0.7741935483870985,40.32258064516129,0.5,true
209,Lehigh,0.7741935483870985,40.32258064516129,0.5,true
210,Marist,0.7741935483870985,40.32258064516129,0.5,true
211,Nevada-Las Vegas,0.7741935483870985,40.32258064516129,0.5,true
212,Nicholls State,0.7741935483870985,40.32258064516129,0.5,true
213,Northern Arizona,0.7741935483870985,40.32258064516129,0.5,true
214,Northwestern State,0.7741935483870985,40.32258064516129,0.5,true
215,Oregon State,0.7741935483870985,40.32258064516129,0.5,true
216,Rutgers,0.7741935483870985,40.32258064516129,0.5,true
217,Sacramento State,0.7741935483870985,40.32258064516129,0.5,true
218,San Francisco,0.7741935483870985,40.32258064516129,0.5,true
219,San Jose State,0.7741935483870985,40.32258064516129,0.5,true
220,Tennessee-Martin,0.7741935483870985,40.32258064516129,0.5,true
221,Tennessee Tech,0.7741935483870985,40.32258064516129,0.5,true
222,Wake Forest,0.7741935483870985,40.32258064516129,0.5,true
223,Brown,0.7666666666666653,40.333333333333336,0.5,true
224,Citadel,0.7666666666666653,40.333333333333336,0.5,true
225,Dartmouth,0.7666666666666653,40.333333333333336,0.5,true
226,Morgan State,0.7666666666666653,40.333333333333336,0.5,true
227,Stephen F. Austin,0.7666666666666653,40.333333333333336,0.5,true
228,Tennessee State,0.7666666666666653,40.333333333333336,0.5,true
229,Troy,0.7666666666666653,40.333333333333336,0.5,true
230,Winthrop,0.7666666666666653,40.333333333333336,0.5,true
231,Texas-El Paso,0.7586206896551726,40.3448275862069,0.5,true
232,Colgate,0.6911764705882381,40.44117647058823,0.5,true
233,Florida,0.6911764705882381,40.44117647058823,0.5,true
234,Kansas,0.6911764705882381,40.44117647058823,0.5,true
235,Long Beach State,0.6911764705882381,40.44117647058823,0.5,true
236,Norfolk State,0.6911764705882381,40.44117647058823,0.5,true
237,Northern Illinois,0.6911764705882381,40.44117647058823,0.5,true
238,South Alabama,0.6911764705882381,40.44117647058823,0.5,true
239,South Carolina State,0.6911764705882381,40.44117647058823,0.5,true
240,Tennessee,0.6911764705882381,40.44117647058823,0.5,true
241,Villanova,0.6911764705882381,40.44117647058823,0.5,true
242,Austin Peay,0.6818181818181832,40.45454545454545,0.5,true
243,Cal State Northridge,0.6818181818181832,40.45454545454545,0.5,true
244,East Tennessee State,0.6818181818181832,40.45454545454545,0.5,true
245,Holy Cross,0.6818181818181832,40.45454545454545,0.5,true
246,Illinois,0.6818181818181832,40.45454545454545,0.5,true
247,Louisiana Tech,0.6818181818181832,40.45454545454545,0.5,true
248,Marquette,0.6818181818181832,40.45454545454545,0.5,true
249,Marshall,0.6818181818181832,40.45454545454545,0.5,true
250,Morehead State,0.6818181818181832,40.45454545454545,0.5,true
251,North Carolina-Wilmington,0.6818181818181832,40.45454545454545,0.5,true
252,Rhode Island,0.6818181818181832,40.45454545454545,0.5,true
253,Robert Morris,0.6818181818181832,40.45454545454545,0.5,true
254,Seton Hall,0.6818181818181832,40.45454545454545,0.5,true
255,St. John's (NY),0.6818181818181832,40.45454545454545,0.5,true
256,UCLA,0.6818181818181832,40.45454545454545,0.5,true
257,Valparaiso,0.6818181818181832,40.45454545454545,0.5,true
258,Xavier,0.6818181818181832,40.45454545454545,0.5,true
259,Alabama A&M,0.6718750000000004,40.46875,0.5,true
260,Brigham Young,0.6718750000000004,40.46875,0.5,true
261,Canisius,0.6718750000000004,40.46875,0.5,true
262,Dayton,0.6718750000000004,40.46875,0.5,true
263,Duquesne,0.6718750000000004,40.46875,0.5,true
264,Eastern Michigan,0.6718750000000004,40.46875,0.5,true
265,Evansville,0.6718750000000004,40.46875,0.5,true
266,Florida Atlantic,0.6718750000000004,40.46875,0.5,true
267,Fordham,0.6718750000000004,40.46875,0.5,true
268,Illinois-Chicago,0.6718750000000004,40.46875,0.5,true
269,Longwood,0.6718750000000004,40.46875,0.5,true
270,Loyola (MD),0.6718750000000004,40.46875,0.5,true
271,Northern Colorado,0.6718750000000004,40.46875,0.5,true
272,Penn State,0.6718750000000004,40.46875,0.5,true
273,Southern Utah,0.6718750000000004,40.46875,0.5,true
274,Texas-San Antonio,0.6718750000000004,40.46875,0.5,true
275,Western Carolina,0.6718750000000004,40.46875,0.5,true
276,Cal State Bakersfield,0.6612903225806452,40.483870967741936,0.5,true
277,East Carolina,0.6612903225806452,40.483870967741936,0.5,true
278,High Point,0.6612903225806452,40.483870967741936,0.5,true
279,Incarnate Word,0.6612903225806452,40.483870967741936,0.5,true
280,Ohio,0.6612903225806452,40.483870967741936,0.5,true
281,Santa Clara,0.6612903225806452,40.483870967741936,0.5,true
282,Cornell,0.6500000000000006,40.5,0.5,true
283,Yale,0.6379310344827613,40.51724137931034,0.5,true
284,Princeton,0.6250000000000012,40.535714285714285,0.5,true
285,UC-Irvine,0.600000000000002,40.57142857142857,0.5,true
286,Monmouth,0.600000000000002,40.57142857142857,0.5,true
287,San Diego,0.600000000000002,40.57142857142857,0.5,true
288,Eastern Washington,0.5882352941176492,40.588235294117645,0.5,true
289,Florida State,0.5882352941176492,40.588235294117645,0.5,true
290,West Virginia,0.5882352941176492,40.588235294117645,0.5,true
291,Western Kentucky,0.5882352941176492,40.588235294117645,0.5,true
292,Ball State,0.5757575757575742,40.60606060606061,0.5,true
293,Drake,0.5757575757575742,40.60606060606061,0.5,true
294,Fairleigh Dickinson,0.5757575757575742,40.60606060606061,0.5,true
295,George Washington,0.5757575757575742,40.60606060606061,0.5,true
296,Lamar,0.5757575757575742,40.60606060606061,0.5,true
297,Louisville,0.5757575757575742,40.60606060606061,0.5,true
298,Southern California,0.5757575757575742,40.60606060606061,0.5,true
299,Texas Christian,0.57