


,ORB%_Def
Rank,Name,Val,Normalized,Weight,Enabled
1,New Mexico State,1.0,21.0,0.5,true
2,Vermont,0.9864864864864865,21.2,0.5,true
3,Loyola (IL),0.972972972972973,21.4,0.5,true
4,San Diego,0.9459459459459458,21.8,0.5,true
5,Army,0.9256756756756755,22.1,0.5,true
6,Lipscomb,0.9256756756756755,22.1,0.5,true
7,Utah State,0.918918918918919,22.2,0.5,true
8,Northern Iowa,0.9121621621621621,22.3,0.5,true
9,South Dakota State,0.8986486486486487,22.5,0.5,true
10,Harvard,0.8783783783783783,22.8,0.5,true
11,Pacific,0.8783783783783783,22.8,0.5,true
12,Denver,0.8716216216216217,22.9,0.5,true
13,New Hampshire,0.8648648648648648,23.0,0.5,true
14,East Tennessee State,0.858108108108108,23.1,0.5,true
15,North Carolina,0.858108108108108,23.1,0.5,true
16,Saint Mary's (CA),0.8513513513513513,23.2,0.5,true
17,Eastern Washington,0.8445945945945945,23.3,0.5,true
18,Wofford,0.8378378378378379,23.4,0.5,true
19,Dartmouth,0.831081081081081,23.5,0.5,true
20,Belmont,0.8243243243243242,23.6,0.5,true
21,Colorado,0.8175675675675675,23.7,0.5,true
22,Air Force,0.8108108108108107,23.8,0.5,true
23,Bowling Green State,0.8108108108108107,23.8,0.5,true
24,Maryland-Baltimore County,0.8040540540540542,23.9,0.5,true
25,Rice,0.8040540540540542,23.9,0.5,true
26,Radford,0.7972972972972973,24.0,0.5,true
27,Texas State,0.7972972972972973,24.0,0.5,true
28,Yale,0.7905405405405403,24.1,0.5,true
29,Boise State,0.7837837837837838,24.2,0.5,true
30,Clemson,0.7837837837837838,24.2,0.5,true
31,Saint Joseph's,0.7837837837837838,24.2,0.5,true
32,Hawaii,0.777027027027027,24.3,0.5,true
33,Miami (OH),0.777027027027027,24.3,0.5,true
34,North Dakota State,0.777027027027027,24.3,0.5,true
35,Northeastern,0.777027027027027,24.3,0.5,true
36,Princeton,0.777027027027027,24.3,0.5,true
37,Davidson,0.7702702702702703,24.4,0.5,true
38,Longwood,0.7702702702702703,24.4,0.5,true
39,Southern Utah,0.7635135135135135,24.5,0.5,true
40,Nevada,0.7567567567567566,24.6,0.5,true
41,Northern Colorado,0.7567567567567566,24.6,0.5,true
42,Winthrop,0.7567567567567566,24.6,0.5,true
43,Boston University,0.75,24.7,0.5,true
44,DePaul,0.75,24.7,0.5,true
45,Maryland,0.75,24.7,0.5,true
46,Montana,0.75,24.7,0.5,true
47,North Dakota,0.75,24.7,0.5,true
48,Wright State,0.75,24.7,0.5,true
49,UC-Riverside,0.7432432432432432,24.8,0.5,true
50,Old Dominion,0.7432432432432432,24.8,0.5,true
51,Saint Louis,0.7432432432432432,24.8,0.5,true
52,High Point,0.7364864864864865,24.9,0.5,true
53,Utah Valley,0.7364864864864865,24.9,0.5,true
54,Michigan,0.7297297297297296,25.0,0.5,true
55,North Alabama,0.7297297297297296,25.0,0.5,true
56,Toledo,0.7297297297297296,25.0,0.5,true
57,Grand Canyon,0.7229729729729728,25.1,0.5,true
58,Jacksonville State,0.7229729729729728,25.1,0.5,true
59,Liberty,0.7229729729729728,25.1,0.5,true
60,Omaha,0.7229729729729728,25.1,0.5,true
61,Western Carolina,0.7229729729729728,25.1,0.5,true
62,Western Illinois,0.7229729729729728,25.1,0.5,true
63,Brown,0.7162162162162162,25.2,0.5,true
64,Evansville,0.7162162162162162,25.2,0.5,true
65,Florida Atlantic,0.7162162162162162,25.2,0.5,true
66,North Texas,0.7162162162162162,25.2,0.5,true
67,Cal State Fullerton,0.7094594594594594,25.3,0.5,true
68,Missouri State,0.7094594594594594,25.3,0.5,true
69,Navy,0.7094594594594594,25.3,0.5,true
70,UC-Santa Barbara,0.6959459459459458,25.5,0.5,true
71,Fresno State,0.6959459459459458,25.5,0.5,true
72,Illinois State,0.6959459459459458,25.5,0.5,true
73,Kansas State,0.6959459459459458,25.5,0.5,true
74,South Dakota,0.6959459459459458,25.5,0.5,true
75,William & Mary,0.6959459459459458,25.5,0.5,true
76,Drake,0.689189189189189,25.6,0.5,true
77,Drexel,0.689189189189189,25.6,0.5,true
78,Loyola Marymount,0.689189189189189,25.6,0.5,true
79,Niagara,0.689189189189189,25.6,0.5,true
80,Northern Illinois,0.689189189189189,25.6,0.5,true
81,Pennsylvania,0.689189189189189,25.6,0.5,true
82,Missouri,0.6824324324324325,25.7,0.5,true
83,Montana State,0.6824324324324325,25.7,0.5,true
84,San Francisco,0.6824324324324325,25.7,0.5,true
85,Alabama-Birmingham,0.6756756756756755,25.8,0.5,true
86,Arizona,0.6756756756756755,25.8,0.5,true
87,California Baptist,0.6756756756756755,25.8,0.5,true
88,College of Charleston,0.6756756756756755,25.8,0.5,true
89,Georgetown,0.6756756756756755,25.8,0.5,true
90,Kentucky,0.6756756756756755,25.8,0.5,true
91,Louisville,0.6756756756756755,25.8,0.5,true
92,Presbyterian,0.6756756756756755,25.8,0.5,true
93,Texas A&M-Corpus Christi,0.6756756756756755,25.8,0.5,true
94,Valparaiso,0.6756756756756755,25.8,0.5,true
95,Weber State,0.6756756756756755,25.8,0.5,true
96,Columbia,0.668918918918919,25.9,0.5,true
97,Houston,0.668918918918919,25.9,0.5,true
98,Jackson State,0.668918918918919,25.9,0.5,true
99,NJIT,0.668918918918919,25.9,0.5,true
100,Northern Kentucky,0.668918918918919,25.9,0.5,true
101,Penn State,0.668918918918919,25.9,0.5,true
102,Stony Brook,0.668918918918919,25.9,0.5,true
103,Virginia,0.668918918918919,25.9,0.5,true
104,Oral Roberts,0.6621621621621621,26.0,0.5,true
105,South Florida,0.6621621621621621,26.0,0.5,true
106,Charlotte,0.6554054054054053,26.1,0.5,true
107,Colgate,0.6554054054054053,26.1,0.5,true
108,North Carolina-Wilmington,0.6554054054054053,26.1,0.5,true
109,Ohio State,0.6554054054054053,26.1,0.5,true
110,Bradley,0.6486486486486487,26.2,0.5,true
111,Buffalo,0.6486486486486487,26.2,0.5,true
112,Marist,0.6418918918918918,26.3,0.5,true
113,Marquette,0.6418918918918918,26.3,0.5,true
114,North Carolina Central,0.6418918918918918,26.3,0.5,true
115,Northwestern,0.6418918918918918,26.3,0.5,true
116,Sacred Heart,0.6418918918918918,26.3,0.5,true
117,Seattle,0.6418918918918918,26.3,0.5,true
118,Arizona State,0.6351351351351351,26.4,0.5,true
119,UC-Irvine,0.6351351351351351,26.4,0.5,true
120,Lafayette,0.6351351351351351,26.4,0.5,true
121,Lamar,0.6351351351351351,26.4,0.5,true
122,Northern Arizona,0.6351351351351351,26.4,0.5,true
123,Southern Mississippi,0.6351351351351351,26.4,0.5,true
124,Indiana State,0.6283783783783783,26.5,0.5,true
125,Purdue,0.6283783783783783,26.5,0.5,true
126,Towson,0.6283783783783783,26.5,0.5,true
127,Wisconsin,0.6283783783783783,26.5,0.5,true
128,Colorado State,0.6216216216216215,26.6,0.5,true
129,Michigan State,0.6216216216216215,26.6,0.5,true
130,Portland State,0.6216216216216215,26.6,0.5,true
131,Abilene Christian,0.6148648648648649,26.7,0.5,true
132,Creighton,0.6148648648648649,26.7,0.5,true
133,Sacramento State,0.6148648648648649,26.7,0.5,true
134,Brigham Young,0.608108108108108,26.8,0.5,true
135,Chattanooga,0.608108108108108,26.8,0.5,true
136,Ohio,0.608108108108108,26.8,0.5,true
137,Texas-San Antonio,0.608108108108108,26.8,0.5,true
138,Little Rock,0.6013513513513513,26.9,0.5,true
139,Florida State,0.6013513513513513,26.9,0.5,true
140,Jacksonville,0.6013513513513513,26.9,0.5,true
141,Middle Tennessee,0.6013513513513513,26.9,0.5,true
142,Utah,0.6013513513513513,26.9,0.5,true
143,Campbell,0.5945945945945945,27.0,0.5,true
144,Charleston Southern,0.5945945945945945,27.0,0.5,true
145,Dayton,0.5945945945945945,27.0,0.5,true
146,Massachusetts,0.5945945945945945,27.0,0.5,true
147,Rutgers,0.5945945945945945,27.0,0.5,true
148,Sam Houston State,0.5945945945945945,27.0,0.5,true
149,Texas-El Paso,0.5945945945945945,27.0,0.5,true
150,VMI,0.5945945945945945,27.0,0.5,true
151,Butler,0.5878378378378377,27.1,0.5,true
152,Cornell,0.5878378378378377,27.1,0.5,true
153,George Mason,0.5878378378378377,27.1,0.5,true
154,Gonzaga,0.5878378378378377,27.1,0.5,true
155,Rider,0.5878378378378377,27.1,0.5,true
156,UCLA,0.5878378378378377,27.1,0.5,true
157,Wake Forest,0.5878378378378377,27.1,0.5,true
158,Maine,0.581081081081081,27.2,0.5,true
159,Hampton,0.5743243243243241,27.3,0.5,true
160,Nevada-Las Vegas,0.5743243243243241,27.3,0.5,true
161,New Mexico,0.5743243243243241,27.3,0.5,true
162,Alabama,0.5675675675675675,27.4,0.5,true
163,American,0.5675675675675675,27.4,0.5,true
164,Bucknell,0.5675675675675675,27.4,0.5,true
165,Lehigh,0.5675675675675675,27.4,0.5,true
166,Milwaukee,0.5675675675675675,27.4,0.5,true
167,St. Francis (NY),0.5675675675675675,27.4,0.5,true
168,Tennessee State,0.5675675675675675,27.4,0.5,true
169,Villanova,0.5675675675675675,27.4,0.5,true
170,Virginia Tech,0.5675675675675675,27.4,0.5,true
171,Western Michigan,0.5675675675675675,27.4,0.5,true
172,Wichita State,0.5675675675675675,27.4,0.5,true
173,Coastal Carolina,0.5608108108108107,27.5,0.5,true
174,Fordham,0.5608108108108107,27.5,0.5,true
175,Western Kentucky,0.5608108108108107,27.5,0.5,true
176,Xavier,0.5608108108108107,27.5,0.5,true
177,Albany (NY),0.554054054054054,27.6,0.5,true
178,Elon,0.554054054054054,27.6,0.5,true
179,IUPUI,0.554054054054054,27.6,0.5,true
180,Rhode Island,0.554054054054054,27.6,0.5,true
181,Texas-Arlington,0.554054054054054,27.6,0.5,true
182,Wagner,0.554054054054054,27.6,0.5,true
183,UC-Davis,0.5472972972972973,27.7,0.5,true
184,Oklahoma,0.5472972972972973,27.7,0.5,true
185,Robert Morris,0.5472972972972973,27.7,0.5,true
186,Georgia Southern,0.5405405405405403,27.8,0.5,true
187,Purdue-Fort Wayne,0.5405405405405403,27.8,0.5,true
188,Louisiana Tech,0.5405405405405403,27.8,0.5,true
189,Minnesota,0.5405405405405403,27.8,0.5,true
190,Saint Peter's,0.5405405405405403,27.8,0.5,true
191,San Diego State,0.5405405405405403,27.8,0.5,true
192,San Jose State,0.5405405405405403,27.8,0.5,true
193,Delaware,0.5337837837837838,27.9,0.5,true
194,Norfolk State,0.5337837837837838,27.9,0.5,true
195,Providence,0.5337837837837838,27.9,0.5,true
196,Santa Clara,0.527027027027027,28.0,0.5,true
197,Wyoming,0.527027027027027,28.0,0.5,true
198,Ball State,0.5202702702702701,28.1,0.5,true
199,Houston Baptist,0.5202702702702701,28.1,0.5,true
200,Oregon,0.5202702702702701,28.1,0.5,true
201,Saint Francis (PA),0.5202702702702701,28.1,0.5,true
202,Siena,0.5202702702702701,28.1,0.5,true
203,Cal State Bakersfield,0.5135135135135135,28.2,0.5,true
204,Southeastern Louisiana,0.5135135135135135,28.2,0.5,true
205,SIU Edwardsville,0.5135135135135135,28.2,0.5,true
206,Indiana,0.5067567567567566,28.3,0.5,true
207,Southeast Missouri State,0.5067567567567566,28.3,0.5,true
208,St. Bonaventure,0.5067567567567566,28.3,0.5,true
209,Stanford,0.5067567567567566,28.3,0.5,true
210,Coppin State,0.5,28.4,0.5,true
211,George Washington,0.5,28.4,0.5,true
212,Kansas,0.5,28.4,0.5,true
213,Monmouth,0.5,28.4,0.5,true
214,Grambling,0.4932432432432432,28.5,0.5,true
215,Youngstown State,0.4932432432432432,28.5,0.5,true
216,Fairfield,0.4864864864864863,28.6,0.5,true
217,Hofstra,0.4864864864864863,28.6,0.5,true
218,Idaho State,0.4864864864864863,28.6,0.5,true
219,North Carolina State,0.4864864864864863,28.6,0.5,true
220,Texas Christian,0.4864864864864863,28.6,0.5,true
221,Texas Tech,0.4864864864864863,28.6,0.5,true
222,Appalachian State,0.4797297297297297,28.7,0.5,true
223,Baylor,0.4797297297297297,28.7,0.5,true
224,West Virginia,0.4797297297297297,28.7,0.5,true
225,Quinnipiac,0.4729729729729728,28.8,0.5,true
226,Tulsa,0.4729729729729728,28.8,0.5,true
227,La Salle,0.46621621621621623,28.9,0.5,true
228,Long Island University,0.46621621621621623,28.9,0.5,true
229,Oregon State,0.46621621621621623,28.9,0.5,true
230,Portland,0.46621621621621623,28.9,0.5,true
231,Temple,0.46621621621621623,28.9,0.5,true
232,Alcorn State,0.4527027027027025,29.1,0.5,true
233,Arkansas State,0.4527027027027025,29.1,0.5,true
234,Austin Peay,0.4527027027027025,29.1,0.5,true
235,Cincinnati,0.4527027027027025,29.1,0.5,true
236,Furman,0.4527027027027025,29.1,0.5,true
237,Iowa,0.4527027027027025,29.1,0.5,true
238,Manhattan,0.4527027027027025,29.1,0.5,true
239,Southern Illinois,0.4527027027027025,29.1,0.5,true
240,James Madison,0.44594594594594594,29.2,0.5,true
241,Loyola (MD),0.44594594594594594,29.2,0.5,true
242,North Carolina-Greensboro,0.44594594594594594,29.2,0.5,true
243,Vanderbilt,0.44594594594594594,29.2,0.5,true
244,Akron,0.43918918918918903,29.3,0.5,true
245,Central Arkansas,0.43918918918918903,29.3,0.5,true
246,Central Florida,0.43918918918918903,29.3,0.5,true
247,Louisiana-Monroe,0.43918918918918903,29.3,0.5,true
248,Massachusetts-Lowell,0.43918918918918903,29.3,0.5,true
249,Murray State,0.43918918918918903,29.3,0.5,true
250,Pepperdine,0.43918918918918903,29.3,0.5,true
251,Green Bay,0.43243243243243246,29.4,0.5,true
252,Iona,0.43243243243243246,29.4,0.5,true
253,Kennesaw State,0.43243243243243246,29.4,0.5,true
254,Oklahoma State,0.43243243243243246,29.4,0.5,true
255,Seton Hall,0.43243243243243246,29.4,0.5,true
256,Central Connecticut State,0.42567567567567555,29.5,0.5,true
257,Mississippi,0.42567567567567555,29.5,0.5,true
258,Washington State,0.42567567567567555,29.5,0.5,true
259,Duke,0.41891891891891875,29.6,0.5,true
260,South Carolina State,0.41891891891891875,29.6,0.5,true
261,Richmond,0.41216216216216206,29.7,0.5,true
262,St. John's (NY),0.41216216216216206,29.7,0.5,true
263,Eastern Kentucky,0.40540540540540526,29.8,0.5,true
264,Gardner-Webb,0.40540540540540526,29.8,0.5,true
265,Miami (FL),0.40540540540540526,29.8,0.5,true
266,Mississippi State,0.40540540540540526,29.8,0.5,true
267,Arkansas-Pine Bluff,0.3986486486486487,29.9,0.5,true
268,Kent State,0.3986486486486487,29.9,0.5,true
269,McNeese State,0.3986486486486487,29.9,0.5,true
270,Southern California,0.3986486486486487,29.9,0.5,true
271,Iowa State,0.3918918918918918,30.0,0.5,true
272,Tennessee,0.3918918918918918,30.0,0.5,true
273,Tulane,0.3918918918918918,30.0,0.5,true
274,Connecticut,0.385135135135135,30.1,0.5,true
275,Illinois-Chicago,0.385135135135135,30.1,0.5,true
276,Texas,0.385135135135135,30.1,0.5,true
277,Bethune-Cookman,0.3783783783783783,30.2,0.5,true
278,Memphis,0.3783783783783783,30.2,0.5,true
279,Troy,0.3783783783783783,30.2,0.5,true
280,Bryant,0.3716216216216215,30.3,0.5,true
281,Eastern Illinois,0.3716216216216215,30.3,0.5,true
282,Texas Southern,0.3716216216216215,30.3,0.5,true
283,Florida Gulf Coast,0.3648648648648648,30.4,0.5,true
284,Idaho,0.3648648648648648,30.4,0.5,true
285,Louisiana State,0.3648648648648648,30.4,0.5,true
286,Citadel,0.358108108108108,30.5,0.5,true
287,Cal Poly,0.3513513513513511,30.6,0.5,true
288,Morehead State,0.3513513513513511,30.6,0.5,true
289,Delaware State,0.3445945945945945,30.7,0.5,true
290,Samford,0.3445945945945945,30.7,0.5,true
291,Virginia Commonwealth,0.3445945945945945,30.7,0.5,true
292,Alabama State,0.3378378378378377,30.8,0.5,true
293,Hartford,0.3378378378378377,30.8,0.5,true
294,Mississippi Valley State,0.3378378378378377,30.8,0.5,true
295,Mount St. Mary's,0.3378378378378377,30.8,0.5,true
296,Southern Methodist,0.3378378378378377,30.8,0.5,true
297,Stetson,0.3378378378378377,30.8,0.5,true
298,East Carolina,0.33108108108108103,30.9,0.5,true
299,Georgia,0.32432432432432423,31.0,0.5,true
300,Binghamton,0.3175675675675673,31.1,0.5,true
301,Notre Dame,0.3175675675675673,31.1,0.5,true
302,Maryland-Eastern Shore,0.31081081081081074,31.2,0.5,true
303,South Carolina,0.31081081081081074,31.2,0.5,true
304,South Alabama,0.30405405405405384,31.3,0.5,true
305,South Carolina Upstate,0.29729729729729726,31.4,0.5,true
306,Boston College,0.29054054054054046,31.5,0.5,true
307,University of California,0.29054054054054046,31.5,0.5,true
308,Canisius,0.29054054054054046,31.5,0.5,true
309,Louisiana,0.29054054054054046,31.5,0.5,true
310,Mercer,0.29054054054054046,31.5,0.5,true
311,Cal State Northridge,0.28378378378378355,31.6,0.5,true
312,Georgia Tech,0.28378378378378355,31.6,0.5,true
313,Missouri-Kansas City,0.28378378378378355,31.6,0.5,true
314,Florida,0.277027027027027,31.7,0.5,true
315,Oakland,0.277027027027027,31.7,0.5,true
316,Tennessee Tech,0.277027027027027,31.7,0.5,true
317,Long Beach State,0.27027027027027006,31.8,0.5,true
318,Nebraska,0.27027027027027006,31.8,0.5,true
319,Alabama A&M,0.2635135135135135,31.9,0.5,true
320,Fairleigh Dickinson,0.2635135135135135,31.9,0.5,true
321,Illinois,0.2635135135135135,31.9,0.5,true
322,Auburn,0.2567567567567566,32.0,0.5,true
323,Florida A&M,0.24999999999999978,32.1,0.5,true
324,Incarnate Word,0.24999999999999978,32.1,0.5,true
325,Central Michigan,0.24324324324324287,32.2,0.5,true
326,Southern,0.24324324324324287,32.2,0.5,true
327,Stephen F. Austin,0.24324324324324287,32.2,0.5,true
328,Cleveland State,0.2364864864864865,32.3,0.5,true
329,North Florida,0.2364864864864865,32.3,0.5,true
330,Howard,0.22972972972972971,32.4,0.5,true
331,Texas A&M,0.22972972972972971,32.4,0.5,true
332,Nicholls State,0.216216216216216,32.6,0.5,true
333,Holy Cross,0.2094594594594591,32.7,0.5,true
334,Pittsburgh,0.2094594594594591,32.7,0.5,true
335,Chicago State,0.1824324