


,ORB%_Off
Rank,Name,Val,Normalized,Weight,Enabled
1,Portland State,1.0,38.8,0.5,true
2,Cal State Bakersfield,0.9698275862068967,38.1,0.5,true
3,Baylor,0.9655172413793105,38.0,0.5,true
4,East Tennessee State,0.9568965517241379,37.8,0.5,true
5,South Florida,0.9568965517241379,37.8,0.5,true
6,Louisiana State,0.9353448275862069,37.3,0.5,true
7,Cincinnati,0.9310344827586209,37.2,0.5,true
8,Lamar,0.9310344827586209,37.2,0.5,true
9,New Mexico State,0.9137931034482758,36.8,0.5,true
10,West Virginia,0.9094827586206898,36.7,0.5,true
11,Kentucky,0.9008620689655173,36.5,0.5,true
12,Duke,0.8836206896551726,36.1,0.5,true
13,Saint Louis,0.8706896551724138,35.8,0.5,true
14,Eastern Michigan,0.8620689655172415,35.6,0.5,true
15,North Carolina State,0.853448275862069,35.4,0.5,true
16,Nevada-Las Vegas,0.8405172413793105,35.1,0.5,true
17,North Carolina Central,0.8405172413793105,35.1,0.5,true
18,Houston Baptist,0.8362068965517242,35.0,0.5,true
19,IUPUI,0.831896551724138,34.9,0.5,true
20,Purdue,0.831896551724138,34.9,0.5,true
21,UC-Santa Barbara,0.8275862068965517,34.8,0.5,true
22,Mississippi State,0.8275862068965517,34.8,0.5,true
23,Towson,0.8189655172413794,34.6,0.5,true
24,Houston,0.810344827586207,34.4,0.5,true
25,North Carolina,0.810344827586207,34.4,0.5,true
26,Saint Francis (PA),0.810344827586207,34.4,0.5,true
27,UC-Irvine,0.8060344827586207,34.3,0.5,true
28,Bethune-Cookman,0.8017241379310347,34.2,0.5,true
29,High Point,0.8017241379310347,34.2,0.5,true
30,Maryland,0.7887931034482759,33.9,0.5,true
31,Michigan State,0.7887931034482759,33.9,0.5,true
32,Stony Brook,0.7887931034482759,33.9,0.5,true
33,Wagner,0.7887931034482759,33.9,0.5,true
34,Kent State,0.7801724137931036,33.7,0.5,true
35,Wake Forest,0.7801724137931036,33.7,0.5,true
36,Youngstown State,0.7801724137931036,33.7,0.5,true
37,Memphis,0.7758620689655173,33.6,0.5,true
38,Texas State,0.7758620689655173,33.6,0.5,true
39,Jacksonville State,0.7672413793103449,33.4,0.5,true
40,Rutgers,0.7672413793103449,33.4,0.5,true
41,Arkansas State,0.7586206896551726,33.2,0.5,true
42,Austin Peay,0.7543103448275863,33.1,0.5,true
43,Florida State,0.7543103448275863,33.1,0.5,true
44,Wofford,0.7543103448275863,33.1,0.5,true
45,Auburn,0.7500000000000001,33.0,0.5,true
46,New Orleans,0.7456896551724138,32.9,0.5,true
47,DePaul,0.7413793103448275,32.8,0.5,true
48,Georgia,0.7370689655172415,32.7,0.5,true
49,Texas A&M,0.7370689655172415,32.7,0.5,true
50,Southern Methodist,0.7327586206896554,32.6,0.5,true
51,Wichita State,0.7327586206896554,32.6,0.5,true
52,Southeastern Louisiana,0.7284482758620691,32.5,0.5,true
53,Arizona State,0.7241379310344828,32.4,0.5,true
54,Connecticut,0.7198275862068965,32.3,0.5,true
55,Old Dominion,0.7198275862068965,32.3,0.5,true
56,North Carolina-Wilmington,0.7155172413793105,32.2,0.5,true
57,South Carolina State,0.7155172413793105,32.2,0.5,true
58,Coastal Carolina,0.7112068965517243,32.1,0.5,true
59,Middle Tennessee,0.7112068965517243,32.1,0.5,true
60,Pittsburgh,0.7112068965517243,32.1,0.5,true
61,Murray State,0.706896551724138,32.0,0.5,true
62,South Carolina,0.706896551724138,32.0,0.5,true
63,Texas Southern,0.706896551724138,32.0,0.5,true
64,Utah State,0.706896551724138,32.0,0.5,true
65,Xavier,0.706896551724138,32.0,0.5,true
66,Missouri,0.7025862068965517,31.9,0.5,true
67,Buffalo,0.6982758620689657,31.8,0.5,true
68,Central Michigan,0.6982758620689657,31.8,0.5,true
69,Morgan State,0.6982758620689657,31.8,0.5,true
70,North Carolina-Greensboro,0.6982758620689657,31.8,0.5,true
71,Minnesota,0.6939655172413794,31.7,0.5,true
72,Duquesne,0.6896551724137933,31.6,0.5,true
73,Penn State,0.6896551724137933,31.6,0.5,true
74,Providence,0.6896551724137933,31.6,0.5,true
75,Navy,0.6853448275862071,31.5,0.5,true
76,North Texas,0.6853448275862071,31.5,0.5,true
77,Texas A&M-Corpus Christi,0.6810344827586208,31.4,0.5,true
78,Alabama,0.6767241379310347,31.3,0.5,true
79,Charleston Southern,0.6767241379310347,31.3,0.5,true
80,Colorado,0.6767241379310347,31.3,0.5,true
81,Massachusetts,0.6767241379310347,31.3,0.5,true
82,Sacred Heart,0.6767241379310347,31.3,0.5,true
83,Tennessee-Martin,0.6767241379310347,31.3,0.5,true
84,Tennessee,0.6767241379310347,31.3,0.5,true
85,Virginia Commonwealth,0.6767241379310347,31.3,0.5,true
86,Rhode Island,0.6724137931034484,31.2,0.5,true
87,Saint Mary's (CA),0.6724137931034484,31.2,0.5,true
88,Texas Christian,0.6724137931034484,31.2,0.5,true
89,Wright State,0.6724137931034484,31.2,0.5,true
90,Bowling Green State,0.6681034482758623,31.1,0.5,true
91,Florida,0.6681034482758623,31.1,0.5,true
92,Sam Houston State,0.6681034482758623,31.1,0.5,true
93,Villanova,0.6681034482758623,31.1,0.5,true
94,Northern Kentucky,0.663793103448276,31.0,0.5,true
95,Texas-Arlington,0.663793103448276,31.0,0.5,true
96,Alabama State,0.6594827586206897,30.9,0.5,true
97,James Madison,0.6551724137931036,30.8,0.5,true
98,San Francisco,0.6551724137931036,30.8,0.5,true
99,UCLA,0.6551724137931036,30.8,0.5,true
100,Utah,0.6508620689655173,30.7,0.5,true
101,Gonzaga,0.6465517241379313,30.6,0.5,true
102,Loyola Marymount,0.6465517241379313,30.6,0.5,true
103,Oregon State,0.6465517241379313,30.6,0.5,true
104,Alabama-Birmingham,0.6379310344827587,30.4,0.5,true
105,Howard,0.6379310344827587,30.4,0.5,true
106,McNeese State,0.6379310344827587,30.4,0.5,true
107,Mississippi,0.6379310344827587,30.4,0.5,true
108,North Florida,0.6336206896551726,30.3,0.5,true
109,Oral Roberts,0.6336206896551726,30.3,0.5,true
110,Rider,0.6336206896551726,30.3,0.5,true
111,Stephen F. Austin,0.6336206896551726,30.3,0.5,true
112,Louisiana Tech,0.6293103448275863,30.2,0.5,true
113,Robert Morris,0.6293103448275863,30.2,0.5,true
114,Alcorn State,0.6250000000000002,30.1,0.5,true
115,Syracuse,0.6250000000000002,30.1,0.5,true
116,Florida Atlantic,0.6206896551724139,30.0,0.5,true
117,Iowa,0.6206896551724139,30.0,0.5,true
118,Prairie View,0.6206896551724139,30.0,0.5,true
119,Western Michigan,0.6206896551724139,30.0,0.5,true
120,Central Connecticut State,0.6163793103448276,29.9,0.5,true
121,Furman,0.6163793103448276,29.9,0.5,true
122,Northwestern State,0.6163793103448276,29.9,0.5,true
123,Radford,0.6163793103448276,29.9,0.5,true
124,Virginia,0.6163793103448276,29.9,0.5,true
125,Louisiana,0.6120689655172415,29.8,0.5,true
126,Miami (OH),0.6120689655172415,29.8,0.5,true
127,Stanford,0.6120689655172415,29.8,0.5,true
128,Winthrop,0.6120689655172415,29.8,0.5,true
129,Grand Canyon,0.6077586206896552,29.7,0.5,true
130,Kansas,0.6077586206896552,29.7,0.5,true
131,Virginia Tech,0.6077586206896552,29.7,0.5,true
132,Colgate,0.6034482758620692,29.6,0.5,true
133,Oregon,0.6034482758620692,29.6,0.5,true
134,Manhattan,0.5991379310344829,29.5,0.5,true
135,Seton Hall,0.5991379310344829,29.5,0.5,true
136,Washington,0.5991379310344829,29.5,0.5,true
137,Abilene Christian,0.5948275862068966,29.4,0.5,true
138,Kennesaw State,0.5948275862068966,29.4,0.5,true
139,San Diego State,0.5948275862068966,29.4,0.5,true
140,Southern,0.5948275862068966,29.4,0.5,true
141,Central Florida,0.5905172413793105,29.3,0.5,true
142,Eastern Illinois,0.5905172413793105,29.3,0.5,true
143,Quinnipiac,0.5905172413793105,29.3,0.5,true
144,Tennessee State,0.5905172413793105,29.3,0.5,true
145,Louisville,0.5862068965517242,29.2,0.5,true
146,Saint Peter's,0.5862068965517242,29.2,0.5,true
147,Seattle,0.5862068965517242,29.2,0.5,true
148,Arkansas-Pine Bluff,0.5818965517241381,29.1,0.5,true
149,Long Beach State,0.5818965517241381,29.1,0.5,true
150,Marquette,0.5818965517241381,29.1,0.5,true
151,Mercer,0.5818965517241381,29.1,0.5,true
152,Monmouth,0.5818965517241381,29.1,0.5,true
153,North Carolina-Asheville,0.5818965517241381,29.1,0.5,true
154,Drexel,0.5775862068965518,29.0,0.5,true
155,Illinois,0.5775862068965518,29.0,0.5,true
156,Morehead State,0.5775862068965518,29.0,0.5,true
157,Notre Dame,0.5775862068965518,29.0,0.5,true
158,Ohio,0.5775862068965518,29.0,0.5,true
159,Stetson,0.5775862068965518,29.0,0.5,true
160,Western Kentucky,0.5775862068965518,29.0,0.5,true
161,Fairleigh Dickinson,0.5732758620689655,28.9,0.5,true
162,George Mason,0.5732758620689655,28.9,0.5,true
163,Georgetown,0.5732758620689655,28.9,0.5,true
164,Mississippi Valley State,0.5732758620689655,28.9,0.5,true
165,St. Bonaventure,0.5732758620689655,28.9,0.5,true
166,Vanderbilt,0.5732758620689655,28.9,0.5,true
167,Detroit Mercy,0.5689655172413794,28.8,0.5,true
168,La Salle,0.5689655172413794,28.8,0.5,true
169,Northern Colorado,0.5689655172413794,28.8,0.5,true
170,Texas,0.5689655172413794,28.8,0.5,true
171,Boston University,0.5646551724137931,28.7,0.5,true
172,Iowa State,0.5646551724137931,28.7,0.5,true
173,Jackson State,0.5646551724137931,28.7,0.5,true
174,New Mexico,0.5646551724137931,28.7,0.5,true
175,SIU Edwardsville,0.5646551724137931,28.7,0.5,true
176,Toledo,0.5646551724137931,28.7,0.5,true
177,Western Carolina,0.5646551724137931,28.7,0.5,true
178,Boston College,0.5603448275862071,28.6,0.5,true
179,Southern Illinois,0.5603448275862071,28.6,0.5,true
180,Arkansas,0.5560344827586208,28.5,0.5,true
181,Texas Tech,0.5560344827586208,28.5,0.5,true
182,Arizona,0.5517241379310346,28.4,0.5,true
183,Jacksonville,0.5517241379310346,28.4,0.5,true
184,Tennessee Tech,0.5517241379310346,28.4,0.5,true
185,California Baptist,0.5474137931034484,28.3,0.5,true
186,Indiana,0.5431034482758621,28.2,0.5,true
187,Nebraska,0.5431034482758621,28.2,0.5,true
188,Sacramento State,0.5431034482758621,28.2,0.5,true
189,Savannah State,0.5431034482758621,28.2,0.5,true
190,Delaware State,0.538793103448276,28.1,0.5,true
191,Samford,0.538793103448276,28.1,0.5,true
192,Harvard,0.5344827586206897,28.0,0.5,true
193,East Carolina,0.5301724137931035,27.9,0.5,true
194,Florida A&M,0.5301724137931035,27.9,0.5,true
195,Georgia Southern,0.5301724137931035,27.9,0.5,true
196,Hampton,0.5301724137931035,27.9,0.5,true
197,Kansas State,0.5301724137931035,27.9,0.5,true
198,San Jose State,0.5301724137931035,27.9,0.5,true
199,Hofstra,0.5258620689655173,27.8,0.5,true
200,Long Island University,0.5258620689655173,27.8,0.5,true
201,Ohio State,0.5258620689655173,27.8,0.5,true
202,Vermont,0.5258620689655173,27.8,0.5,true
203,Ball State,0.5215517241379312,27.7,0.5,true
204,Cal State Northridge,0.5215517241379312,27.7,0.5,true
205,Clemson,0.5215517241379312,27.7,0.5,true
206,Eastern Kentucky,0.5215517241379312,27.7,0.5,true
207,Alabama A&M,0.517241379310345,27.6,0.5,true
208,St. Francis (NY),0.517241379310345,27.6,0.5,true
209,Norfolk State,0.5129310344827588,27.5,0.5,true
210,North Alabama,0.5129310344827588,27.5,0.5,true
211,Bradley,0.5086206896551725,27.4,0.5,true
212,North Carolina A&T,0.5086206896551725,27.4,0.5,true
213,Utah Valley,0.5086206896551725,27.4,0.5,true
214,Loyola (MD),0.5043103448275863,27.3,0.5,true
215,Louisiana-Monroe,0.5000000000000001,27.2,0.5,true
216,Massachusetts-Lowell,0.5000000000000001,27.2,0.5,true
217,Texas-El Paso,0.5000000000000001,27.2,0.5,true
218,Albany (NY),0.495689655172414,27.1,0.5,true
219,Canisius,0.495689655172414,27.1,0.5,true
220,Fresno State,0.495689655172414,27.1,0.5,true
221,Citadel,0.4913793103448277,27.0,0.5,true
222,Lipscomb,0.4913793103448277,27.0,0.5,true
223,Montana,0.4913793103448277,27.0,0.5,true
224,Pacific,0.4913793103448277,27.0,0.5,true
225,Troy,0.4913793103448277,27.0,0.5,true
226,Valparaiso,0.4913793103448277,27.0,0.5,true
227,Southern California,0.48706896551724144,26.9,0.5,true
228,Hawaii,0.4827586206896553,26.8,0.5,true
229,Idaho State,0.4827586206896553,26.8,0.5,true
230,Bryant,0.47844827586206906,26.7,0.5,true
231,Cleveland State,0.47844827586206906,26.7,0.5,true
232,Dayton,0.47844827586206906,26.7,0.5,true
233,Denver,0.47844827586206906,26.7,0.5,true
234,Grambling,0.47844827586206906,26.7,0.5,true
235,UC-Riverside,0.47413793103448293,26.6,0.5,true
236,Niagara,0.47413793103448293,26.6,0.5,true
237,Northern Illinois,0.47413793103448293,26.6,0.5,true
238,Appalachian State,0.46982758620689663,26.5,0.5,true
239,Nevada,0.46982758620689663,26.5,0.5,true
240,Rice,0.46982758620689663,26.5,0.5,true
241,Mount St. Mary's,0.4655172413793104,26.4,0.5,true
242,Oklahoma State,0.4655172413793104,26.4,0.5,true
243,Princeton,0.46120689655172425,26.3,0.5,true
244,Texas-Rio Grande Valley,0.46120689655172425,26.3,0.5,true
245,Florida International,0.456896551724138,26.2,0.5,true
246,Maine,0.456896551724138,26.2,0.5,true
247,South Carolina Upstate,0.456896551724138,26.2,0.5,true
248,Tulane,0.456896551724138,26.2,0.5,true
249,American,0.4525862068965519,26.1,0.5,true
250,Cal Poly,0.4525862068965519,26.1,0.5,true
251,Missouri State,0.4525862068965519,26.1,0.5,true
252,Montana State,0.4525862068965519,26.1,0.5,true
253,Oklahoma,0.4525862068965519,26.1,0.5,true
254,Presbyterian,0.4525862068965519,26.1,0.5,true
255,Milwaukee,0.44827586206896564,26.0,0.5,true
256,Temple,0.44827586206896564,26.0,0.5,true
257,Yale,0.44827586206896564,26.0,0.5,true
258,Liberty,0.44396551724137934,25.9,0.5,true
259,Fairfield,0.4396551724137932,25.8,0.5,true
260,Miami (FL),0.4396551724137932,25.8,0.5,true
261,Texas-San Antonio,0.4396551724137932,25.8,0.5,true
262,Northern Arizona,0.43534482758620696,25.7,0.5,true
263,Southeast Missouri State,0.43534482758620696,25.7,0.5,true
264,Belmont,0.43103448275862083,25.6,0.5,true
265,Butler,0.43103448275862083,25.6,0.5,true
266,Columbia,0.43103448275862083,25.6,0.5,true
267,Florida Gulf Coast,0.43103448275862083,25.6,0.5,true
268,South Alabama,0.43103448275862083,25.6,0.5,true
269,Bucknell,0.4267241379310346,25.5,0.5,true
270,Coppin State,0.4267241379310346,25.5,0.5,true
271,Illinois State,0.4267241379310346,25.5,0.5,true
272,Maryland-Baltimore County,0.4267241379310346,25.5,0.5,true
273,College of Charleston,0.4224137931034483,25.4,0.5,true
274,Akron,0.4181034482758622,25.3,0.5,true
275,Drake,0.4181034482758622,25.3,0.5,true
276,Fordham,0.4181034482758622,25.3,0.5,true
277,Georgia Tech,0.4181034482758622,25.3,0.5,true
278,Hartford,0.4181034482758622,25.3,0.5,true
279,Oakland,0.4137931034482759,25.2,0.5,true
280,Washington State,0.4137931034482759,25.2,0.5,true
281,Central Arkansas,0.4094827586206898,25.1,0.5,true
282,Green Bay,0.40517241379310354,25.0,0.5,true
283,Iona,0.40517241379310354,25.0,0.5,true
284,Omaha,0.4008620689655173,24.9,0.5,true
285,Pepperdine,0.4008620689655173,24.9,0.5,true
286,Creighton,0.39655172413793116,24.8,0.5,true
287,Gardner-Webb,0.39655172413793116,24.8,0.5,true
288,Illinois-Chicago,0.39655172413793116,24.8,0.5,true
289,Longwood,0.39224137931034486,24.7,0.5,true
290,Pennsylvania,0.39224137931034486,24.7,0.5,true
291,Southern Mississippi,0.39224137931034486,24.7,0.5,true
292,Colorado State,0.3836206896551725,24.5,0.5,true
293,Chattanooga,0.37931034482758624,24.4,0.5,true
294,Eastern Washington,0.37931034482758624,24.4,0.5,true
295,Dartmouth,0.3750000000000001,24.3,0.5,true
296,Nicholls State,0.3750000000000001,24.3,0.5,true
297,Northwestern,0.3750000000000001,24.3,0.5,true
298,San Diego,0.3750000000000001,24.3,0.5,true
299,Santa Clara,0.3750000000000001,24.3,0.5,true
300,Idaho,0.37068965517241387,24.2,0.5,true
301,Marist,0.37068965517241387,24.2,0.5,true
302,William & Mary,0.37068965517241387,24.2,0.5,true
303,Little Rock,0.36637931034482774,24.1,0.5,true
304,Brown,0.36637931034482774,24.1,0.5,true
305,Cal State Fullerton,0.36206896551724144,24.0,0.5,true
306,Campbell,0.36206896551724144,24.0,0.5,true
307,Purdue-Fort Wayne,0.36206896551724144,24.0,0.5,true
308,Michigan,0.36206896551724144,24.0,0.5,true
309,Wisconsin,0.36206896551724144,24.0,0.5,true
310,Delaware,0.35344827586206906,23.8,0.5,true
311,Indiana State,0.35344827586206906,23.8,0.5,true
312,Air Force,0.3491379310344828,23.7,0.5,true
313,Boise State,0.3491379310344828,23.7,0.5,true
314,Davidson,0.3491379310344828,23.7,0.5,true
315,Missouri-Kansas City,0.3491379310344828,23.7,0.5,true
316,Brigham Young,0.3448275862068967,23.6,0.5,true
317,Elon,0.3448275862068967,23.6,0.5,true
318,Incarnate Word,0.3448275862068967,23.6,0.5,true
319,Lehigh,0.3448275862068967,23.6,0.5,true
320,Georgia State,0.34051724137931044,23.5,0.5,true
321,Maryland-Eastern Shore,0.34051724137931044,23.5,0.5,true
322,Southern Utah,0.34051724137931044,23.5,0.5,true
323,South Dakota State,0.33620689655172414,23.4,0.5,true
324,University of California,0.331896551724138,23.3,0.5,true
325,George Washington,0.331896551724138,23.3,0.5,true
326,New Hampshire,0.32758620689655177,23.2,0.5,true
327,Siena,0.32758620689655177,23.2,0.5,true
328,Northern Iowa,0.32327586206896564,23.1,0.5,true
329,VMI,0.3189655172413794,23.0,0.5,true
330,Northeastern,0.30603448275