


,ORtg_Def
Rank,Name,Val,Normalized,Weight,Enabled
1,Texas Tech,1.0,87.2,0.5,true
2,Virginia Commonwealth,0.9540983606557379,88.6,0.5,true
3,Michigan,0.9213114754098364,89.6,0.5,true
4,Virginia,0.9147540983606559,89.8,0.5,true
5,Houston,0.8885245901639347,90.6,0.5,true
6,Gonzaga,0.8786885245901639,90.9,0.5,true
7,Kansas State,0.8688524590163934,91.2,0.5,true
8,Duke,0.8655737704918034,91.3,0.5,true
9,Lipscomb,0.8360655737704918,92.2,0.5,true
10,Akron,0.8131147540983605,92.9,0.5,true
11,North Texas,0.8131147540983605,92.9,0.5,true
12,Old Dominion,0.8131147540983605,92.9,0.5,true
13,Wisconsin,0.8131147540983605,92.9,0.5,true
14,Abilene Christian,0.8098360655737706,93.0,0.5,true
15,Brown,0.8098360655737706,93.0,0.5,true
16,Liberty,0.8098360655737706,93.0,0.5,true
17,Texas State,0.8032786885245902,93.2,0.5,true
18,New Mexico State,0.7901639344262298,93.6,0.5,true
19,Vermont,0.7868852459016393,93.7,0.5,true
20,Stony Brook,0.7836065573770494,93.8,0.5,true
21,Nevada,0.7803278688524589,93.9,0.5,true
22,Buffalo,0.777049180327869,94.0,0.5,true
23,UC-Irvine,0.773770491803279,94.1,0.5,true
24,Maryland-Baltimore County,0.7606557377049181,94.5,0.5,true
25,Murray State,0.7606557377049181,94.5,0.5,true
26,Clemson,0.7540983606557377,94.7,0.5,true
27,Utah State,0.7508196721311478,94.8,0.5,true
28,Wofford,0.7508196721311478,94.8,0.5,true
29,Furman,0.7475409836065573,94.9,0.5,true
30,Oregon,0.7475409836065573,94.9,0.5,true
31,Michigan State,0.7442622950819673,95.0,0.5,true
32,Norfolk State,0.7442622950819673,95.0,0.5,true
33,South Florida,0.7442622950819673,95.0,0.5,true
34,Cincinnati,0.7409836065573774,95.1,0.5,true
35,Grambling,0.7409836065573774,95.1,0.5,true
36,Loyola (IL),0.7409836065573774,95.1,0.5,true
37,Saint Louis,0.7409836065573774,95.1,0.5,true
38,St. Bonaventure,0.7409836065573774,95.1,0.5,true
39,Jacksonville State,0.7377049180327868,95.2,0.5,true
40,Southern Mississippi,0.7377049180327868,95.2,0.5,true
41,Central Florida,0.7311475409836065,95.4,0.5,true
42,Florida Atlantic,0.7278688524590164,95.5,0.5,true
43,North Carolina,0.7278688524590164,95.5,0.5,true
44,Washington,0.7278688524590164,95.5,0.5,true
45,Florida State,0.7245901639344265,95.6,0.5,true
46,Virginia Tech,0.7180327868852461,95.8,0.5,true
47,Kentucky,0.7114754098360656,96.0,0.5,true
48,Charleston Southern,0.7049180327868853,96.2,0.5,true
49,North Carolina-Greensboro,0.7049180327868853,96.2,0.5,true
50,North Carolina Central,0.7016393442622952,96.3,0.5,true
51,Loyola Marymount,0.6983606557377049,96.4,0.5,true
52,Northwestern,0.6918032786885249,96.6,0.5,true
53,Bethune-Cookman,0.6885245901639344,96.7,0.5,true
54,Fresno State,0.6885245901639344,96.7,0.5,true
55,Colorado,0.6852459016393444,96.8,0.5,true
56,Marquette,0.6852459016393444,96.8,0.5,true
57,Pennsylvania,0.6852459016393444,96.8,0.5,true
58,Toledo,0.6852459016393444,96.8,0.5,true
59,East Tennessee State,0.675409836065574,97.1,0.5,true
60,New Orleans,0.675409836065574,97.1,0.5,true
61,Florida,0.6721311475409837,97.2,0.5,true
62,Lamar,0.6721311475409837,97.2,0.5,true
63,Georgia Tech,0.6688524590163936,97.3,0.5,true
64,Syracuse,0.6688524590163936,97.3,0.5,true
65,Jackson State,0.6655737704918032,97.4,0.5,true
66,North Carolina State,0.6655737704918032,97.4,0.5,true
67,Oklahoma,0.6655737704918032,97.4,0.5,true
68,Texas-Rio Grande Valley,0.6655737704918032,97.4,0.5,true
69,Louisville,0.6622950819672132,97.5,0.5,true
70,Auburn,0.6590163934426232,97.6,0.5,true
71,Tennessee,0.6590163934426232,97.6,0.5,true
72,NJIT,0.6557377049180328,97.7,0.5,true
73,Northern Kentucky,0.6557377049180328,97.7,0.5,true
74,Texas-El Paso,0.6557377049180328,97.7,0.5,true
75,Texas A&M-Corpus Christi,0.6524590163934428,97.8,0.5,true
76,Bradley,0.6491803278688524,97.9,0.5,true
77,Indiana,0.6491803278688524,97.9,0.5,true
78,San Diego State,0.6491803278688524,97.9,0.5,true
79,Davidson,0.6459016393442624,98.0,0.5,true
80,Memphis,0.6426229508196724,98.1,0.5,true
81,Maryland,0.639344262295082,98.2,0.5,true
82,Nebraska,0.639344262295082,98.2,0.5,true
83,Seattle,0.639344262295082,98.2,0.5,true
84,Ball State,0.636065573770492,98.3,0.5,true
85,Dayton,0.636065573770492,98.3,0.5,true
86,Rhode Island,0.6327868852459015,98.4,0.5,true
87,Robert Morris,0.6327868852459015,98.4,0.5,true
88,Belmont,0.6295081967213116,98.5,0.5,true
89,Louisiana Tech,0.6295081967213116,98.5,0.5,true
90,Princeton,0.6295081967213116,98.5,0.5,true
91,Florida A&M,0.6262295081967215,98.6,0.5,true
92,Grand Canyon,0.6262295081967215,98.6,0.5,true
93,Kansas,0.6262295081967215,98.6,0.5,true
94,Valparaiso,0.6262295081967215,98.6,0.5,true
95,Ohio State,0.6229508196721312,98.7,0.5,true
96,San Diego,0.6196721311475412,98.8,0.5,true
97,St. Francis (NY),0.6196721311475412,98.8,0.5,true
98,Florida International,0.6163934426229507,98.9,0.5,true
99,Western Kentucky,0.6163934426229507,98.9,0.5,true
100,Providence,0.6098360655737708,99.1,0.5,true
101,Cal State Fullerton,0.6065573770491803,99.2,0.5,true
102,Drake,0.6065573770491803,99.2,0.5,true
103,UC-Santa Barbara,0.6032786885245903,99.3,0.5,true
104,Sacramento State,0.6032786885245903,99.3,0.5,true
105,Texas-Arlington,0.6032786885245903,99.3,0.5,true
106,Wright State,0.6032786885245903,99.3,0.5,true
107,Georgia Southern,0.5999999999999999,99.4,0.5,true
108,Montana,0.5999999999999999,99.4,0.5,true
109,Pittsburgh,0.5999999999999999,99.4,0.5,true
110,Saint Mary's (CA),0.5999999999999999,99.4,0.5,true
111,Texas Christian,0.5999999999999999,99.4,0.5,true
112,Yale,0.5999999999999999,99.4,0.5,true
113,Penn State,0.59672131147541,99.5,0.5,true
114,Sam Houston State,0.59672131147541,99.5,0.5,true
115,Fordham,0.59344262295082,99.6,0.5,true
116,Stanford,0.59344262295082,99.6,0.5,true
117,Temple,0.59344262295082,99.6,0.5,true
118,Arizona State,0.5901639344262295,99.7,0.5,true
119,Arizona,0.5901639344262295,99.7,0.5,true
120,Northern Iowa,0.5901639344262295,99.7,0.5,true
121,Wichita State,0.5901639344262295,99.7,0.5,true
122,Long Island University,0.5868852459016396,99.8,0.5,true
123,Manhattan,0.5868852459016396,99.8,0.5,true
124,Southeastern Louisiana,0.5868852459016396,99.8,0.5,true
125,Prairie View,0.583606557377049,99.9,0.5,true
126,Purdue,0.583606557377049,99.9,0.5,true
127,San Francisco,0.583606557377049,99.9,0.5,true
128,Bowling Green State,0.5803278688524591,100.0,0.5,true
129,Cornell,0.5803278688524591,100.0,0.5,true
130,Harvard,0.5803278688524591,100.0,0.5,true
131,Iowa State,0.5803278688524591,100.0,0.5,true
132,Rutgers,0.5737704918032787,100.2,0.5,true
133,American,0.5704918032786888,100.3,0.5,true
134,Arkansas,0.5704918032786888,100.3,0.5,true
135,Northern Colorado,0.5704918032786888,100.3,0.5,true
136,Southern Illinois,0.5704918032786888,100.3,0.5,true
137,South Dakota State,0.5672131147540982,100.4,0.5,true
138,Army,0.5639344262295083,100.5,0.5,true
139,Baylor,0.5639344262295083,100.5,0.5,true
140,Gardner-Webb,0.5639344262295083,100.5,0.5,true
141,Texas-San Antonio,0.5639344262295083,100.5,0.5,true
142,Texas,0.5639344262295083,100.5,0.5,true
143,Utah Valley,0.5639344262295083,100.5,0.5,true
144,Weber State,0.5639344262295083,100.5,0.5,true
145,Alabama-Birmingham,0.5606557377049184,100.6,0.5,true
146,Austin Peay,0.5606557377049184,100.6,0.5,true
147,Longwood,0.5606557377049184,100.6,0.5,true
148,UC-Davis,0.5540983606557379,100.8,0.5,true
149,Louisiana State,0.5540983606557379,100.8,0.5,true
150,Seton Hall,0.5540983606557379,100.8,0.5,true
151,Tulsa,0.5540983606557379,100.8,0.5,true
152,Hawaii,0.5508196721311475,100.9,0.5,true
153,Missouri State,0.5508196721311475,100.9,0.5,true
154,North Carolina A&T,0.5508196721311475,100.9,0.5,true
155,Evansville,0.5442622950819676,101.1,0.5,true
156,George Mason,0.5442622950819676,101.1,0.5,true
157,Miami (OH),0.5442622950819676,101.1,0.5,true
158,Rider,0.5442622950819676,101.1,0.5,true
159,Minnesota,0.5377049180327871,101.3,0.5,true
160,Mississippi,0.5377049180327871,101.3,0.5,true
161,South Carolina,0.5377049180327871,101.3,0.5,true
162,Southern California,0.5377049180327871,101.3,0.5,true
163,Duquesne,0.5344262295081966,101.4,0.5,true
164,Mississippi State,0.5311475409836066,101.5,0.5,true
165,Radford,0.5245901639344263,101.7,0.5,true
166,Villanova,0.5245901639344263,101.7,0.5,true
167,Missouri,0.5213114754098362,101.8,0.5,true
168,Texas Southern,0.5213114754098362,101.8,0.5,true
169,California Baptist,0.5180327868852458,101.9,0.5,true
170,Connecticut,0.5180327868852458,101.9,0.5,true
171,Eastern Kentucky,0.5180327868852458,101.9,0.5,true
172,Southern Utah,0.5180327868852458,101.9,0.5,true
173,Central Michigan,0.5147540983606558,102.0,0.5,true
174,Columbia,0.5147540983606558,102.0,0.5,true
175,Jacksonville,0.5147540983606558,102.0,0.5,true
176,Ohio,0.5147540983606558,102.0,0.5,true
177,Alabama,0.5114754098360659,102.1,0.5,true
178,Colgate,0.5114754098360659,102.1,0.5,true
179,Wagner,0.5114754098360659,102.1,0.5,true
180,Georgia State,0.5081967213114754,102.2,0.5,true
181,St. John's (NY),0.5081967213114754,102.2,0.5,true
182,Albany (NY),0.5049180327868854,102.3,0.5,true
183,Bucknell,0.5049180327868854,102.3,0.5,true
184,Fairleigh Dickinson,0.5049180327868854,102.3,0.5,true
185,New Hampshire,0.5049180327868854,102.3,0.5,true
186,Stephen F. Austin,0.5049180327868854,102.3,0.5,true
187,Boise State,0.5016393442622951,102.4,0.5,true
188,Indiana State,0.5016393442622951,102.4,0.5,true
189,North Dakota,0.5016393442622951,102.4,0.5,true
190,Alcorn State,0.49836065573770505,102.5,0.5,true
191,Dartmouth,0.49836065573770505,102.5,0.5,true
192,High Point,0.49836065573770505,102.5,0.5,true
193,Illinois State,0.49836065573770505,102.5,0.5,true
194,Long Beach State,0.49836065573770505,102.5,0.5,true
195,Monmouth,0.49836065573770505,102.5,0.5,true
196,Coastal Carolina,0.49508196721311504,102.6,0.5,true
197,Fairfield,0.49508196721311504,102.6,0.5,true
198,Northern Illinois,0.49508196721311504,102.6,0.5,true
199,Santa Clara,0.49508196721311504,102.6,0.5,true
200,Alabama State,0.48852459016393457,102.8,0.5,true
201,College of Charleston,0.48852459016393457,102.8,0.5,true
202,Eastern Michigan,0.48852459016393457,102.8,0.5,true
203,Campbell,0.4852459016393442,102.9,0.5,true
204,Middle Tennessee,0.4852459016393442,102.9,0.5,true
205,Hampton,0.4819672131147542,103.0,0.5,true
206,Illinois-Chicago,0.4819672131147542,103.0,0.5,true
207,New Mexico,0.4819672131147542,103.0,0.5,true
208,Oregon State,0.4819672131147542,103.0,0.5,true
209,IUPUI,0.4786885245901642,103.1,0.5,true
210,Morgan State,0.4786885245901642,103.1,0.5,true
211,North Alabama,0.47540983606557374,103.2,0.5,true
212,North Florida,0.47540983606557374,103.2,0.5,true
213,Northwestern State,0.47540983606557374,103.2,0.5,true
214,Samford,0.47540983606557374,103.2,0.5,true
215,Tennessee Tech,0.47540983606557374,103.2,0.5,true
216,Portland State,0.47213114754098384,103.3,0.5,true
217,Miami (FL),0.4688524590163934,103.4,0.5,true
218,Texas A&M,0.4688524590163934,103.4,0.5,true
219,Little Rock,0.4655737704918034,103.5,0.5,true
220,Nicholls State,0.4655737704918034,103.5,0.5,true
221,Creighton,0.46229508196721336,103.6,0.5,true
222,Hofstra,0.46229508196721336,103.6,0.5,true
223,Arkansas-Pine Bluff,0.4590163934426229,103.7,0.5,true
224,Florida Gulf Coast,0.4590163934426229,103.7,0.5,true
225,Green Bay,0.4590163934426229,103.7,0.5,true
226,Presbyterian,0.4590163934426229,103.7,0.5,true
227,Georgetown,0.455737704918033,103.8,0.5,true
228,Howard,0.455737704918033,103.8,0.5,true
229,Notre Dame,0.455737704918033,103.8,0.5,true
230,Winthrop,0.455737704918033,103.8,0.5,true
231,Nevada-Las Vegas,0.45245901639344255,103.9,0.5,true
232,Iowa,0.44918032786885254,104.0,0.5,true
233,Kent State,0.44918032786885254,104.0,0.5,true
234,La Salle,0.4459016393442625,104.1,0.5,true
235,Quinnipiac,0.4459016393442625,104.1,0.5,true
236,South Alabama,0.4459016393442625,104.1,0.5,true
237,Butler,0.4426229508196722,104.2,0.5,true
238,George Washington,0.4426229508196722,104.2,0.5,true
239,Northeastern,0.4426229508196722,104.2,0.5,true
240,Pacific,0.4426229508196722,104.2,0.5,true
241,South Dakota,0.4426229508196722,104.2,0.5,true
242,Cal State Bakersfield,0.43934426229508217,104.3,0.5,true
243,Central Arkansas,0.43934426229508217,104.3,0.5,true
244,Charlotte,0.43934426229508217,104.3,0.5,true
245,Massachusetts-Lowell,0.4360655737704917,104.4,0.5,true
246,Mercer,0.4360655737704917,104.4,0.5,true
247,UCLA,0.4360655737704917,104.4,0.5,true
248,Pepperdine,0.4327868852459017,104.5,0.5,true
249,Alabama A&M,0.4295081967213118,104.6,0.5,true
250,Brigham Young,0.4295081967213118,104.6,0.5,true
251,Saint Peter's,0.4295081967213118,104.6,0.5,true
252,Vanderbilt,0.4295081967213118,104.6,0.5,true
253,Air Force,0.42622950819672134,104.7,0.5,true
254,Boston College,0.42622950819672134,104.7,0.5,true
255,Purdue-Fort Wayne,0.42622950819672134,104.7,0.5,true
256,Coppin State,0.42295081967213133,104.8,0.5,true
257,East Carolina,0.42295081967213133,104.8,0.5,true
258,Illinois,0.42295081967213133,104.8,0.5,true
259,Marist,0.42295081967213133,104.8,0.5,true
260,Georgia,0.41967213114754087,104.9,0.5,true
261,Western Illinois,0.41639344262295086,105.0,0.5,true
262,Xavier,0.41639344262295086,105.0,0.5,true
263,Saint Joseph's,0.4098360655737705,105.2,0.5,true
264,Delaware State,0.4065573770491805,105.3,0.5,true
265,DePaul,0.4065573770491805,105.3,0.5,true
266,Hartford,0.4065573770491805,105.3,0.5,true
267,Eastern Washington,0.40327868852459003,105.4,0.5,true
268,Tennessee State,0.40327868852459003,105.4,0.5,true
269,Siena,0.40000000000000013,105.5,0.5,true
270,Sacred Heart,0.3967213114754101,105.6,0.5,true
271,Southern Methodist,0.3967213114754101,105.6,0.5,true
272,Holy Cross,0.39016393442622965,105.8,0.5,true
273,Missouri-Kansas City,0.39016393442622965,105.8,0.5,true
274,Boston University,0.3868852459016392,105.9,0.5,true
275,Iona,0.3836065573770493,106.0,0.5,true
276,Rice,0.3836065573770493,106.0,0.5,true
277,Mount St. Mary's,0.3803278688524593,106.1,0.5,true
278,Oklahoma State,0.3803278688524593,106.1,0.5,true
279,Richmond,0.3803278688524593,106.1,0.5,true
280,West Virginia,0.3803278688524593,106.1,0.5,true
281,Navy,0.3770491803278688,106.2,0.5,true
282,Marshall,0.3737704918032789,106.3,0.5,true
283,Chattanooga,0.36721311475409846,106.5,0.5,true
284,Lehigh,0.36393442622950845,106.6,0.5,true
285,Louisiana-Monroe,0.36393442622950845,106.6,0.5,true
286,Troy,0.36393442622950845,106.6,0.5,true
287,Central Connecticut State,0.360655737704918,106.7,0.5,true
288,Louisiana,0.360655737704918,106.7,0.5,true
289,Massachusetts,0.360655737704918,106.7,0.5,true
290,Appalachian State,0.3573770491803281,106.8,0.5,true
291,UC-Riverside,0.3573770491803281,106.8,0.5,true
292,Saint Francis (PA),0.35409836065573763,106.9,0.5,true
293,Western Michigan,0.35409836065573763,106.9,0.5,true
294,Wyoming,0.35409836065573763,106.9,0.5,true
295,Binghamton,0.3508196721311476,107.0,0.5,true
296,South Carolina Upstate,0.3508196721311476,107.0,0.5,true
297,Canisius,0.3475409836065576,107.1,0.5,true
298,Southeast Missouri State,0.3475409836065576,107.1,0.5,true
299,Maine,0.34098360655737725,107.3,0.5,true
300,North Dakota State,0.34098360655737725,107.3,0.5,true
301,Southern,0.3344262295081968,107.5,0.5,true
302,Niagara,0.3311475409836069,107.6,0.5,true
303,Arkansas State,0.3278688524590164,107.7,0.5,true
304,Tulane,0.3278688524590164,107.7,0.5,true
305,Kennesaw State,0.3245901639344264,107.8,0.5,true
306,Milwaukee,0.32131147540983596,107.9,0.5,true
307,Morehead State,0.31803278688524594,108.0,0.5,true
308,Houston Baptist,0.31475409836065604,108.1,0.5,true
309,Delaware,0.3114754098360656,108.2,0.5,true
310,James Madison,0.3114754098360656,108.2,0.5,true
311,McNeese State,0.3114754098360656,108.2,0.5,true
312,Portland,0.3114754098360656,108.2,0.5,true
313,Oakland,0.2983606557377052,108.6,0.5,true
314,Towson,0.2983606557377052,108.6,0.5,true
315,Colorado State,0.29508196721311475,108.7,0.5,true
316,Eastern Illinois,0.29508196721311475,108.7,0.5,true
317,Loyola (MD),0.29508196721311475,108.7,0.5,true
318,Omaha,0.29508196721311475,108.7,0.5,true
319,Cal State Northridge,0.29180327868852474,108.8,0.5,true
320,Maryland-Eastern Shore,0.2885245901639343,108.9,0.5,true
321,South Carolina State,0.2885245901639343,108.9,0.5,true
322,Stetson,0.2852459016393444,109.0,0.5,true
323,William & Mary,0.2852459016393444,109.0,0.5,true
324,Wake Forest,0.28196721311475437,109.1,0.5,true
325,Cleveland State,0.2786885245901639,109.2,0.5,true
326,Lafayette,0.27213114754098355,109.4,0.5,true
327,Utah,0.27213114754098355,109.4,0.5,true
32