


,Pace_Def
Rank,Name,Val,Normalized,Weight,Enabled
1,Virginia,1.0,61.1,0.5,true
2,Siena,0.9846938775510206,61.4,0.5,true
3,Manhattan,0.9183673469387754,62.7,0.5,true
4,Loyola (IL),0.8724489795918368,63.6,0.5,true
5,North Carolina-Asheville,0.8418367346938775,64.2,0.5,true
6,Saint Peter's,0.8367346938775513,64.3,0.5,true
7,Virginia Tech,0.8367346938775513,64.3,0.5,true
8,UC-Riverside,0.8316326530612242,64.4,0.5,true
9,Saint Mary's (CA),0.8265306122448981,64.5,0.5,true
10,Towson,0.8265306122448981,64.5,0.5,true
11,Maine,0.8214285714285718,64.6,0.5,true
12,Delaware,0.8163265306122448,64.7,0.5,true
13,Florida,0.8112244897959187,64.8,0.5,true
14,Cincinnati,0.8061224489795916,64.9,0.5,true
15,Wisconsin,0.8061224489795916,64.9,0.5,true
16,Holy Cross,0.8010204081632654,65.0,0.5,true
17,Kansas State,0.8010204081632654,65.0,0.5,true
18,St. Bonaventure,0.7959183673469392,65.1,0.5,true
19,Villanova,0.7908163265306122,65.2,0.5,true
20,Liberty,0.7857142857142859,65.3,0.5,true
21,Loyola Marymount,0.7857142857142859,65.3,0.5,true
22,Michigan,0.780612244897959,65.4,0.5,true
23,High Point,0.7755102040816327,65.5,0.5,true
24,Maryland-Eastern Shore,0.7755102040816327,65.5,0.5,true
25,Old Dominion,0.7755102040816327,65.5,0.5,true
26,Marist,0.7704081632653065,65.6,0.5,true
27,Charlotte,0.7602040816326533,65.8,0.5,true
28,Maryland-Baltimore County,0.7602040816326533,65.8,0.5,true
29,Northern Iowa,0.7602040816326533,65.8,0.5,true
30,Davidson,0.7551020408163264,65.9,0.5,true
31,Oregon,0.7551020408163264,65.9,0.5,true
32,UC-Santa Barbara,0.7500000000000001,66.0,0.5,true
33,James Madison,0.7500000000000001,66.0,0.5,true
34,Bradley,0.7448979591836739,66.1,0.5,true
35,Missouri,0.7448979591836739,66.1,0.5,true
36,Texas,0.7448979591836739,66.1,0.5,true
37,Dayton,0.7397959183673468,66.2,0.5,true
38,Northeastern,0.7397959183673468,66.2,0.5,true
39,UC-Irvine,0.7346938775510207,66.3,0.5,true
40,College of Charleston,0.7346938775510207,66.3,0.5,true
41,Maryland,0.7346938775510207,66.3,0.5,true
42,Purdue,0.7346938775510207,66.3,0.5,true
43,Vermont,0.7346938775510207,66.3,0.5,true
44,Alabama-Birmingham,0.7295918367346936,66.4,0.5,true
45,Fordham,0.7295918367346936,66.4,0.5,true
46,Notre Dame,0.7295918367346936,66.4,0.5,true
47,Radford,0.7295918367346936,66.4,0.5,true
48,Valparaiso,0.7295918367346936,66.4,0.5,true
49,Wagner,0.7295918367346936,66.4,0.5,true
50,Boise State,0.7244897959183674,66.5,0.5,true
51,Eastern Michigan,0.7244897959183674,66.5,0.5,true
52,Missouri State,0.7244897959183674,66.5,0.5,true
53,Southern Methodist,0.7244897959183674,66.5,0.5,true
54,Xavier,0.7244897959183674,66.5,0.5,true
55,Baylor,0.7193877551020412,66.6,0.5,true
56,Incarnate Word,0.7193877551020412,66.6,0.5,true
57,Richmond,0.7193877551020412,66.6,0.5,true
58,Albany (NY),0.7142857142857142,66.7,0.5,true
59,North Dakota State,0.7142857142857142,66.7,0.5,true
60,Pacific,0.7142857142857142,66.7,0.5,true
61,Cal Poly,0.7091836734693879,66.8,0.5,true
62,Northwestern,0.7091836734693879,66.8,0.5,true
63,Ohio State,0.7091836734693879,66.8,0.5,true
64,Southern Illinois,0.7091836734693879,66.8,0.5,true
65,UC-Davis,0.6989795918367347,67.0,0.5,true
66,Florida A&M,0.6938775510204085,67.1,0.5,true
67,New Hampshire,0.6938775510204085,67.1,0.5,true
68,Oklahoma State,0.6938775510204085,67.1,0.5,true
69,Saint Louis,0.6938775510204085,67.1,0.5,true
70,Washington,0.6938775510204085,67.1,0.5,true
71,Butler,0.6887755102040816,67.2,0.5,true
72,Central Florida,0.6887755102040816,67.2,0.5,true
73,Oregon State,0.6887755102040816,67.2,0.5,true
74,Abilene Christian,0.6836734693877553,67.3,0.5,true
75,Arkansas-Pine Bluff,0.6836734693877553,67.3,0.5,true
76,Binghamton,0.6836734693877553,67.3,0.5,true
77,Nebraska,0.6836734693877553,67.3,0.5,true
78,San Francisco,0.6836734693877553,67.3,0.5,true
79,Syracuse,0.6836734693877553,67.3,0.5,true
80,Texas A&M-Corpus Christi,0.6836734693877553,67.3,0.5,true
81,Air Force,0.6785714285714284,67.4,0.5,true
82,Clemson,0.6785714285714284,67.4,0.5,true
83,Jackson State,0.6785714285714284,67.4,0.5,true
84,Santa Clara,0.6785714285714284,67.4,0.5,true
85,Southern Mississippi,0.6785714285714284,67.4,0.5,true
86,Alabama A&M,0.6734693877551021,67.5,0.5,true
87,Cal State Bakersfield,0.6734693877551021,67.5,0.5,true
88,George Washington,0.6734693877551021,67.5,0.5,true
89,North Texas,0.6734693877551021,67.5,0.5,true
90,Hawaii,0.6683673469387759,67.6,0.5,true
91,Houston,0.6683673469387759,67.6,0.5,true
92,Quinnipiac,0.6683673469387759,67.6,0.5,true
93,Southeastern Louisiana,0.6683673469387759,67.6,0.5,true
94,Wright State,0.6683673469387759,67.6,0.5,true
95,American,0.6632653061224489,67.7,0.5,true
96,Texas Tech,0.6632653061224489,67.7,0.5,true
97,Campbell,0.6530612244897958,67.9,0.5,true
98,Colgate,0.6530612244897958,67.9,0.5,true
99,Idaho,0.6530612244897958,67.9,0.5,true
100,Illinois State,0.6530612244897958,67.9,0.5,true
101,Kentucky,0.6530612244897958,67.9,0.5,true
102,North Carolina A&T,0.6530612244897958,67.9,0.5,true
103,San Diego,0.6530612244897958,67.9,0.5,true
104,Utah,0.6530612244897958,67.9,0.5,true
105,Hartford,0.6479591836734695,68.0,0.5,true
106,Louisiana Tech,0.6479591836734695,68.0,0.5,true
107,Minnesota,0.6479591836734695,68.0,0.5,true
108,Boston University,0.6428571428571432,68.1,0.5,true
109,Fairfield,0.6428571428571432,68.1,0.5,true
110,George Mason,0.6428571428571432,68.1,0.5,true
111,Georgia Tech,0.6428571428571432,68.1,0.5,true
112,Hofstra,0.6428571428571432,68.1,0.5,true
113,Indiana,0.6428571428571432,68.1,0.5,true
114,Robert Morris,0.6428571428571432,68.1,0.5,true
115,Rutgers,0.6428571428571432,68.1,0.5,true
116,South Dakota,0.6428571428571432,68.1,0.5,true
117,Penn State,0.6377551020408163,68.2,0.5,true
118,Rhode Island,0.6377551020408163,68.2,0.5,true
119,Dartmouth,0.63265306122449,68.3,0.5,true
120,Furman,0.63265306122449,68.3,0.5,true
121,Navy,0.63265306122449,68.3,0.5,true
122,New Mexico State,0.63265306122449,68.3,0.5,true
123,Texas State,0.63265306122449,68.3,0.5,true
124,Boston College,0.6275510204081631,68.4,0.5,true
125,Iowa State,0.6275510204081631,68.4,0.5,true
126,Massachusetts,0.6275510204081631,68.4,0.5,true
127,McNeese State,0.6275510204081631,68.4,0.5,true
128,Monmouth,0.6275510204081631,68.4,0.5,true
129,Northern Illinois,0.6275510204081631,68.4,0.5,true
130,Portland,0.6275510204081631,68.4,0.5,true
131,Southern,0.6275510204081631,68.4,0.5,true
132,Akron,0.6224489795918369,68.5,0.5,true
133,University of California,0.6224489795918369,68.5,0.5,true
134,Canisius,0.6224489795918369,68.5,0.5,true
135,Harvard,0.6224489795918369,68.5,0.5,true
136,Louisville,0.6224489795918369,68.5,0.5,true
137,Miami (FL),0.6224489795918369,68.5,0.5,true
138,Michigan State,0.6224489795918369,68.5,0.5,true
139,Mississippi State,0.6224489795918369,68.5,0.5,true
140,Montana,0.6224489795918369,68.5,0.5,true
141,Sam Houston State,0.6224489795918369,68.5,0.5,true
142,Arizona,0.6173469387755106,68.6,0.5,true
143,Fairleigh Dickinson,0.6173469387755106,68.6,0.5,true
144,Missouri-Kansas City,0.6173469387755106,68.6,0.5,true
145,North Carolina Central,0.6173469387755106,68.6,0.5,true
146,Northern Colorado,0.6173469387755106,68.6,0.5,true
147,Pittsburgh,0.6173469387755106,68.6,0.5,true
148,Gardner-Webb,0.6122448979591837,68.7,0.5,true
149,Providence,0.6122448979591837,68.7,0.5,true
150,Wofford,0.6122448979591837,68.7,0.5,true
151,Alcorn State,0.6071428571428574,68.8,0.5,true
152,Miami (OH),0.6071428571428574,68.8,0.5,true
153,Saint Joseph's,0.6071428571428574,68.8,0.5,true
154,Wake Forest,0.6071428571428574,68.8,0.5,true
155,Colorado State,0.6020408163265305,68.9,0.5,true
156,Idaho State,0.6020408163265305,68.9,0.5,true
157,Longwood,0.6020408163265305,68.9,0.5,true
158,Milwaukee,0.6020408163265305,68.9,0.5,true
159,NJIT,0.6020408163265305,68.9,0.5,true
160,San Diego State,0.6020408163265305,68.9,0.5,true
161,South Alabama,0.6020408163265305,68.9,0.5,true
162,Vanderbilt,0.6020408163265305,68.9,0.5,true
163,Eastern Illinois,0.5969387755102042,69.0,0.5,true
164,Elon,0.5969387755102042,69.0,0.5,true
165,Nevada-Las Vegas,0.5969387755102042,69.0,0.5,true
166,Texas-Arlington,0.5969387755102042,69.0,0.5,true
167,Virginia Commonwealth,0.5969387755102042,69.0,0.5,true
168,Western Kentucky,0.5969387755102042,69.0,0.5,true
169,Denver,0.591836734693878,69.1,0.5,true
170,Mercer,0.591836734693878,69.1,0.5,true
171,Oral Roberts,0.591836734693878,69.1,0.5,true
172,Pennsylvania,0.591836734693878,69.1,0.5,true
173,South Florida,0.591836734693878,69.1,0.5,true
174,Wichita State,0.591836734693878,69.1,0.5,true
175,Bryant,0.586734693877551,69.2,0.5,true
176,Florida State,0.586734693877551,69.2,0.5,true
177,Louisiana-Monroe,0.586734693877551,69.2,0.5,true
178,Mississippi,0.586734693877551,69.2,0.5,true
179,South Carolina State,0.586734693877551,69.2,0.5,true
180,William & Mary,0.586734693877551,69.2,0.5,true
181,Auburn,0.5816326530612248,69.3,0.5,true
182,Indiana State,0.5816326530612248,69.3,0.5,true
183,Columbia,0.5765306122448978,69.4,0.5,true
184,Drake,0.5765306122448978,69.4,0.5,true
185,Grand Canyon,0.5765306122448978,69.4,0.5,true
186,Kent State,0.5765306122448978,69.4,0.5,true
187,Sacramento State,0.5765306122448978,69.4,0.5,true
188,South Carolina Upstate,0.5765306122448978,69.4,0.5,true
189,Texas A&M,0.5765306122448978,69.4,0.5,true
190,Chattanooga,0.5714285714285715,69.5,0.5,true
191,Colorado,0.5714285714285715,69.5,0.5,true
192,Cornell,0.5714285714285715,69.5,0.5,true
193,Eastern Washington,0.5714285714285715,69.5,0.5,true
194,La Salle,0.5714285714285715,69.5,0.5,true
195,Mount St. Mary's,0.5714285714285715,69.5,0.5,true
196,Presbyterian,0.5714285714285715,69.5,0.5,true
197,Western Illinois,0.5714285714285715,69.5,0.5,true
198,Alabama State,0.5663265306122454,69.6,0.5,true
199,Fresno State,0.5663265306122454,69.6,0.5,true
200,Stony Brook,0.5663265306122454,69.6,0.5,true
201,Tennessee,0.5663265306122454,69.6,0.5,true
202,Texas Christian,0.5663265306122454,69.6,0.5,true
203,Troy,0.5663265306122454,69.6,0.5,true
204,Connecticut,0.5612244897959183,69.7,0.5,true
205,North Carolina-Greensboro,0.5612244897959183,69.7,0.5,true
206,Oklahoma,0.5561224489795921,69.8,0.5,true
207,Princeton,0.5561224489795921,69.8,0.5,true
208,Seattle,0.5561224489795921,69.8,0.5,true
209,Stephen F. Austin,0.5561224489795921,69.8,0.5,true
210,Toledo,0.5561224489795921,69.8,0.5,true
211,Alabama,0.5510204081632651,69.9,0.5,true
212,East Carolina,0.5510204081632651,69.9,0.5,true
213,Northern Kentucky,0.5510204081632651,69.9,0.5,true
214,Oakland,0.5510204081632651,69.9,0.5,true
215,Tulsa,0.5510204081632651,69.9,0.5,true
216,Drexel,0.5459183673469389,70.0,0.5,true
217,East Tennessee State,0.5459183673469389,70.0,0.5,true
218,Omaha,0.5459183673469389,70.0,0.5,true
219,Northern Arizona,0.5459183673469389,70.0,0.5,true
220,Texas-El Paso,0.5459183673469389,70.0,0.5,true
221,Utah State,0.5459183673469389,70.0,0.5,true
222,Seton Hall,0.5408163265306126,70.1,0.5,true
223,Utah Valley,0.5408163265306126,70.1,0.5,true
224,Arkansas State,0.5357142857142857,70.2,0.5,true
225,Creighton,0.5357142857142857,70.2,0.5,true
226,Southeast Missouri State,0.5357142857142857,70.2,0.5,true
227,Western Michigan,0.5357142857142857,70.2,0.5,true
228,Wyoming,0.5357142857142857,70.2,0.5,true
229,California Baptist,0.5306122448979594,70.3,0.5,true
230,Iowa,0.5306122448979594,70.3,0.5,true
231,Kansas,0.5306122448979594,70.3,0.5,true
232,Middle Tennessee,0.5306122448979594,70.3,0.5,true
233,North Carolina-Wilmington,0.5306122448979594,70.3,0.5,true
234,Temple,0.5306122448979594,70.3,0.5,true
235,Cal State Fullerton,0.5255102040816324,70.4,0.5,true
236,Central Connecticut State,0.5255102040816324,70.4,0.5,true
237,Detroit Mercy,0.5255102040816324,70.4,0.5,true
238,Florida Atlantic,0.5255102040816324,70.4,0.5,true
239,Georgia,0.5255102040816324,70.4,0.5,true
240,Lafayette,0.5255102040816324,70.4,0.5,true
241,Loyola (MD),0.5255102040816324,70.4,0.5,true
242,Niagara,0.5255102040816324,70.4,0.5,true
243,Duquesne,0.5204081632653063,70.5,0.5,true
244,Louisiana State,0.5204081632653063,70.5,0.5,true
245,St. Francis (NY),0.5204081632653063,70.5,0.5,true
246,Marquette,0.51530612244898,70.6,0.5,true
247,Mississippi Valley State,0.51530612244898,70.6,0.5,true
248,Morehead State,0.51530612244898,70.6,0.5,true
249,Youngstown State,0.51530612244898,70.6,0.5,true
250,Coastal Carolina,0.510204081632653,70.7,0.5,true
251,New Orleans,0.510204081632653,70.7,0.5,true
252,Northwestern State,0.510204081632653,70.7,0.5,true
253,Pepperdine,0.510204081632653,70.7,0.5,true
254,Saint Francis (PA),0.510204081632653,70.7,0.5,true
255,Evansville,0.5051020408163267,70.8,0.5,true
256,Kennesaw State,0.4999999999999998,70.9,0.5,true
257,DePaul,0.49489795918367363,71.0,0.5,true
258,Illinois,0.49489795918367363,71.0,0.5,true
259,Nevada,0.49489795918367363,71.0,0.5,true
260,Southern California,0.49489795918367363,71.0,0.5,true
261,Florida Gulf Coast,0.48979591836734737,71.1,0.5,true
262,North Alabama,0.48979591836734737,71.1,0.5,true
263,Nicholls State,0.48469387755102034,71.2,0.5,true
264,Samford,0.48469387755102034,71.2,0.5,true
265,South Carolina,0.48469387755102034,71.2,0.5,true
266,Tennessee-Martin,0.48469387755102034,71.2,0.5,true
267,Iona,0.4795918367346942,71.3,0.5,true
268,IUPUI,0.4795918367346942,71.3,0.5,true
269,Jacksonville State,0.4795918367346942,71.3,0.5,true
270,Lamar,0.4795918367346942,71.3,0.5,true
271,San Jose State,0.4795918367346942,71.3,0.5,true
272,Western Carolina,0.4795918367346942,71.3,0.5,true
273,Bucknell,0.47448979591836715,71.4,0.5,true
274,Cleveland State,0.47448979591836715,71.4,0.5,true
275,Georgia State,0.47448979591836715,71.4,0.5,true
276,West Virginia,0.47448979591836715,71.4,0.5,true
277,Grambling,0.4693877551020409,71.5,0.5,true
278,Illinois-Chicago,0.4693877551020409,71.5,0.5,true
279,North Dakota,0.4693877551020409,71.5,0.5,true
280,Ohio,0.4693877551020409,71.5,0.5,true
281,Texas-Rio Grande Valley,0.4693877551020409,71.5,0.5,true
282,Gonzaga,0.46428571428571463,71.6,0.5,true
283,Montana State,0.46428571428571463,71.6,0.5,true
284,North Carolina State,0.46428571428571463,71.6,0.5,true
285,Stetson,0.46428571428571463,71.6,0.5,true
286,Army,0.4591836734693877,71.7,0.5,true
287,Ball State,0.4591836734693877,71.7,0.5,true
288,Murray State,0.4591836734693877,71.7,0.5,true
289,Rice,0.4591836734693877,71.7,0.5,true
290,Washington State,0.4591836734693877,71.7,0.5,true
291,Arkansas,0.45408163265306145,71.8,0.5,true
292,Cal State Northridge,0.45408163265306145,71.8,0.5,true
293,Stanford,0.45408163265306145,71.8,0.5,true
294,Austin Peay,0.4489795918367345,71.9,0.5,true
295,Brigham Young,0.4489795918367345,71.9,0.5,true
296,Charleston Southern,0.4489795918367345,71.9,0.5,true
297,Coppin State,0.4489795918367345,71.9,0.5,true
298,Massachusetts-Lowell,0.4489795918367345,71.9,0.5,true
299,Norfolk State,0.4489795918367345,71.9,0.5,true
300,SIU Edwardsville,0.4489795918367345,71.9,0.5,true
301,Central Arkansas,0.44387755102040827,72.0,0.5,true
302,Chicago State,0.44387755102040827,72.0,0.5,true
303,Tulane,0.44387755102040827,72.0,0.5,true
304,Arizona State,0.438775510204082,72.1,0.5,true
305,Portland State,0.4336734693877551,72.2,0.5,true
306,Lehigh,0.4234693877551019,72.4,0.5,true
307,St. John's (NY),0.4234693877551019,72.4,0.5,true
308,Delaware State,0.4132653061224494,72.6,0.5,true
309,Prairie View,0.4132653061224494,72.6,0.5,true
310,Little Rock,0.40816326530612246,72.7,0.5,true
311,Brown,0.40816326530612246,72.7,0.5,true
312,Yale,0.40816326530612246,72.7,0.5,true
313,Bowling Green State,0.4030612244897962,72.8,0.5,true
314,Hampton,0.4030612244897962,72.8,0.5,true
315,Long Island University,0.39795918367346916,72.9,0.5,true
316,Tennessee Tech,0.39795918367346916,72.9,0.5,true
317,South Dakota State,0.392857142857143,73.0,0.5,true
318,Tennessee State,0.38775510204081676,73.1,0.5,true
319,Central Michigan,0.3775510204081636,73.3,0.5,true
320,Jacksonville,0.3775510204081636,73.3,0.5,true
321,Long Beach State,0.3775510204081636,73.3,0.5,true
322,Georgetown,0.37244897959183654,73.4,0.5,true
323,Southern Utah,0.37244897959183654,73.4,0.5,true
324,Weber State,0.37244897959183654,73.4,0.5,true
325,Purdue-Fort Wayne,0.3673469387755103,73.5,0.5,true
326,VMI,0.3673469387755103,73.5,0.5,true
327,Appalachian State,0.3571428571428571,73.7,0.5,true
328,Duke,0.3571428571428571,73.7,0.5,true
329,UCLA,0.3571428571428571,73.7,0.5,true
330,Morgan State,0.35204081632653084,73.8,0.5,true
331,North Florida,0.34183673469387765,74.