


,Pace_Off
Rank,Name,Val,Normalized,Weight,Enabled
1,Florida International,1.0,80.7,0.5,true
2,Eastern Kentucky,0.9591836734693879,79.9,0.5,true
3,Savannah State,0.8673469387755097,78.1,0.5,true
4,Citadel,0.7959183673469388,76.7,0.5,true
5,Green Bay,0.7806122448979593,76.4,0.5,true
6,Texas Southern,0.7704081632653061,76.2,0.5,true
7,North Carolina,0.7653061224489792,76.1,0.5,true
8,Marshall,0.7551020408163267,75.9,0.5,true
9,Memphis,0.7397959183673465,75.6,0.5,true
10,Georgia Southern,0.724489795918367,75.3,0.5,true
11,Winthrop,0.7142857142857139,75.1,0.5,true
12,Houston Baptist,0.7091836734693876,75.0,0.5,true
13,Lipscomb,0.7040816326530613,74.9,0.5,true
14,Louisiana,0.7040816326530613,74.9,0.5,true
15,Buffalo,0.6938775510204082,74.7,0.5,true
16,Howard,0.6938775510204082,74.7,0.5,true
17,New Mexico,0.683673469387755,74.5,0.5,true
18,Belmont,0.6785714285714287,74.4,0.5,true
19,Bethune-Cookman,0.6734693877551018,74.3,0.5,true
20,Rider,0.6632653061224486,74.1,0.5,true
21,North Florida,0.6581632653061223,74.0,0.5,true
22,Sacred Heart,0.6581632653061223,74.0,0.5,true
23,Texas-San Antonio,0.6581632653061223,74.0,0.5,true
24,Morgan State,0.6479591836734692,73.8,0.5,true
25,Appalachian State,0.6428571428571429,73.7,0.5,true
26,Duke,0.6428571428571429,73.7,0.5,true
27,UCLA,0.6428571428571429,73.7,0.5,true
28,Purdue-Fort Wayne,0.6326530612244897,73.5,0.5,true
29,VMI,0.6326530612244897,73.5,0.5,true
30,Georgetown,0.6275510204081635,73.4,0.5,true
31,Southern Utah,0.6275510204081635,73.4,0.5,true
32,Weber State,0.6275510204081635,73.4,0.5,true
33,Central Michigan,0.6224489795918364,73.3,0.5,true
34,Jacksonville,0.6224489795918364,73.3,0.5,true
35,Long Beach State,0.6224489795918364,73.3,0.5,true
36,Tennessee State,0.6122448979591832,73.1,0.5,true
37,South Dakota State,0.607142857142857,73.0,0.5,true
38,Long Island University,0.6020408163265308,72.9,0.5,true
39,Tennessee Tech,0.6020408163265308,72.9,0.5,true
40,Bowling Green State,0.5969387755102038,72.8,0.5,true
41,Hampton,0.5969387755102038,72.8,0.5,true
42,Little Rock,0.5918367346938775,72.7,0.5,true
43,Brown,0.5918367346938775,72.7,0.5,true
44,Yale,0.5918367346938775,72.7,0.5,true
45,Delaware State,0.5867346938775506,72.6,0.5,true
46,Prairie View,0.5867346938775506,72.6,0.5,true
47,Lehigh,0.5765306122448981,72.4,0.5,true
48,St. John's (NY),0.5765306122448981,72.4,0.5,true
49,Portland State,0.5663265306122449,72.2,0.5,true
50,Arizona State,0.561224489795918,72.1,0.5,true
51,Central Arkansas,0.5561224489795917,72.0,0.5,true
52,Chicago State,0.5561224489795917,72.0,0.5,true
53,Tulane,0.5561224489795917,72.0,0.5,true
54,Austin Peay,0.5510204081632655,71.9,0.5,true
55,Brigham Young,0.5510204081632655,71.9,0.5,true
56,Charleston Southern,0.5510204081632655,71.9,0.5,true
57,Coppin State,0.5510204081632655,71.9,0.5,true
58,Massachusetts-Lowell,0.5510204081632655,71.9,0.5,true
59,Norfolk State,0.5510204081632655,71.9,0.5,true
60,SIU Edwardsville,0.5510204081632655,71.9,0.5,true
61,Arkansas,0.5459183673469385,71.8,0.5,true
62,Cal State Northridge,0.5459183673469385,71.8,0.5,true
63,Stanford,0.5459183673469385,71.8,0.5,true
64,Army,0.5408163265306123,71.7,0.5,true
65,Ball State,0.5408163265306123,71.7,0.5,true
66,Murray State,0.5408163265306123,71.7,0.5,true
67,Rice,0.5408163265306123,71.7,0.5,true
68,Washington State,0.5408163265306123,71.7,0.5,true
69,Gonzaga,0.5357142857142854,71.6,0.5,true
70,Montana State,0.5357142857142854,71.6,0.5,true
71,North Carolina State,0.5357142857142854,71.6,0.5,true
72,Stetson,0.5357142857142854,71.6,0.5,true
73,Grambling,0.5306122448979591,71.5,0.5,true
74,Illinois-Chicago,0.5306122448979591,71.5,0.5,true
75,North Dakota,0.5306122448979591,71.5,0.5,true
76,Ohio,0.5306122448979591,71.5,0.5,true
77,Texas-Rio Grande Valley,0.5306122448979591,71.5,0.5,true
78,Bucknell,0.5255102040816328,71.4,0.5,true
79,Cleveland State,0.5255102040816328,71.4,0.5,true
80,Georgia State,0.5255102040816328,71.4,0.5,true
81,West Virginia,0.5255102040816328,71.4,0.5,true
82,Iona,0.5204081632653058,71.3,0.5,true
83,IUPUI,0.5204081632653058,71.3,0.5,true
84,Jacksonville State,0.5204081632653058,71.3,0.5,true
85,Lamar,0.5204081632653058,71.3,0.5,true
86,San Jose State,0.5204081632653058,71.3,0.5,true
87,Western Carolina,0.5204081632653058,71.3,0.5,true
88,Nicholls State,0.5153061224489797,71.2,0.5,true
89,Samford,0.5153061224489797,71.2,0.5,true
90,South Carolina,0.5153061224489797,71.2,0.5,true
91,Tennessee-Martin,0.5153061224489797,71.2,0.5,true
92,Florida Gulf Coast,0.5102040816326526,71.1,0.5,true
93,North Alabama,0.5102040816326526,71.1,0.5,true
94,DePaul,0.5051020408163264,71.0,0.5,true
95,Illinois,0.5051020408163264,71.0,0.5,true
96,Nevada,0.5051020408163264,71.0,0.5,true
97,Southern California,0.5051020408163264,71.0,0.5,true
98,Kennesaw State,0.5000000000000002,70.9,0.5,true
99,Evansville,0.49489795918367324,70.8,0.5,true
100,Coastal Carolina,0.489795918367347,70.7,0.5,true
101,New Orleans,0.489795918367347,70.7,0.5,true
102,Northwestern State,0.489795918367347,70.7,0.5,true
103,Pepperdine,0.489795918367347,70.7,0.5,true
104,Saint Francis (PA),0.489795918367347,70.7,0.5,true
105,Marquette,0.48469387755102,70.6,0.5,true
106,Mississippi Valley State,0.48469387755102,70.6,0.5,true
107,Morehead State,0.48469387755102,70.6,0.5,true
108,Youngstown State,0.48469387755102,70.6,0.5,true
109,Duquesne,0.47959183673469374,70.5,0.5,true
110,Louisiana State,0.47959183673469374,70.5,0.5,true
111,St. Francis (NY),0.47959183673469374,70.5,0.5,true
112,Cal State Fullerton,0.47448979591836754,70.4,0.5,true
113,Central Connecticut State,0.47448979591836754,70.4,0.5,true
114,Detroit Mercy,0.47448979591836754,70.4,0.5,true
115,Florida Atlantic,0.47448979591836754,70.4,0.5,true
116,Georgia,0.47448979591836754,70.4,0.5,true
117,Lafayette,0.47448979591836754,70.4,0.5,true
118,Loyola (MD),0.47448979591836754,70.4,0.5,true
119,Niagara,0.47448979591836754,70.4,0.5,true
120,California Baptist,0.46938775510204056,70.3,0.5,true
121,Iowa,0.46938775510204056,70.3,0.5,true
122,Kansas,0.46938775510204056,70.3,0.5,true
123,Middle Tennessee,0.46938775510204056,70.3,0.5,true
124,North Carolina-Wilmington,0.46938775510204056,70.3,0.5,true
125,Temple,0.46938775510204056,70.3,0.5,true
126,Arkansas State,0.4642857142857143,70.2,0.5,true
127,Creighton,0.4642857142857143,70.2,0.5,true
128,Southeast Missouri State,0.4642857142857143,70.2,0.5,true
129,Western Michigan,0.4642857142857143,70.2,0.5,true
130,Wyoming,0.4642857142857143,70.2,0.5,true
131,Seton Hall,0.4591836734693874,70.1,0.5,true
132,Utah Valley,0.4591836734693874,70.1,0.5,true
133,Drexel,0.4540816326530611,70.0,0.5,true
134,East Tennessee State,0.4540816326530611,70.0,0.5,true
135,Omaha,0.4540816326530611,70.0,0.5,true
136,Northern Arizona,0.4540816326530611,70.0,0.5,true
137,Texas-El Paso,0.4540816326530611,70.0,0.5,true
138,Utah State,0.4540816326530611,70.0,0.5,true
139,Alabama,0.44897959183673486,69.9,0.5,true
140,East Carolina,0.44897959183673486,69.9,0.5,true
141,Northern Kentucky,0.44897959183673486,69.9,0.5,true
142,Oakland,0.44897959183673486,69.9,0.5,true
143,Tulsa,0.44897959183673486,69.9,0.5,true
144,Oklahoma,0.44387755102040793,69.8,0.5,true
145,Princeton,0.44387755102040793,69.8,0.5,true
146,Seattle,0.44387755102040793,69.8,0.5,true
147,Stephen F. Austin,0.44387755102040793,69.8,0.5,true
148,Toledo,0.44387755102040793,69.8,0.5,true
149,Connecticut,0.4387755102040817,69.7,0.5,true
150,North Carolina-Greensboro,0.4387755102040817,69.7,0.5,true
151,Alabama State,0.4336734693877547,69.6,0.5,true
152,Fresno State,0.4336734693877547,69.6,0.5,true
153,Stony Brook,0.4336734693877547,69.6,0.5,true
154,Tennessee,0.4336734693877547,69.6,0.5,true
155,Texas Christian,0.4336734693877547,69.6,0.5,true
156,Troy,0.4336734693877547,69.6,0.5,true
157,Chattanooga,0.4285714285714285,69.5,0.5,true
158,Colorado,0.4285714285714285,69.5,0.5,true
159,Cornell,0.4285714285714285,69.5,0.5,true
160,Eastern Washington,0.4285714285714285,69.5,0.5,true
161,La Salle,0.4285714285714285,69.5,0.5,true
162,Mount St. Mary's,0.4285714285714285,69.5,0.5,true
163,Presbyterian,0.4285714285714285,69.5,0.5,true
164,Western Illinois,0.4285714285714285,69.5,0.5,true
165,Columbia,0.42346938775510223,69.4,0.5,true
166,Drake,0.42346938775510223,69.4,0.5,true
167,Grand Canyon,0.42346938775510223,69.4,0.5,true
168,Kent State,0.42346938775510223,69.4,0.5,true
169,Sacramento State,0.42346938775510223,69.4,0.5,true
170,South Carolina Upstate,0.42346938775510223,69.4,0.5,true
171,Texas A&M,0.42346938775510223,69.4,0.5,true
172,Auburn,0.41836734693877525,69.3,0.5,true
173,Indiana State,0.41836734693877525,69.3,0.5,true
174,Bryant,0.41326530612244905,69.2,0.5,true
175,Florida State,0.41326530612244905,69.2,0.5,true
176,Louisiana-Monroe,0.41326530612244905,69.2,0.5,true
177,Mississippi,0.41326530612244905,69.2,0.5,true
178,South Carolina State,0.41326530612244905,69.2,0.5,true
179,William & Mary,0.41326530612244905,69.2,0.5,true
180,Denver,0.40816326530612207,69.1,0.5,true
181,Mercer,0.40816326530612207,69.1,0.5,true
182,Oral Roberts,0.40816326530612207,69.1,0.5,true
183,Pennsylvania,0.40816326530612207,69.1,0.5,true
184,South Florida,0.40816326530612207,69.1,0.5,true
185,Wichita State,0.40816326530612207,69.1,0.5,true
186,Eastern Illinois,0.4030612244897958,69.0,0.5,true
187,Elon,0.4030612244897958,69.0,0.5,true
188,Nevada-Las Vegas,0.4030612244897958,69.0,0.5,true
189,Texas-Arlington,0.4030612244897958,69.0,0.5,true
190,Virginia Commonwealth,0.4030612244897958,69.0,0.5,true
191,Western Kentucky,0.4030612244897958,69.0,0.5,true
192,Colorado State,0.39795918367346955,68.9,0.5,true
193,Idaho State,0.39795918367346955,68.9,0.5,true
194,Longwood,0.39795918367346955,68.9,0.5,true
195,Milwaukee,0.39795918367346955,68.9,0.5,true
196,NJIT,0.39795918367346955,68.9,0.5,true
197,San Diego State,0.39795918367346955,68.9,0.5,true
198,South Alabama,0.39795918367346955,68.9,0.5,true
199,Vanderbilt,0.39795918367346955,68.9,0.5,true
200,Alcorn State,0.3928571428571426,68.8,0.5,true
201,Miami (OH),0.3928571428571426,68.8,0.5,true
202,Saint Joseph's,0.3928571428571426,68.8,0.5,true
203,Wake Forest,0.3928571428571426,68.8,0.5,true
204,Gardner-Webb,0.38775510204081637,68.7,0.5,true
205,Providence,0.38775510204081637,68.7,0.5,true
206,Wofford,0.38775510204081637,68.7,0.5,true
207,Arizona,0.3826530612244894,68.6,0.5,true
208,Fairleigh Dickinson,0.3826530612244894,68.6,0.5,true
209,Missouri-Kansas City,0.3826530612244894,68.6,0.5,true
210,North Carolina Central,0.3826530612244894,68.6,0.5,true
211,Northern Colorado,0.3826530612244894,68.6,0.5,true
212,Pittsburgh,0.3826530612244894,68.6,0.5,true
213,Akron,0.3775510204081632,68.5,0.5,true
214,University of California,0.3775510204081632,68.5,0.5,true
215,Canisius,0.3775510204081632,68.5,0.5,true
216,Harvard,0.3775510204081632,68.5,0.5,true
217,Louisville,0.3775510204081632,68.5,0.5,true
218,Miami (FL),0.3775510204081632,68.5,0.5,true
219,Michigan State,0.3775510204081632,68.5,0.5,true
220,Mississippi State,0.3775510204081632,68.5,0.5,true
221,Montana,0.3775510204081632,68.5,0.5,true
222,Sam Houston State,0.3775510204081632,68.5,0.5,true
223,Boston College,0.3724489795918369,68.4,0.5,true
224,Iowa State,0.3724489795918369,68.4,0.5,true
225,Massachusetts,0.3724489795918369,68.4,0.5,true
226,McNeese State,0.3724489795918369,68.4,0.5,true
227,Monmouth,0.3724489795918369,68.4,0.5,true
228,Northern Illinois,0.3724489795918369,68.4,0.5,true
229,Portland,0.3724489795918369,68.4,0.5,true
230,Southern,0.3724489795918369,68.4,0.5,true
231,Dartmouth,0.36734693877550995,68.3,0.5,true
232,Furman,0.36734693877550995,68.3,0.5,true
233,Navy,0.36734693877550995,68.3,0.5,true
234,New Mexico State,0.36734693877550995,68.3,0.5,true
235,Texas State,0.36734693877550995,68.3,0.5,true
236,Penn State,0.36224489795918374,68.2,0.5,true
237,Rhode Island,0.36224489795918374,68.2,0.5,true
238,Boston University,0.35714285714285676,68.1,0.5,true
239,Fairfield,0.35714285714285676,68.1,0.5,true
240,George Mason,0.35714285714285676,68.1,0.5,true
241,Georgia Tech,0.35714285714285676,68.1,0.5,true
242,Hofstra,0.35714285714285676,68.1,0.5,true
243,Indiana,0.35714285714285676,68.1,0.5,true
244,Robert Morris,0.35714285714285676,68.1,0.5,true
245,Rutgers,0.35714285714285676,68.1,0.5,true
246,South Dakota,0.35714285714285676,68.1,0.5,true
247,Hartford,0.3520408163265305,68.0,0.5,true
248,Louisiana Tech,0.3520408163265305,68.0,0.5,true
249,Minnesota,0.3520408163265305,68.0,0.5,true
250,Campbell,0.3469387755102043,67.9,0.5,true
251,Colgate,0.3469387755102043,67.9,0.5,true
252,Idaho,0.3469387755102043,67.9,0.5,true
253,Illinois State,0.3469387755102043,67.9,0.5,true
254,Kentucky,0.3469387755102043,67.9,0.5,true
255,North Carolina A&T,0.3469387755102043,67.9,0.5,true
256,San Diego,0.3469387755102043,67.9,0.5,true
257,Utah,0.3469387755102043,67.9,0.5,true
258,American,0.33673469387755106,67.7,0.5,true
259,Texas Tech,0.33673469387755106,67.7,0.5,true
260,Hawaii,0.3316326530612241,67.6,0.5,true
261,Houston,0.3316326530612241,67.6,0.5,true
262,Quinnipiac,0.3316326530612241,67.6,0.5,true
263,Southeastern Louisiana,0.3316326530612241,67.6,0.5,true
264,Wright State,0.3316326530612241,67.6,0.5,true
265,Alabama A&M,0.3265306122448979,67.5,0.5,true
266,Cal State Bakersfield,0.3265306122448979,67.5,0.5,true
267,George Washington,0.3265306122448979,67.5,0.5,true
268,North Texas,0.3265306122448979,67.5,0.5,true
269,Air Force,0.3214285714285716,67.4,0.5,true
270,Clemson,0.3214285714285716,67.4,0.5,true
271,Jackson State,0.3214285714285716,67.4,0.5,true
272,Santa Clara,0.3214285714285716,67.4,0.5,true
273,Southern Mississippi,0.3214285714285716,67.4,0.5,true
274,Abilene Christian,0.31632653061224464,67.3,0.5,true
275,Arkansas-Pine Bluff,0.31632653061224464,67.3,0.5,true
276,Binghamton,0.31632653061224464,67.3,0.5,true
277,Nebraska,0.31632653061224464,67.3,0.5,true
278,San Francisco,0.31632653061224464,67.3,0.5,true
279,Syracuse,0.31632653061224464,67.3,0.5,true
280,Texas A&M-Corpus Christi,0.31632653061224464,67.3,0.5,true
281,Butler,0.31122448979591844,67.2,0.5,true
282,Central Florida,0.31122448979591844,67.2,0.5,true
283,Oregon State,0.31122448979591844,67.2,0.5,true
284,Florida A&M,0.30612244897959145,67.1,0.5,true
285,New Hampshire,0.30612244897959145,67.1,0.5,true
286,Oklahoma State,0.30612244897959145,67.1,0.5,true
287,Saint Louis,0.30612244897959145,67.1,0.5,true
288,Washington,0.30612244897959145,67.1,0.5,true
289,UC-Davis,0.3010204081632652,67.0,0.5,true
290,Cal Poly,0.290816326530612,66.8,0.5,true
291,Northwestern,0.290816326530612,66.8,0.5,true
292,Ohio State,0.290816326530612,66.8,0.5,true
293,Southern Illinois,0.290816326530612,66.8,0.5,true
294,Albany (NY),0.28571428571428575,66.7,0.5,true
295,North Dakota State,0.28571428571428575,66.7,0.5,true
296,Pacific,0.28571428571428575,66.7,0.5,true
297,Baylor,0.2806122448979588,66.6,0.5,true
298,Incarnate Word,0.2806122448979588,66.6,0.5,true
299,Richmond,0.2806122448979588,66.6,0.5,true
300,Boise State,0.27551020408163257,66.5,0.5,true
301,Eastern Michigan,0.27551020408163257,66.5,0.5,true
302,Missouri State,0.27551020408163257,66.5,0.5,true
303,Southern Methodist,0.27551020408163257,66.5,0.5,true
304,Xavier,0.27551020408163257,66.5,0.5,true
305,Alabama-Birmingham,0.2704081632653063,66.4,0.5,true
306,Fordham,0.2704081632653063,66.4,0.5,true
307,Notre Dame,0.2704081632653063,66.4,0.5,true
308,Radford,0.2704081632653063,66.4,0.5,true
309,Valparaiso,0.2704081632653063,66.4,0.5,true
310,Wagner,0.2704081632653063,66.4,0.5,true
311,UC-Irvine,0.26530612244897933,66.3,0.5,true
312,College of Charleston,0.26530612244897933,66.3,0.5,true
313,Maryland,0.26530612244897933,66.3,0.5,true
314,Purdue,0.26530612244897933,66.3,0.5,true
315,Vermont,0.26530612244897933,66.3,0.5,true
316,Dayton,0.26020408163265313,66.2,0.5,true
317,Northeastern,0.26020408163265313,66.2,0.5,true
318,Bradley,0.25510204081632615,66.1,0.5,true
319,Missouri,0.25510204081632615,66.1,0.5,true
320,Texas,0.25510204081632615,66.1,0.5,true
321,UC-Santa Barbara,0.24999999999999992,66.0,0.5,true
322,James Madison,0.24999999999999992,66.0,0.5,true
323,Davidson,0.24489795918367366,65.9,0.5,true
324,Oregon,0.24489795918367366,65.9,0.5,true
325,Charlotte,0.2397959183673467,65.8,0.5,true
326,Maryland-Baltimore County,0.2397959183673467,65.8,0.5,true
327,Northern Iowa,0.2397959183673467,65.8,0.5,true
328,Marist,0.2295918367346935,65.6,0.5,true
329,High Point,0.22448979591836726,65.5