


,STL%_Def
Rank,Name,Val,Normalized,Weight,Enabled
1,Michigan,1.0,5.7,0.5,true
2,Cincinnati,0.9701492537313433,5.9,0.5,true
3,Hampton,0.8955223880597014,6.4,0.5,true
4,Nevada,0.8955223880597014,6.4,0.5,true
5,UC-Santa Barbara,0.8656716417910448,6.6,0.5,true
6,Omaha,0.8656716417910448,6.6,0.5,true
7,Presbyterian,0.8656716417910448,6.6,0.5,true
8,Hofstra,0.8507462686567164,6.7,0.5,true
9,Nicholls State,0.8507462686567164,6.7,0.5,true
10,Radford,0.8507462686567164,6.7,0.5,true
11,Norfolk State,0.8358208955223881,6.8,0.5,true
12,Buffalo,0.8208955223880596,6.9,0.5,true
13,Central Michigan,0.8208955223880596,6.9,0.5,true
14,Georgia State,0.8059701492537313,7.0,0.5,true
15,New Mexico State,0.8059701492537313,7.0,0.5,true
16,Prairie View,0.8059701492537313,7.0,0.5,true
17,Wichita State,0.8059701492537313,7.0,0.5,true
18,San Francisco,0.791044776119403,7.1,0.5,true
19,St. John's (NY),0.791044776119403,7.1,0.5,true
20,University of California,0.7761194029850746,7.2,0.5,true
21,Gonzaga,0.7761194029850746,7.2,0.5,true
22,Purdue,0.7761194029850746,7.2,0.5,true
23,Boise State,0.7611940298507464,7.3,0.5,true
24,Nebraska,0.7611940298507464,7.3,0.5,true
25,Northern Illinois,0.7611940298507464,7.3,0.5,true
26,Saint Francis (PA),0.7611940298507464,7.3,0.5,true
27,Saint Joseph's,0.7611940298507464,7.3,0.5,true
28,Southern Methodist,0.7611940298507464,7.3,0.5,true
29,St. Francis (NY),0.7611940298507464,7.3,0.5,true
30,Georgia Southern,0.7462686567164178,7.4,0.5,true
31,Notre Dame,0.7462686567164178,7.4,0.5,true
32,Old Dominion,0.7462686567164178,7.4,0.5,true
33,South Dakota,0.7462686567164178,7.4,0.5,true
34,Idaho State,0.7313432835820897,7.5,0.5,true
35,Siena,0.7313432835820897,7.5,0.5,true
36,Alabama-Birmingham,0.7164179104477613,7.6,0.5,true
37,Howard,0.7164179104477613,7.6,0.5,true
38,Iowa State,0.7164179104477613,7.6,0.5,true
39,Purdue-Fort Wayne,0.7164179104477613,7.6,0.5,true
40,South Dakota State,0.7164179104477613,7.6,0.5,true
41,Little Rock,0.7014925373134329,7.7,0.5,true
42,Cal State Bakersfield,0.7014925373134329,7.7,0.5,true
43,Cal State Fullerton,0.7014925373134329,7.7,0.5,true
44,UC-Irvine,0.7014925373134329,7.7,0.5,true
45,Davidson,0.7014925373134329,7.7,0.5,true
46,Grand Canyon,0.7014925373134329,7.7,0.5,true
47,Iona,0.7014925373134329,7.7,0.5,true
48,Morgan State,0.7014925373134329,7.7,0.5,true
49,Saint Mary's (CA),0.7014925373134329,7.7,0.5,true
50,Temple,0.7014925373134329,7.7,0.5,true
51,Weber State,0.7014925373134329,7.7,0.5,true
52,Arizona,0.6865671641791045,7.8,0.5,true
53,Austin Peay,0.6865671641791045,7.8,0.5,true
54,Butler,0.6865671641791045,7.8,0.5,true
55,Cal Poly,0.6865671641791045,7.8,0.5,true
56,California Baptist,0.6865671641791045,7.8,0.5,true
57,Canisius,0.6865671641791045,7.8,0.5,true
58,College of Charleston,0.6865671641791045,7.8,0.5,true
59,Evansville,0.6865671641791045,7.8,0.5,true
60,Florida State,0.6865671641791045,7.8,0.5,true
61,Missouri-Kansas City,0.6865671641791045,7.8,0.5,true
62,Northern Arizona,0.6865671641791045,7.8,0.5,true
63,Texas-San Antonio,0.6865671641791045,7.8,0.5,true
64,Virginia Tech,0.6865671641791045,7.8,0.5,true
65,Wisconsin,0.6865671641791045,7.8,0.5,true
66,Brigham Young,0.6716417910447761,7.9,0.5,true
67,Houston,0.6716417910447761,7.9,0.5,true
68,Louisiana-Monroe,0.6716417910447761,7.9,0.5,true
69,North Dakota State,0.6716417910447761,7.9,0.5,true
70,Oregon,0.6716417910447761,7.9,0.5,true
71,South Carolina State,0.6716417910447761,7.9,0.5,true
72,Texas,0.6716417910447761,7.9,0.5,true
73,Wofford,0.6716417910447761,7.9,0.5,true
74,Dayton,0.6567164179104478,8.0,0.5,true
75,Detroit Mercy,0.6567164179104478,8.0,0.5,true
76,Liberty,0.6567164179104478,8.0,0.5,true
77,New Hampshire,0.6567164179104478,8.0,0.5,true
78,Niagara,0.6567164179104478,8.0,0.5,true
79,Northeastern,0.6567164179104478,8.0,0.5,true
80,Seattle,0.6567164179104478,8.0,0.5,true
81,Wright State,0.6567164179104478,8.0,0.5,true
82,Delaware,0.6417910447761195,8.1,0.5,true
83,Fresno State,0.6417910447761195,8.1,0.5,true
84,Illinois,0.6417910447761195,8.1,0.5,true
85,Montana,0.6417910447761195,8.1,0.5,true
86,Murray State,0.6417910447761195,8.1,0.5,true
87,North Carolina-Greensboro,0.6417910447761195,8.1,0.5,true
88,Rider,0.6417910447761195,8.1,0.5,true
89,Southern California,0.6417910447761195,8.1,0.5,true
90,Southern Mississippi,0.6417910447761195,8.1,0.5,true
91,Vermont,0.6417910447761195,8.1,0.5,true
92,Villanova,0.6417910447761195,8.1,0.5,true
93,VMI,0.6417910447761195,8.1,0.5,true
94,Akron,0.6268656716417912,8.2,0.5,true
95,Belmont,0.6268656716417912,8.2,0.5,true
96,Campbell,0.6268656716417912,8.2,0.5,true
97,Gardner-Webb,0.6268656716417912,8.2,0.5,true
98,Louisiana Tech,0.6268656716417912,8.2,0.5,true
99,Montana State,0.6268656716417912,8.2,0.5,true
100,NJIT,0.6268656716417912,8.2,0.5,true
101,Portland State,0.6268656716417912,8.2,0.5,true
102,Sam Houston State,0.6268656716417912,8.2,0.5,true
103,Seton Hall,0.6268656716417912,8.2,0.5,true
104,South Alabama,0.6268656716417912,8.2,0.5,true
105,Youngstown State,0.6268656716417912,8.2,0.5,true
106,Abilene Christian,0.6119402985074627,8.3,0.5,true
107,Auburn,0.6119402985074627,8.3,0.5,true
108,Cal State Northridge,0.6119402985074627,8.3,0.5,true
109,Central Florida,0.6119402985074627,8.3,0.5,true
110,Eastern Kentucky,0.6119402985074627,8.3,0.5,true
111,Fordham,0.6119402985074627,8.3,0.5,true
112,Kent State,0.6119402985074627,8.3,0.5,true
113,Kentucky,0.6119402985074627,8.3,0.5,true
114,Longwood,0.6119402985074627,8.3,0.5,true
115,Louisiana,0.6119402985074627,8.3,0.5,true
116,Miami (FL),0.6119402985074627,8.3,0.5,true
117,Milwaukee,0.6119402985074627,8.3,0.5,true
118,Morehead State,0.6119402985074627,8.3,0.5,true
119,Northern Kentucky,0.6119402985074627,8.3,0.5,true
120,Towson,0.6119402985074627,8.3,0.5,true
121,Arkansas State,0.5970149253731343,8.4,0.5,true
122,Arkansas,0.5970149253731343,8.4,0.5,true
123,Boston College,0.5970149253731343,8.4,0.5,true
124,Clemson,0.5970149253731343,8.4,0.5,true
125,Colorado State,0.5970149253731343,8.4,0.5,true
126,Hawaii,0.5970149253731343,8.4,0.5,true
127,Indiana State,0.5970149253731343,8.4,0.5,true
128,Louisville,0.5970149253731343,8.4,0.5,true
129,Maryland-Baltimore County,0.5970149253731343,8.4,0.5,true
130,Mississippi Valley State,0.5970149253731343,8.4,0.5,true
131,Rhode Island,0.5970149253731343,8.4,0.5,true
132,Richmond,0.5970149253731343,8.4,0.5,true
133,Southeast Missouri State,0.5970149253731343,8.4,0.5,true
134,Texas-Rio Grande Valley,0.5970149253731343,8.4,0.5,true
135,Western Illinois,0.5970149253731343,8.4,0.5,true
136,Western Kentucky,0.5970149253731343,8.4,0.5,true
137,Bryant,0.582089552238806,8.5,0.5,true
138,UC-Riverside,0.582089552238806,8.5,0.5,true
139,Denver,0.582089552238806,8.5,0.5,true
140,Eastern Washington,0.582089552238806,8.5,0.5,true
141,Hartford,0.582089552238806,8.5,0.5,true
142,High Point,0.582089552238806,8.5,0.5,true
143,Illinois State,0.582089552238806,8.5,0.5,true
144,Indiana,0.582089552238806,8.5,0.5,true
145,James Madison,0.582089552238806,8.5,0.5,true
146,Marist,0.582089552238806,8.5,0.5,true
147,Northwestern,0.582089552238806,8.5,0.5,true
148,Rice,0.582089552238806,8.5,0.5,true
149,San Diego State,0.582089552238806,8.5,0.5,true
150,Virginia,0.582089552238806,8.5,0.5,true
151,Bradley,0.5671641791044777,8.6,0.5,true
152,Central Arkansas,0.5671641791044777,8.6,0.5,true
153,Florida International,0.5671641791044777,8.6,0.5,true
154,Lipscomb,0.5671641791044777,8.6,0.5,true
155,Marshall,0.5671641791044777,8.6,0.5,true
156,Mississippi State,0.5671641791044777,8.6,0.5,true
157,Missouri State,0.5671641791044777,8.6,0.5,true
158,Utah State,0.5671641791044777,8.6,0.5,true
159,Arizona State,0.5522388059701494,8.7,0.5,true
160,Columbia,0.5522388059701494,8.7,0.5,true
161,Cornell,0.5522388059701494,8.7,0.5,true
162,Drexel,0.5522388059701494,8.7,0.5,true
163,Fairleigh Dickinson,0.5522388059701494,8.7,0.5,true
164,Holy Cross,0.5522388059701494,8.7,0.5,true
165,Minnesota,0.5522388059701494,8.7,0.5,true
166,Mississippi,0.5522388059701494,8.7,0.5,true
167,North Carolina A&T,0.5522388059701494,8.7,0.5,true
168,North Carolina Central,0.5522388059701494,8.7,0.5,true
169,North Carolina State,0.5522388059701494,8.7,0.5,true
170,Oklahoma State,0.5522388059701494,8.7,0.5,true
171,Pepperdine,0.5522388059701494,8.7,0.5,true
172,Quinnipiac,0.5522388059701494,8.7,0.5,true
173,St. Bonaventure,0.5522388059701494,8.7,0.5,true
174,Stony Brook,0.5522388059701494,8.7,0.5,true
175,Tennessee State,0.5522388059701494,8.7,0.5,true
176,Texas Christian,0.5522388059701494,8.7,0.5,true
177,Troy,0.5522388059701494,8.7,0.5,true
178,Utah,0.5522388059701494,8.7,0.5,true
179,Boston University,0.5373134328358209,8.8,0.5,true
180,Citadel,0.5373134328358209,8.8,0.5,true
181,Creighton,0.5373134328358209,8.8,0.5,true
182,Duke,0.5373134328358209,8.8,0.5,true
183,Lafayette,0.5373134328358209,8.8,0.5,true
184,Lamar,0.5373134328358209,8.8,0.5,true
185,North Carolina-Wilmington,0.5373134328358209,8.8,0.5,true
186,North Carolina,0.5373134328358209,8.8,0.5,true
187,Pacific,0.5373134328358209,8.8,0.5,true
188,Saint Louis,0.5373134328358209,8.8,0.5,true
189,Texas-Arlington,0.5373134328358209,8.8,0.5,true
190,Wagner,0.5373134328358209,8.8,0.5,true
191,Baylor,0.5223880597014925,8.9,0.5,true
192,Bowling Green State,0.5223880597014925,8.9,0.5,true
193,Connecticut,0.5223880597014925,8.9,0.5,true
194,Illinois-Chicago,0.5223880597014925,8.9,0.5,true
195,Loyola (IL),0.5223880597014925,8.9,0.5,true
196,Loyola Marymount,0.5223880597014925,8.9,0.5,true
197,Miami (OH),0.5223880597014925,8.9,0.5,true
198,Mount St. Mary's,0.5223880597014925,8.9,0.5,true
199,Ohio State,0.5223880597014925,8.9,0.5,true
200,Oregon State,0.5223880597014925,8.9,0.5,true
201,South Carolina Upstate,0.5223880597014925,8.9,0.5,true
202,Stanford,0.5223880597014925,8.9,0.5,true
203,Texas State,0.5223880597014925,8.9,0.5,true
204,Brown,0.5074626865671642,9.0,0.5,true
205,Green Bay,0.5074626865671642,9.0,0.5,true
206,Louisiana State,0.5074626865671642,9.0,0.5,true
207,North Alabama,0.5074626865671642,9.0,0.5,true
208,Southern Utah,0.5074626865671642,9.0,0.5,true
209,Stetson,0.5074626865671642,9.0,0.5,true
210,Alabama,0.4925373134328359,9.1,0.5,true
211,Dartmouth,0.4925373134328359,9.1,0.5,true
212,Jacksonville State,0.4925373134328359,9.1,0.5,true
213,Kansas,0.4925373134328359,9.1,0.5,true
214,Missouri,0.4925373134328359,9.1,0.5,true
215,Nevada-Las Vegas,0.4925373134328359,9.1,0.5,true
216,Northern Colorado,0.4925373134328359,9.1,0.5,true
217,Pennsylvania,0.4925373134328359,9.1,0.5,true
218,Savannah State,0.4925373134328359,9.1,0.5,true
219,Tennessee,0.4925373134328359,9.1,0.5,true
220,Washington,0.4925373134328359,9.1,0.5,true
221,La Salle,0.4776119402985076,9.2,0.5,true
222,Oakland,0.4776119402985076,9.2,0.5,true
223,Samford,0.4776119402985076,9.2,0.5,true
224,Southern,0.4776119402985076,9.2,0.5,true
225,Toledo,0.4776119402985076,9.2,0.5,true
226,American,0.462686567164179,9.3,0.5,true
227,Army,0.462686567164179,9.3,0.5,true
228,Ball State,0.462686567164179,9.3,0.5,true
229,Coastal Carolina,0.462686567164179,9.3,0.5,true
230,Idaho,0.462686567164179,9.3,0.5,true
231,Michigan State,0.462686567164179,9.3,0.5,true
232,Portland,0.462686567164179,9.3,0.5,true
233,Princeton,0.462686567164179,9.3,0.5,true
234,Virginia Commonwealth,0.462686567164179,9.3,0.5,true
235,UC-Davis,0.4477611940298507,9.4,0.5,true
236,Charleston Southern,0.4477611940298507,9.4,0.5,true
237,East Carolina,0.4477611940298507,9.4,0.5,true
238,Florida,0.4477611940298507,9.4,0.5,true
239,Iowa,0.4477611940298507,9.4,0.5,true
240,Long Island University,0.4477611940298507,9.4,0.5,true
241,New Mexico,0.4477611940298507,9.4,0.5,true
242,Robert Morris,0.4477611940298507,9.4,0.5,true
243,Sacramento State,0.4477611940298507,9.4,0.5,true
244,Sacred Heart,0.4477611940298507,9.4,0.5,true
245,San Diego,0.4477611940298507,9.4,0.5,true
246,South Carolina,0.4477611940298507,9.4,0.5,true
247,Texas Southern,0.4477611940298507,9.4,0.5,true
248,Texas Tech,0.4477611940298507,9.4,0.5,true
249,UCLA,0.4477611940298507,9.4,0.5,true
250,Vanderbilt,0.4477611940298507,9.4,0.5,true
251,Albany (NY),0.4328358208955224,9.5,0.5,true
252,Appalachian State,0.4328358208955224,9.5,0.5,true
253,Bethune-Cookman,0.4328358208955224,9.5,0.5,true
254,Bucknell,0.4328358208955224,9.5,0.5,true
255,Central Connecticut State,0.4328358208955224,9.5,0.5,true
256,Chattanooga,0.4328358208955224,9.5,0.5,true
257,Cleveland State,0.4328358208955224,9.5,0.5,true
258,Delaware State,0.4328358208955224,9.5,0.5,true
259,DePaul,0.4328358208955224,9.5,0.5,true
260,East Tennessee State,0.4328358208955224,9.5,0.5,true
261,Fairfield,0.4328358208955224,9.5,0.5,true
262,Kansas State,0.4328358208955224,9.5,0.5,true
263,Lehigh,0.4328358208955224,9.5,0.5,true
264,Mercer,0.4328358208955224,9.5,0.5,true
265,Pittsburgh,0.4328358208955224,9.5,0.5,true
266,Rutgers,0.4328358208955224,9.5,0.5,true
267,Santa Clara,0.4328358208955224,9.5,0.5,true
268,Southern Illinois,0.4328358208955224,9.5,0.5,true
269,Tulsa,0.4328358208955224,9.5,0.5,true
270,Yale,0.4328358208955224,9.5,0.5,true
271,Duquesne,0.4179104477611941,9.6,0.5,true
272,IUPUI,0.4179104477611941,9.6,0.5,true
273,North Texas,0.4179104477611941,9.6,0.5,true
274,SIU Edwardsville,0.4179104477611941,9.6,0.5,true
275,Tennessee-Martin,0.4179104477611941,9.6,0.5,true
276,Texas-El Paso,0.4179104477611941,9.6,0.5,true
277,William & Mary,0.4179104477611941,9.6,0.5,true
278,Grambling,0.40298507462686584,9.7,0.5,true
279,Houston Baptist,0.40298507462686584,9.7,0.5,true
280,Massachusetts,0.40298507462686584,9.7,0.5,true
281,Oklahoma,0.40298507462686584,9.7,0.5,true
282,Stephen F. Austin,0.40298507462686584,9.7,0.5,true
283,Texas A&M-Corpus Christi,0.40298507462686584,9.7,0.5,true
284,Utah Valley,0.40298507462686584,9.7,0.5,true
285,Winthrop,0.40298507462686584,9.7,0.5,true
286,Wyoming,0.40298507462686584,9.7,0.5,true
287,Eastern Illinois,0.3880597014925372,9.8,0.5,true
288,Elon,0.3880597014925372,9.8,0.5,true
289,Jacksonville,0.3880597014925372,9.8,0.5,true
290,Marquette,0.3880597014925372,9.8,0.5,true
291,Maryland-Eastern Shore,0.3880597014925372,9.8,0.5,true
292,North Dakota,0.3880597014925372,9.8,0.5,true
293,Oral Roberts,0.3880597014925372,9.8,0.5,true
294,Penn State,0.3880597014925372,9.8,0.5,true
295,Syracuse,0.3880597014925372,9.8,0.5,true
296,Florida Gulf Coast,0.3731343283582089,9.9,0.5,true
297,George Mason,0.3731343283582089,9.9,0.5,true
298,George Washington,0.3731343283582089,9.9,0.5,true
299,Manhattan,0.3731343283582089,9.9,0.5,true
300,Massachusetts-Lowell,0.3731343283582089,9.9,0.5,true
301,Northern Iowa,0.3731343283582089,9.9,0.5,true
302,Providence,0.3731343283582089,9.9,0.5,true
303,South Florida,0.3731343283582089,9.9,0.5,true
304,Eastern Michigan,0.35820895522388063,10.0,0.5,true
305,Monmouth,0.35820895522388063,10.0,0.5,true
306,Colorado,0.34328358208955234,10.1,0.5,true
307,Kennesaw State,0.34328358208955234,10.1,0.5,true
308,Binghamton,0.32835820895522405,10.2,0.5,true
309,Florida A&M,0.32835820895522405,10.2,0.5,true
310,Loyola (MD),0.32835820895522405,10.2,0.5,true
311,McNeese State,0.32835820895522405,10.2,0.5,true
312,Valparaiso,0.32835820895522405,10.2,0.5,true
313,Wake Forest,0.32835820895522405,10.2,0.5,true
314,Washington State,0.32835820895522405,10.2,0.5,true
315,Alabama State,0.31343283582089543,10.3,0.5,true
316,Coppin State,0.31343283582089543,10.3,0.5,true
317,Drake,0.31343283582089543,10.3,0.5,true
318,Georgetown,0.31343283582089543,10.3,0.5,true
319,Georgia Tech,0.31343283582089543,10.3,0.5,true
320,Memphis,0.31343283582089543,10.3,0.5,true
321,Texas A&M,0.31343283582089543,10.3,0.5,true
322,Colgate,0.29850746268656714,10.4,0.5,true
323,Long Beach State,0.29850746268656714,10.4,0.5,true
324,Southeastern Louisiana,0.29850746268656714,10.4,0.5,true
325,Tulane,0.29850746268656714,10.4,0.5,true
326,Xavier,0.29850746268656714,10.4,0.5,true
327,Air Force,0.28358208955223885,10.5,0.5,true
328,Charlotte,0.28358208955223885,10.5,0.5,true
329,Chicago State,0.28358208955223885,10.5,0.5,true
330,Furman,0.28358208955223885,10.5,0.5,true
331,North Carolina-Asheville,0.26865671641791056,10.6,0.5,true
332,Ohio,0.26865671641791056,10.6,0.5,true
333,Florida Atlantic,0.25373134328358227,10.7,0.5,true
334,Georgia,0.25373134328358227,10.7,0.5,true
335,Maryland,0.25373134328358227,10.7,0.5,true
336,Harvard,0.23880597014925364,10.8,0.5,true
337,Navy,0.23880597014925364,10.8,0.5,true
338,Maine,0.2238