


,TOV%_Off
Rank,Name,Val,Normalized,Weight,Enabled
1,Notre Dame,1.0,11.9,0.5,true
2,Michigan,0.9900990099009901,12.0,0.5,true
3,Omaha,0.9900990099009901,12.0,0.5,true
4,Saint Joseph's,0.9900990099009901,12.0,0.5,true
5,Hofstra,0.9504950495049505,12.4,0.5,true
6,Nebraska,0.9504950495049505,12.4,0.5,true
7,Presbyterian,0.9405940594059407,12.5,0.5,true
8,Hampton,0.9306930693069307,12.6,0.5,true
9,Nevada,0.9207920792079209,12.7,0.5,true
10,Gonzaga,0.9108910891089108,12.8,0.5,true
11,St. John's (NY),0.9108910891089108,12.8,0.5,true
12,Virginia,0.9108910891089108,12.8,0.5,true
13,Wisconsin,0.9108910891089108,12.8,0.5,true
14,San Francisco,0.8811881188118813,13.1,0.5,true
15,Campbell,0.8613861386138614,13.3,0.5,true
16,Cincinnati,0.8514851485148515,13.4,0.5,true
17,Buffalo,0.8415841584158417,13.5,0.5,true
18,Purdue,0.8415841584158417,13.5,0.5,true
19,Wofford,0.8316831683168318,13.6,0.5,true
20,Brigham Young,0.8217821782178218,13.7,0.5,true
21,Belmont,0.8118811881188118,13.8,0.5,true
22,Temple,0.8118811881188118,13.8,0.5,true
23,Iowa State,0.801980198019802,13.9,0.5,true
24,Kent State,0.801980198019802,13.9,0.5,true
25,Siena,0.801980198019802,13.9,0.5,true
26,Southern Mississippi,0.801980198019802,13.9,0.5,true
27,Tennessee,0.801980198019802,13.9,0.5,true
28,Central Michigan,0.7920792079207921,14.0,0.5,true
29,Richmond,0.7920792079207921,14.0,0.5,true
30,Austin Peay,0.7821782178217822,14.1,0.5,true
31,College of Charleston,0.7821782178217822,14.1,0.5,true
32,Fordham,0.7821782178217822,14.1,0.5,true
33,Radford,0.7821782178217822,14.1,0.5,true
34,Saint Mary's (CA),0.7821782178217822,14.1,0.5,true
35,Southern Methodist,0.7821782178217822,14.1,0.5,true
36,Bowling Green State,0.7722772277227724,14.2,0.5,true
37,UC-Santa Barbara,0.7722772277227724,14.2,0.5,true
38,Detroit Mercy,0.7722772277227724,14.2,0.5,true
39,Houston,0.7722772277227724,14.2,0.5,true
40,Villanova,0.7722772277227724,14.2,0.5,true
41,Butler,0.7623762376237624,14.3,0.5,true
42,North Dakota State,0.7623762376237624,14.3,0.5,true
43,Northwestern,0.7623762376237624,14.3,0.5,true
44,South Dakota,0.7623762376237624,14.3,0.5,true
45,Texas,0.7623762376237624,14.3,0.5,true
46,Louisiana-Monroe,0.7524752475247525,14.4,0.5,true
47,Vermont,0.7524752475247525,14.4,0.5,true
48,Weber State,0.7524752475247525,14.4,0.5,true
49,Wichita State,0.7524752475247525,14.4,0.5,true
50,Howard,0.7425742574257426,14.5,0.5,true
51,Purdue-Fort Wayne,0.7425742574257426,14.5,0.5,true
52,New Mexico State,0.7425742574257426,14.5,0.5,true
53,North Carolina-Greensboro,0.7425742574257426,14.5,0.5,true
54,Saint Francis (PA),0.7425742574257426,14.5,0.5,true
55,Southern California,0.7425742574257426,14.5,0.5,true
56,Citadel,0.7326732673267327,14.6,0.5,true
57,Louisiana Tech,0.7326732673267327,14.6,0.5,true
58,North Carolina,0.7326732673267327,14.6,0.5,true
59,Western Illinois,0.7326732673267327,14.6,0.5,true
60,Wright State,0.7326732673267327,14.6,0.5,true
61,Arizona,0.7227722772277229,14.7,0.5,true
62,Army,0.7227722772277229,14.7,0.5,true
63,Auburn,0.7227722772277229,14.7,0.5,true
64,Cal State Northridge,0.7227722772277229,14.7,0.5,true
65,Gardner-Webb,0.7227722772277229,14.7,0.5,true
66,Georgia State,0.7227722772277229,14.7,0.5,true
67,Holy Cross,0.7227722772277229,14.7,0.5,true
68,Marshall,0.7227722772277229,14.7,0.5,true
69,Murray State,0.7227722772277229,14.7,0.5,true
70,South Dakota State,0.7227722772277229,14.7,0.5,true
71,Alabama-Birmingham,0.7128712871287128,14.8,0.5,true
72,Cal Poly,0.7128712871287128,14.8,0.5,true
73,University of California,0.7128712871287128,14.8,0.5,true
74,Drexel,0.7128712871287128,14.8,0.5,true
75,Eastern Washington,0.7128712871287128,14.8,0.5,true
76,Green Bay,0.7128712871287128,14.8,0.5,true
77,Texas-San Antonio,0.7128712871287128,14.8,0.5,true
78,VMI,0.7128712871287128,14.8,0.5,true
79,California Baptist,0.7029702970297029,14.9,0.5,true
80,UC-Irvine,0.7029702970297029,14.9,0.5,true
81,Davidson,0.7029702970297029,14.9,0.5,true
82,Miami (FL),0.7029702970297029,14.9,0.5,true
83,Morehead State,0.7029702970297029,14.9,0.5,true
84,North Carolina State,0.7029702970297029,14.9,0.5,true
85,Akron,0.693069306930693,15.0,0.5,true
86,Duke,0.693069306930693,15.0,0.5,true
87,Grand Canyon,0.693069306930693,15.0,0.5,true
88,Iowa,0.693069306930693,15.0,0.5,true
89,Liberty,0.693069306930693,15.0,0.5,true
90,Minnesota,0.693069306930693,15.0,0.5,true
91,Northern Arizona,0.693069306930693,15.0,0.5,true
92,Colorado State,0.6831683168316832,15.1,0.5,true
93,Kansas State,0.6831683168316832,15.1,0.5,true
94,Niagara,0.6831683168316832,15.1,0.5,true
95,Northeastern,0.6831683168316832,15.1,0.5,true
96,Old Dominion,0.6831683168316832,15.1,0.5,true
97,Seattle,0.6831683168316832,15.1,0.5,true
98,Boston College,0.6732673267326734,15.2,0.5,true
99,Florida International,0.6732673267326734,15.2,0.5,true
100,Louisiana,0.6732673267326734,15.2,0.5,true
101,Montana State,0.6732673267326734,15.2,0.5,true
102,Morgan State,0.6732673267326734,15.2,0.5,true
103,Northern Illinois,0.6732673267326734,15.2,0.5,true
104,Prairie View,0.6732673267326734,15.2,0.5,true
105,Seton Hall,0.6732673267326734,15.2,0.5,true
106,Stetson,0.6732673267326734,15.2,0.5,true
107,Charleston Southern,0.6633663366336633,15.3,0.5,true
108,Louisiana State,0.6633663366336633,15.3,0.5,true
109,Rhode Island,0.6633663366336633,15.3,0.5,true
110,Toledo,0.6633663366336633,15.3,0.5,true
111,Boise State,0.6534653465346534,15.4,0.5,true
112,Central Florida,0.6534653465346534,15.4,0.5,true
113,Delaware,0.6534653465346534,15.4,0.5,true
114,Eastern Kentucky,0.6534653465346534,15.4,0.5,true
115,Hawaii,0.6534653465346534,15.4,0.5,true
116,Idaho State,0.6534653465346534,15.4,0.5,true
117,Iona,0.6534653465346534,15.4,0.5,true
118,Nicholls State,0.6534653465346534,15.4,0.5,true
119,Northern Kentucky,0.6534653465346534,15.4,0.5,true
120,Oklahoma,0.6534653465346534,15.4,0.5,true
121,Penn State,0.6534653465346534,15.4,0.5,true
122,Sam Houston State,0.6534653465346534,15.4,0.5,true
123,Virginia Tech,0.6534653465346534,15.4,0.5,true
124,Abilene Christian,0.6435643564356436,15.5,0.5,true
125,Appalachian State,0.6435643564356436,15.5,0.5,true
126,Bucknell,0.6435643564356436,15.5,0.5,true
127,Florida,0.6435643564356436,15.5,0.5,true
128,Louisville,0.6435643564356436,15.5,0.5,true
129,Montana,0.6435643564356436,15.5,0.5,true
130,Oregon,0.6435643564356436,15.5,0.5,true
131,St. Francis (NY),0.6435643564356436,15.5,0.5,true
132,Utah State,0.6435643564356436,15.5,0.5,true
133,Youngstown State,0.6435643564356436,15.5,0.5,true
134,Dartmouth,0.6336633663366338,15.6,0.5,true
135,Milwaukee,0.6336633663366338,15.6,0.5,true
136,Rider,0.6336633663366338,15.6,0.5,true
137,Texas-Rio Grande Valley,0.6336633663366338,15.6,0.5,true
138,Towson,0.6336633663366338,15.6,0.5,true
139,Hartford,0.6237623762376239,15.7,0.5,true
140,Jacksonville State,0.6237623762376239,15.7,0.5,true
141,Mississippi Valley State,0.6237623762376239,15.7,0.5,true
142,Nevada-Las Vegas,0.6237623762376239,15.7,0.5,true
143,Northern Colorado,0.6237623762376239,15.7,0.5,true
144,Princeton,0.6237623762376239,15.7,0.5,true
145,Fresno State,0.6138613861386137,15.8,0.5,true
146,Furman,0.6138613861386137,15.8,0.5,true
147,Georgetown,0.6138613861386137,15.8,0.5,true
148,Lipscomb,0.6138613861386137,15.8,0.5,true
149,Northern Iowa,0.6138613861386137,15.8,0.5,true
150,Oklahoma State,0.6138613861386137,15.8,0.5,true
151,Saint Louis,0.6138613861386137,15.8,0.5,true
152,San Diego State,0.6138613861386137,15.8,0.5,true
153,Syracuse,0.6138613861386137,15.8,0.5,true
154,Arizona State,0.6039603960396039,15.9,0.5,true
155,Cal State Bakersfield,0.6039603960396039,15.9,0.5,true
156,Connecticut,0.6039603960396039,15.9,0.5,true
157,Kentucky,0.6039603960396039,15.9,0.5,true
158,Missouri-Kansas City,0.6039603960396039,15.9,0.5,true
159,North Carolina-Wilmington,0.6039603960396039,15.9,0.5,true
160,Oregon State,0.6039603960396039,15.9,0.5,true
161,Pepperdine,0.6039603960396039,15.9,0.5,true
162,Portland State,0.6039603960396039,15.9,0.5,true
163,Arkansas,0.5940594059405941,16.0,0.5,true
164,Georgia Southern,0.5940594059405941,16.0,0.5,true
165,Illinois,0.5940594059405941,16.0,0.5,true
166,Indiana,0.5940594059405941,16.0,0.5,true
167,Mississippi,0.5940594059405941,16.0,0.5,true
168,North Dakota,0.5940594059405941,16.0,0.5,true
169,William & Mary,0.5940594059405941,16.0,0.5,true
170,Columbia,0.584158415841584,16.1,0.5,true
171,Kansas,0.584158415841584,16.1,0.5,true
172,Missouri State,0.584158415841584,16.1,0.5,true
173,Pennsylvania,0.584158415841584,16.1,0.5,true
174,Rutgers,0.584158415841584,16.1,0.5,true
175,Texas Tech,0.584158415841584,16.1,0.5,true
176,Yale,0.584158415841584,16.1,0.5,true
177,Miami (OH),0.5742574257425743,16.2,0.5,true
178,Michigan State,0.5742574257425743,16.2,0.5,true
179,New Hampshire,0.5742574257425743,16.2,0.5,true
180,Providence,0.5742574257425743,16.2,0.5,true
181,South Carolina,0.5742574257425743,16.2,0.5,true
182,St. Bonaventure,0.5742574257425743,16.2,0.5,true
183,Tennessee-Martin,0.5742574257425743,16.2,0.5,true
184,Tulsa,0.5742574257425743,16.2,0.5,true
185,Bryant,0.5643564356435643,16.3,0.5,true
186,Chattanooga,0.5643564356435643,16.3,0.5,true
187,Cleveland State,0.5643564356435643,16.3,0.5,true
188,George Washington,0.5643564356435643,16.3,0.5,true
189,Houston Baptist,0.5643564356435643,16.3,0.5,true
190,Illinois State,0.5643564356435643,16.3,0.5,true
191,NJIT,0.5643564356435643,16.3,0.5,true
192,Ohio State,0.5643564356435643,16.3,0.5,true
193,Sacramento State,0.5643564356435643,16.3,0.5,true
194,Wake Forest,0.5643564356435643,16.3,0.5,true
195,Canisius,0.5544554455445546,16.4,0.5,true
196,Eastern Illinois,0.5544554455445546,16.4,0.5,true
197,James Madison,0.5544554455445546,16.4,0.5,true
198,Kennesaw State,0.5544554455445546,16.4,0.5,true
199,Oakland,0.5544554455445546,16.4,0.5,true
200,UCLA,0.5544554455445546,16.4,0.5,true
201,Baylor,0.5445544554455446,16.5,0.5,true
202,Boston University,0.5445544554455446,16.5,0.5,true
203,Creighton,0.5445544554455446,16.5,0.5,true
204,Delaware State,0.5445544554455446,16.5,0.5,true
205,Florida State,0.5445544554455446,16.5,0.5,true
206,Long Beach State,0.5445544554455446,16.5,0.5,true
207,Maryland-Baltimore County,0.5445544554455446,16.5,0.5,true
208,Mercer,0.5445544554455446,16.5,0.5,true
209,Mississippi State,0.5445544554455446,16.5,0.5,true
210,North Alabama,0.5445544554455446,16.5,0.5,true
211,San Diego,0.5445544554455446,16.5,0.5,true
212,SIU Edwardsville,0.5445544554455446,16.5,0.5,true
213,Southern Utah,0.5445544554455446,16.5,0.5,true
214,Texas State,0.5445544554455446,16.5,0.5,true
215,Arkansas State,0.5346534653465345,16.6,0.5,true
216,Binghamton,0.5346534653465345,16.6,0.5,true
217,Cal State Fullerton,0.5346534653465345,16.6,0.5,true
218,East Carolina,0.5346534653465345,16.6,0.5,true
219,Elon,0.5346534653465345,16.6,0.5,true
220,Evansville,0.5346534653465345,16.6,0.5,true
221,George Mason,0.5346534653465345,16.6,0.5,true
222,IUPUI,0.5346534653465345,16.6,0.5,true
223,Lamar,0.5346534653465345,16.6,0.5,true
224,New Mexico,0.5346534653465345,16.6,0.5,true
225,Rice,0.5346534653465345,16.6,0.5,true
226,American,0.5247524752475248,16.7,0.5,true
227,Colgate,0.5247524752475248,16.7,0.5,true
228,DePaul,0.5247524752475248,16.7,0.5,true
229,Alabama,0.5148514851485149,16.8,0.5,true
230,Bradley,0.5148514851485149,16.8,0.5,true
231,Central Connecticut State,0.5148514851485149,16.8,0.5,true
232,Colorado,0.5148514851485149,16.8,0.5,true
233,Dayton,0.5148514851485149,16.8,0.5,true
234,Drake,0.5148514851485149,16.8,0.5,true
235,High Point,0.5148514851485149,16.8,0.5,true
236,Lafayette,0.5148514851485149,16.8,0.5,true
237,Lehigh,0.5148514851485149,16.8,0.5,true
238,Mount St. Mary's,0.5148514851485149,16.8,0.5,true
239,Pittsburgh,0.5148514851485149,16.8,0.5,true
240,Utah,0.5148514851485149,16.8,0.5,true
241,Xavier,0.5148514851485149,16.8,0.5,true
242,Duquesne,0.5049504950495052,16.9,0.5,true
243,Indiana State,0.5049504950495052,16.9,0.5,true
244,Marist,0.5049504950495052,16.9,0.5,true
245,Memphis,0.5049504950495052,16.9,0.5,true
246,North Carolina A&T,0.5049504950495052,16.9,0.5,true
247,Texas Christian,0.5049504950495052,16.9,0.5,true
248,East Tennessee State,0.49504950495049505,17.0,0.5,true
249,Marquette,0.49504950495049505,17.0,0.5,true
250,Maryland,0.49504950495049505,17.0,0.5,true
251,North Texas,0.49504950495049505,17.0,0.5,true
252,Sacred Heart,0.49504950495049505,17.0,0.5,true
253,Samford,0.49504950495049505,17.0,0.5,true
254,Savannah State,0.49504950495049505,17.0,0.5,true
255,Cornell,0.485148514851485,17.1,0.5,true
256,Fairleigh Dickinson,0.485148514851485,17.1,0.5,true
257,Loyola Marymount,0.485148514851485,17.1,0.5,true
258,Texas Southern,0.485148514851485,17.1,0.5,true
259,Troy,0.485148514851485,17.1,0.5,true
260,Washington State,0.485148514851485,17.1,0.5,true
261,Western Kentucky,0.485148514851485,17.1,0.5,true
262,Jacksonville,0.47524752475247534,17.2,0.5,true
263,Loyola (IL),0.47524752475247534,17.2,0.5,true
264,Massachusetts-Lowell,0.47524752475247534,17.2,0.5,true
265,Quinnipiac,0.47524752475247534,17.2,0.5,true
266,South Alabama,0.47524752475247534,17.2,0.5,true
267,Texas A&M,0.47524752475247534,17.2,0.5,true
268,Utah Valley,0.47524752475247534,17.2,0.5,true
269,Air Force,0.4653465346534653,17.3,0.5,true
270,Coastal Carolina,0.4653465346534653,17.3,0.5,true
271,Eastern Michigan,0.4653465346534653,17.3,0.5,true
272,Loyola (MD),0.4653465346534653,17.3,0.5,true
273,Portland,0.4653465346534653,17.3,0.5,true
274,South Carolina Upstate,0.4653465346534653,17.3,0.5,true
275,Stony Brook,0.4653465346534653,17.3,0.5,true
276,Brown,0.45544554455445563,17.4,0.5,true
277,Denver,0.45544554455445563,17.4,0.5,true
278,Massachusetts,0.45544554455445563,17.4,0.5,true
279,Ohio,0.45544554455445563,17.4,0.5,true
280,Pacific,0.45544554455445563,17.4,0.5,true
281,Texas-Arlington,0.45544554455445563,17.4,0.5,true
282,Virginia Commonwealth,0.45544554455445563,17.4,0.5,true
283,Wagner,0.45544554455445563,17.4,0.5,true
284,Washington,0.45544554455445563,17.4,0.5,true
285,Clemson,0.4455445544554456,17.5,0.5,true
286,Jackson State,0.4455445544554456,17.5,0.5,true
287,Oral Roberts,0.4455445544554456,17.5,0.5,true
288,Valparaiso,0.4455445544554456,17.5,0.5,true
289,Winthrop,0.4455445544554456,17.5,0.5,true
290,UC-Riverside,0.4356435643564355,17.6,0.5,true
291,La Salle,0.4356435643564355,17.6,0.5,true
292,Navy,0.4356435643564355,17.6,0.5,true
293,Ball State,0.4257425742574258,17.7,0.5,true
294,UC-Davis,0.4257425742574258,17.7,0.5,true
295,Central Arkansas,0.4257425742574258,17.7,0.5,true
296,Illinois-Chicago,0.4257425742574258,17.7,0.5,true
297,Long Island University,0.4257425742574258,17.7,0.5,true
298,Alabama State,0.41584158415841577,17.8,0.5,true
299,Idaho,0.41584158415841577,17.8,0.5,true
300,Florida Atlantic,0.4059405940594061,17.9,0.5,true
301,Norfolk State,0.4059405940594061,17.9,0.5,true
302,South Carolina State,0.4059405940594061,17.9,0.5,true
303,Southeast Missouri State,0.4059405940594061,17.9,0.5,true
304,Vanderbilt,0.4059405940594061,17.9,0.5,true
305,Monmouth,0.39603960396039606,18.0,0.5,true
306,Texas A&M-Corpus Christi,0.38613861386138604,18.1,0.5,true
307,West Virginia,0.38613861386138604,18.1,0.5,true
308,Fairfield,0.37623762376237635,18.2,0.5,true
309,Maryland-Eastern Shore,0.37623762376237635,18.2,0.5,true
310,Missouri,0.37623762376237635,18.2,0.5,true
311,Stephen F. Austin,0.37623762376237635,18.2,0.5,true
312,Longwood,0.36633663366336633,18.3,0.5,true
313,Stanford,0.36633663366336633,18.3,0.5,true
314,Albany (NY),0.35643564356435664,18.4,0.5,true
315,Bethune-Cookman,0.35643564356435664,18.4,0.5,true
316,Santa Clara,0.35643564356435664,18.4,0.5,true
317,Southern Illinois,0.35643564356435664,18.4,0.5,true
318,McNeese State,0.3465346534653465,18.5,0.5,true
319,Tulane,0.3465346534653465,18.5,0.5,true
320,Robert Morris,0.3366336633663365,18.6,0.5,true
321,Western Michigan,0.3366336633663365,18.6,0.5,true
322,Wyoming,0.3366336633663365,18.6,0.5,true
323,Georgia Tech,0.3267326732673268,18.7,0.5,true
324,New Orleans,0.3267326732673268,18.7,0.5,true
325,Florida Gulf Coast,0.3168316831683168,18.8,0.5,true
326,South Florida,0.3069306930693071,18.9,0.5,true
327,North Carolina Central,0.29702970297029707,19.0,0.5,true
328,San Jose State,0.29702970297029707,19.0,0.5,true
329,Arkansas-Pine Bluff,0.28712871287128705,19.1,0.5,true
330,Maine,0.28712871287128705,19.1,0.5,true
331,North Florida,0.28712871287128705,19.1,0.5,true
332,Nort