


,TRB%_Def
Rank,Name,Val,Normalized,Weight,Enabled
1,East Tennessee State,1.0,42.5,0.5,true
2,New Mexico State,0.9714285714285715,42.9,0.5,true
3,Kentucky,0.9357142857142858,43.4,0.5,true
4,North Carolina,0.9071428571428574,43.8,0.5,true
5,Utah State,0.9071428571428574,43.8,0.5,true
6,Maryland,0.9000000000000001,43.9,0.5,true
7,Michigan State,0.9000000000000001,43.9,0.5,true
8,South Florida,0.8357142857142859,44.8,0.5,true
9,UC-Irvine,0.8285714285714287,44.9,0.5,true
10,High Point,0.8214285714285714,45.0,0.5,true
11,Wofford,0.8214285714285714,45.0,0.5,true
12,Houston,0.8142857142857142,45.1,0.5,true
13,Lamar,0.8142857142857142,45.1,0.5,true
14,UC-Santa Barbara,0.8071428571428569,45.2,0.5,true
15,Colorado,0.8071428571428569,45.2,0.5,true
16,North Carolina Central,0.8000000000000003,45.3,0.5,true
17,Portland State,0.8000000000000003,45.3,0.5,true
18,Baylor,0.7857142857142857,45.5,0.5,true
19,Saint Louis,0.7857142857142857,45.5,0.5,true
20,Saint Mary's (CA),0.7785714285714285,45.6,0.5,true
21,Gonzaga,0.7714285714285712,45.7,0.5,true
22,Jacksonville State,0.7714285714285712,45.7,0.5,true
23,Texas State,0.7714285714285712,45.7,0.5,true
24,Stony Brook,0.7642857142857145,45.8,0.5,true
25,DePaul,0.7571428571428572,45.9,0.5,true
26,Cincinnati,0.7428571428571428,46.1,0.5,true
27,Duke,0.7428571428571428,46.1,0.5,true
28,Purdue,0.7357142857142855,46.2,0.5,true
29,Virginia,0.7357142857142855,46.2,0.5,true
30,Towson,0.7214285714285715,46.4,0.5,true
31,Bowling Green State,0.7142857142857143,46.5,0.5,true
32,Cal State Bakersfield,0.7142857142857143,46.5,0.5,true
33,Louisiana State,0.7142857142857143,46.5,0.5,true
34,Vermont,0.7142857142857143,46.5,0.5,true
35,Old Dominion,0.7071428571428571,46.6,0.5,true
36,Winthrop,0.7071428571428571,46.6,0.5,true
37,Florida State,0.6999999999999997,46.7,0.5,true
38,IUPUI,0.6999999999999997,46.7,0.5,true
39,Lipscomb,0.6999999999999997,46.7,0.5,true
40,Nevada-Las Vegas,0.6999999999999997,46.7,0.5,true
41,South Dakota State,0.6999999999999997,46.7,0.5,true
42,Harvard,0.6928571428571431,46.8,0.5,true
43,North Texas,0.6928571428571431,46.8,0.5,true
44,Xavier,0.6928571428571431,46.8,0.5,true
45,Yale,0.6928571428571431,46.8,0.5,true
46,Arizona State,0.6857142857142858,46.9,0.5,true
47,Marquette,0.6857142857142858,46.9,0.5,true
48,Northern Kentucky,0.6857142857142858,46.9,0.5,true
49,West Virginia,0.6857142857142858,46.9,0.5,true
50,Colgate,0.6785714285714286,47.0,0.5,true
51,Sacred Heart,0.6785714285714286,47.0,0.5,true
52,Toledo,0.6785714285714286,47.0,0.5,true
53,Missouri,0.6714285714285713,47.1,0.5,true
54,Coastal Carolina,0.6642857142857141,47.2,0.5,true
55,Mississippi State,0.6642857142857141,47.2,0.5,true
56,North Carolina State,0.6642857142857141,47.2,0.5,true
57,Rutgers,0.6642857142857141,47.2,0.5,true
58,UCLA,0.6642857142857141,47.2,0.5,true
59,Utah Valley,0.6642857142857141,47.2,0.5,true
60,Clemson,0.6571428571428574,47.3,0.5,true
61,Radford,0.6571428571428574,47.3,0.5,true
62,Alabama-Birmingham,0.6500000000000001,47.4,0.5,true
63,Belmont,0.6500000000000001,47.4,0.5,true
64,Florida Atlantic,0.6500000000000001,47.4,0.5,true
65,Loyola Marymount,0.6500000000000001,47.4,0.5,true
66,Murray State,0.6500000000000001,47.4,0.5,true
67,Texas A&M-Corpus Christi,0.6500000000000001,47.4,0.5,true
68,Buffalo,0.6428571428571428,47.5,0.5,true
69,Louisville,0.6428571428571428,47.5,0.5,true
70,Navy,0.6357142857142857,47.6,0.5,true
71,North Carolina-Wilmington,0.6357142857142857,47.6,0.5,true
72,Tennessee,0.6357142857142857,47.6,0.5,true
73,Western Carolina,0.6357142857142857,47.6,0.5,true
74,Wright State,0.6357142857142857,47.6,0.5,true
75,Middle Tennessee,0.6285714285714283,47.7,0.5,true
76,Utah,0.6285714285714283,47.7,0.5,true
77,Alabama,0.6214285714285717,47.8,0.5,true
78,Dayton,0.6214285714285717,47.8,0.5,true
79,Georgetown,0.6214285714285717,47.8,0.5,true
80,Houston Baptist,0.6214285714285717,47.8,0.5,true
81,Northern Colorado,0.6214285714285717,47.8,0.5,true
82,Saint Francis (PA),0.6214285714285717,47.8,0.5,true
83,San Francisco,0.6214285714285717,47.8,0.5,true
84,Southeastern Louisiana,0.6214285714285717,47.8,0.5,true
85,Wake Forest,0.6214285714285717,47.8,0.5,true
86,Bethune-Cookman,0.6142857142857143,47.9,0.5,true
87,Georgia,0.6142857142857143,47.9,0.5,true
88,Grand Canyon,0.6142857142857143,47.9,0.5,true
89,Oral Roberts,0.6142857142857143,47.9,0.5,true
90,Seattle,0.6142857142857143,47.9,0.5,true
91,Virginia Tech,0.6142857142857143,47.9,0.5,true
92,California Baptist,0.6071428571428572,48.0,0.5,true
93,Massachusetts,0.6071428571428572,48.0,0.5,true
94,Miami (OH),0.6071428571428572,48.0,0.5,true
95,Montana,0.6071428571428572,48.0,0.5,true
96,Wagner,0.6071428571428572,48.0,0.5,true
97,Drexel,0.5999999999999999,48.1,0.5,true
98,Villanova,0.5999999999999999,48.1,0.5,true
99,Minnesota,0.5928571428571426,48.2,0.5,true
100,San Diego,0.5928571428571426,48.2,0.5,true
101,Austin Peay,0.5857142857142859,48.3,0.5,true
102,Kansas,0.5857142857142859,48.3,0.5,true
103,Liberty,0.5857142857142859,48.3,0.5,true
104,Memphis,0.5857142857142859,48.3,0.5,true
105,Nevada,0.5857142857142859,48.3,0.5,true
106,Oregon State,0.5857142857142859,48.3,0.5,true
107,Texas Christian,0.5857142857142859,48.3,0.5,true
108,Wichita State,0.5857142857142859,48.3,0.5,true
109,Penn State,0.5785714285714287,48.4,0.5,true
110,Texas-Arlington,0.5785714285714287,48.4,0.5,true
111,Western Kentucky,0.5785714285714287,48.4,0.5,true
112,Arkansas State,0.5714285714285714,48.5,0.5,true
113,Ball State,0.5714285714285714,48.5,0.5,true
114,Boston University,0.5714285714285714,48.5,0.5,true
115,Central Florida,0.5714285714285714,48.5,0.5,true
116,Denver,0.5714285714285714,48.5,0.5,true
117,Sam Houston State,0.5714285714285714,48.5,0.5,true
118,Texas Tech,0.5714285714285714,48.5,0.5,true
119,Western Michigan,0.5714285714285714,48.5,0.5,true
120,Youngstown State,0.5714285714285714,48.5,0.5,true
121,Drake,0.5642857142857142,48.6,0.5,true
122,Oregon,0.5642857142857142,48.6,0.5,true
123,Stanford,0.5642857142857142,48.6,0.5,true
124,George Mason,0.5571428571428569,48.7,0.5,true
125,Rice,0.5571428571428569,48.7,0.5,true
126,Furman,0.5500000000000003,48.8,0.5,true
127,Pacific,0.5500000000000003,48.8,0.5,true
128,Rhode Island,0.5500000000000003,48.8,0.5,true
129,San Diego State,0.5500000000000003,48.8,0.5,true
130,Hawaii,0.5428571428571429,48.9,0.5,true
131,Mississippi,0.5428571428571429,48.9,0.5,true
132,Providence,0.5428571428571429,48.9,0.5,true
133,Eastern Michigan,0.5357142857142857,49.0,0.5,true
134,Fresno State,0.5357142857142857,49.0,0.5,true
135,Kent State,0.5357142857142857,49.0,0.5,true
136,Ohio State,0.5357142857142857,49.0,0.5,true
137,Virginia Commonwealth,0.5357142857142857,49.0,0.5,true
138,Abilene Christian,0.5285714285714285,49.1,0.5,true
139,Bradley,0.5285714285714285,49.1,0.5,true
140,Charleston Southern,0.5285714285714285,49.1,0.5,true
141,Davidson,0.5285714285714285,49.1,0.5,true
142,Northern Illinois,0.5285714285714285,49.1,0.5,true
143,Ohio,0.5285714285714285,49.1,0.5,true
144,Saint Peter's,0.5285714285714285,49.1,0.5,true
145,Indiana,0.5214285714285712,49.2,0.5,true
146,Kansas State,0.5214285714285712,49.2,0.5,true
147,Longwood,0.5214285714285712,49.2,0.5,true
148,North Carolina-Greensboro,0.5214285714285712,49.2,0.5,true
149,Quinnipiac,0.5214285714285712,49.2,0.5,true
150,Southern Illinois,0.5214285714285712,49.2,0.5,true
151,Southern Methodist,0.5214285714285712,49.2,0.5,true
152,Texas Southern,0.5214285714285712,49.2,0.5,true
153,Valparaiso,0.5214285714285712,49.2,0.5,true
154,Connecticut,0.5142857142857145,49.3,0.5,true
155,Georgia Southern,0.5142857142857145,49.3,0.5,true
156,Grambling,0.5142857142857145,49.3,0.5,true
157,Hofstra,0.5142857142857145,49.3,0.5,true
158,Iowa,0.5142857142857145,49.3,0.5,true
159,Loyola (IL),0.5142857142857145,49.3,0.5,true
160,Texas A&M,0.5142857142857145,49.3,0.5,true
161,Jackson State,0.5071428571428572,49.4,0.5,true
162,James Madison,0.5071428571428572,49.4,0.5,true
163,Louisiana Tech,0.5071428571428572,49.4,0.5,true
164,McNeese State,0.5071428571428572,49.4,0.5,true
165,South Carolina State,0.5071428571428572,49.4,0.5,true
166,St. Bonaventure,0.5071428571428572,49.4,0.5,true
167,Arizona,0.5,49.5,0.5,true
168,UC-Riverside,0.5,49.5,0.5,true
169,Iowa State,0.5,49.5,0.5,true
170,Jacksonville,0.5,49.5,0.5,true
171,Lehigh,0.5,49.5,0.5,true
172,American,0.49285714285714277,49.6,0.5,true
173,Cal State Fullerton,0.49285714285714277,49.6,0.5,true
174,College of Charleston,0.49285714285714277,49.6,0.5,true
175,Oklahoma,0.49285714285714277,49.6,0.5,true
176,Rider,0.49285714285714277,49.6,0.5,true
177,Texas-El Paso,0.49285714285714277,49.6,0.5,true
178,Brown,0.48571428571428554,49.7,0.5,true
179,Dartmouth,0.48571428571428554,49.7,0.5,true
180,Maryland-Baltimore County,0.48571428571428554,49.7,0.5,true
181,Princeton,0.48571428571428554,49.7,0.5,true
182,Robert Morris,0.48571428571428554,49.7,0.5,true
183,Samford,0.48571428571428554,49.7,0.5,true
184,Hampton,0.47857142857142876,49.8,0.5,true
185,Michigan,0.47857142857142876,49.8,0.5,true
186,New Mexico,0.47857142857142876,49.8,0.5,true
187,Norfolk State,0.47857142857142876,49.8,0.5,true
188,Southern Mississippi,0.47857142857142876,49.8,0.5,true
189,Air Force,0.47142857142857153,49.9,0.5,true
190,Central Connecticut State,0.47142857142857153,49.9,0.5,true
191,Long Island University,0.47142857142857153,49.9,0.5,true
192,Northeastern,0.47142857142857153,49.9,0.5,true
193,Vanderbilt,0.47142857142857153,49.9,0.5,true
194,Monmouth,0.4642857142857143,50.0,0.5,true
195,Northern Iowa,0.4642857142857143,50.0,0.5,true
196,Sacramento State,0.4642857142857143,50.0,0.5,true
197,Southern Utah,0.4642857142857143,50.0,0.5,true
198,Tennessee State,0.4642857142857143,50.0,0.5,true
199,Alcorn State,0.4571428571428571,50.1,0.5,true
200,Eastern Washington,0.4571428571428571,50.1,0.5,true
201,Pittsburgh,0.4571428571428571,50.1,0.5,true
202,Seton Hall,0.4571428571428571,50.1,0.5,true
203,South Carolina,0.4571428571428571,50.1,0.5,true
204,William & Mary,0.4571428571428571,50.1,0.5,true
205,Albany (NY),0.44999999999999984,50.2,0.5,true
206,Little Rock,0.44999999999999984,50.2,0.5,true
207,Auburn,0.44999999999999984,50.2,0.5,true
208,Boise State,0.44999999999999984,50.2,0.5,true
209,Bucknell,0.44999999999999984,50.2,0.5,true
210,Central Michigan,0.44999999999999984,50.2,0.5,true
211,Colorado State,0.44999999999999984,50.2,0.5,true
212,Creighton,0.44999999999999984,50.2,0.5,true
213,Massachusetts-Lowell,0.44999999999999984,50.2,0.5,true
214,Niagara,0.44999999999999984,50.2,0.5,true
215,North Florida,0.44999999999999984,50.2,0.5,true
216,Pennsylvania,0.44999999999999984,50.2,0.5,true
217,Wisconsin,0.44999999999999984,50.2,0.5,true
218,Columbia,0.44285714285714306,50.3,0.5,true
219,Missouri State,0.44285714285714306,50.3,0.5,true
220,Presbyterian,0.44285714285714306,50.3,0.5,true
221,Florida,0.43571428571428583,50.4,0.5,true
222,Montana State,0.43571428571428583,50.4,0.5,true
223,New Orleans,0.43571428571428583,50.4,0.5,true
224,San Jose State,0.43571428571428583,50.4,0.5,true
225,Gardner-Webb,0.4285714285714286,50.5,0.5,true
226,Illinois State,0.4285714285714286,50.5,0.5,true
227,Arkansas-Pine Bluff,0.4214285714285714,50.6,0.5,true
228,Fairleigh Dickinson,0.4214285714285714,50.6,0.5,true
229,Louisiana-Monroe,0.4214285714285714,50.6,0.5,true
230,North Alabama,0.4214285714285714,50.6,0.5,true
231,Milwaukee,0.41428571428571404,50.7,0.5,true
232,Santa Clara,0.41428571428571404,50.7,0.5,true
233,St. Francis (NY),0.41428571428571404,50.7,0.5,true
234,Texas,0.41428571428571404,50.7,0.5,true
235,Eastern Illinois,0.40714285714285736,50.8,0.5,true
236,Mercer,0.40714285714285736,50.8,0.5,true
237,Omaha,0.40714285714285736,50.8,0.5,true
238,Texas-San Antonio,0.40714285714285736,50.8,0.5,true
239,Brigham Young,0.3928571428571429,51.0,0.5,true
240,Manhattan,0.3928571428571429,51.0,0.5,true
241,Stephen F. Austin,0.3928571428571429,51.0,0.5,true
242,Weber State,0.3928571428571429,51.0,0.5,true
243,Alabama State,0.38571428571428557,51.1,0.5,true
244,Army,0.38571428571428557,51.1,0.5,true
245,Purdue-Fort Wayne,0.38571428571428557,51.1,0.5,true
246,La Salle,0.38571428571428557,51.1,0.5,true
247,NJIT,0.38571428571428557,51.1,0.5,true
248,North Dakota State,0.38571428571428557,51.1,0.5,true
249,North Dakota,0.38571428571428557,51.1,0.5,true
250,Western Illinois,0.38571428571428557,51.1,0.5,true
251,Coppin State,0.37857142857142834,51.2,0.5,true
252,Delaware,0.37857142857142834,51.2,0.5,true
253,Maine,0.37857142857142834,51.2,0.5,true
254,Marist,0.37857142857142834,51.2,0.5,true
255,Morehead State,0.37857142857142834,51.2,0.5,true
256,Southeast Missouri State,0.37857142857142834,51.2,0.5,true
257,Troy,0.37857142857142834,51.2,0.5,true
258,Boston College,0.37142857142857166,51.3,0.5,true
259,Kennesaw State,0.37142857142857166,51.3,0.5,true
260,Long Beach State,0.37142857142857166,51.3,0.5,true
261,Southern California,0.37142857142857166,51.3,0.5,true
262,Appalachian State,0.36428571428571443,51.4,0.5,true
263,Chattanooga,0.36428571428571443,51.4,0.5,true
264,Idaho State,0.36428571428571443,51.4,0.5,true
265,Northern Arizona,0.36428571428571443,51.4,0.5,true
266,Oklahoma State,0.36428571428571443,51.4,0.5,true
267,Tennessee-Martin,0.36428571428571443,51.4,0.5,true
268,Tulane,0.36428571428571443,51.4,0.5,true
269,Tulsa,0.36428571428571443,51.4,0.5,true
270,Butler,0.3571428571428571,51.5,0.5,true
271,Iona,0.3571428571428571,51.5,0.5,true
272,Louisiana,0.3571428571428571,51.5,0.5,true
273,Howard,0.34999999999999987,51.6,0.5,true
274,Illinois-Chicago,0.34999999999999987,51.6,0.5,true
275,Indiana State,0.34999999999999987,51.6,0.5,true
276,Northwestern,0.34999999999999987,51.6,0.5,true
277,Notre Dame,0.34999999999999987,51.6,0.5,true
278,Syracuse,0.34999999999999987,51.6,0.5,true
279,Charlotte,0.34285714285714264,51.7,0.5,true
280,Florida Gulf Coast,0.34285714285714264,51.7,0.5,true
281,Georgia Tech,0.34285714285714264,51.7,0.5,true
282,Lafayette,0.34285714285714264,51.7,0.5,true
283,Loyola (MD),0.34285714285714264,51.7,0.5,true
284,Tennessee Tech,0.34285714285714264,51.7,0.5,true
285,Washington State,0.34285714285714264,51.7,0.5,true
286,Akron,0.33571428571428596,51.8,0.5,true
287,Central Arkansas,0.33571428571428596,51.8,0.5,true
288,Duquesne,0.33571428571428596,51.8,0.5,true
289,Saint Joseph's,0.33571428571428596,51.8,0.5,true
290,SIU Edwardsville,0.33571428571428596,51.8,0.5,true
291,Cal State Northridge,0.3285714285714286,51.9,0.5,true
292,Nebraska,0.3285714285714286,51.9,0.5,true
293,Washington,0.3285714285714286,51.9,0.5,true
294,Campbell,0.3214285714285714,52.0,0.5,true
295,Elon,0.3214285714285714,52.0,0.5,true
296,Temple,0.3214285714285714,52.0,0.5,true
297,East Carolina,0.31428571428571417,52.1,0.5,true
298,Florida A&M,0.31428571428571417,52.1,0.5,true
299,South Dakota,0.31428571428571417,52.1,0.5,true
300,Southern,0.31428571428571417,52.1,0.5,true
301,New Hampshire,0.30714285714285694,52.2,0.5,true
302,North Carolina A&T,0.30714285714285694,52.2,0.5,true
303,Northwestern State,0.30714285714285694,52.2,0.5,true
304,Stetson,0.30714285714285694,52.2,0.5,true
305,Citadel,0.30000000000000016,52.3,0.5,true
306,Idaho,0.30000000000000016,52.3,0.5,true
307,Miami (FL),0.30000000000000016,52.3,0.5,true
308,Fairfield,0.2928571428571429,52.4,0.5,true
309,Green Bay,0.2928571428571429,52.4,0.5,true
310,Mississippi Valley State,0.2928571428571429,52.4,0.5,true
311,South Alabama,0.2928571428571429,52.4,0.5,true
312,Cleveland State,0.2857142857142857,52.5,0.5,true
313,Eastern Kentucky,0.2857142857142857,52.5,0.5,true
314,Fordham,0.2857142857142857,52.5,0.5,true
315,Illinois,0.2857142857142857,52.5,0.5,true
316,George Washington,0.27857142857142847,52.6,0.5,true
317,Hartford,0.27857142857142847,52.6,0.5,true
318,Mount St. Mary's,0.27857142857142847,52.6,0.5,true
319,Oakland,0.27857142857142847,52.6,0.5,true
320,Pepperdine,0.27857142857142847,52.6,0.5,true
321,Bryant,0.27142857142857124,52.7,0.5,true
322,Canisius,0.27142857142857124,52.7,0.5,true
323,Evansville,0.27142857142857124,52.7,0.5,true
324,Morgan State,0.26428571428571446,52.8,0.5,true
325,VMI,0.26428571428571446,52.8,0.5,true
326,Alabama A&M,0.25,53.0,0.5,true
327,Prairie View,0.24285714285714277,53.1,0.5,true
328,Cal Poly,0.23571428571428554,53.2,0.5,true
329,Siena,0.23571428571428554,53.2,0.5,true
330,Arkansas,0.22857142857142876,53.3,0.5,true
331,Cornell,0.22857142857142876,53.3,0.5,true
332,Delaware State,0.2285714285714